CreditScore,Geography,Gender,Age,Tenure,Balance,NumOfProducts,HasCrCard,IsActiveMember,EstimatedSalary,Exited
595,0,1,20.0,4,95830.43,1,1.0,0.0,177738.98,0
689,1,0,63.0,1,0.0,2,1.0,1.0,186526.12,0
814,0,1,31.0,1,118870.92,1,1.0,0.0,101704.19,0
722,0,1,20.0,6,0.0,2,1.0,0.0,195486.28,0
738,0,1,18.0,4,0.0,2,1.0,1.0,47799.15,0
773,0,1,33.0,9,0.0,2,1.0,1.0,1118.31,0
671,0,0,31.0,7,41299.03,1,0.0,1.0,102681.32,0
667,1,0,23.0,6,136100.69,2,0.0,0.0,169669.33,1
661,0,1,39.0,5,0.0,2,0.0,0.0,181461.45,0
738,2,1,43.0,9,121152.05,2,1.0,0.0,64166.7,1
700,1,0,43.0,0,0.0,2,1.0,0.0,59475.35,0
725,2,0,33.0,7,115182.84,2,1.0,1.0,177279.4,0
706,1,0,42.0,8,95386.82,1,1.0,1.0,75732.25,0
607,0,0,21.0,0,0.0,2,1.0,0.0,116106.52,0
713,2,1,45.0,4,131038.14,1,1.0,0.0,74005.04,1
776,2,0,37.0,2,103769.22,2,1.0,0.0,194099.12,0
652,0,0,74.0,5,0.0,2,1.0,1.0,937.15,0
660,1,1,30.0,4,0.0,2,1.0,0.0,129149.06,0
660,2,0,39.0,5,135134.98,1,1.0,0.0,173683.0,1
623,2,1,33.0,2,80002.33,1,1.0,1.0,104079.62,0
485,0,1,41.0,2,100254.76,2,1.0,1.0,12706.67,0
554,0,0,44.0,6,92436.86,1,1.0,0.0,126033.9,0
790,0,0,31.0,9,0.0,2,1.0,0.0,84126.75,0
637,2,0,39.0,9,137843.8,1,1.0,1.0,117622.8,1
573,0,0,47.0,8,154543.98,1,1.0,0.0,29586.73,0
414,0,1,38.0,8,0.0,1,0.0,1.0,77661.12,1
648,1,1,49.0,5,0.0,1,1.0,0.0,149946.44,1
508,0,0,60.0,7,143262.05,1,1.0,1.0,129562.74,0
663,1,1,33.0,9,0.0,2,0.0,0.0,91514.62,0
554,2,0,51.0,7,105701.91,1,0.0,1.0,179797.8,1
538,0,1,37.0,1,134752.08,1,1.0,0.0,162511.55,0
659,1,0,33.0,8,115409.6,1,0.0,1.0,1539.21,0
850,1,1,31.0,6,82613.56,2,1.0,0.0,149170.92,0
850,1,1,34.0,8,199229.14,1,0.0,0.0,68106.29,0
590,1,1,34.0,0,65812.35,2,0.0,1.0,160346.3,0
778,1,1,33.0,5,116474.28,2,1.0,1.0,32757.55,0
613,1,1,37.0,3,171653.17,1,0.0,1.0,5353.12,0
706,1,0,43.0,1,0.0,2,1.0,0.0,31962.77,0
652,1,0,75.0,10,0.0,2,1.0,1.0,114675.75,0
644,1,1,37.0,9,0.0,2,1.0,1.0,96442.86,0
710,0,1,38.0,3,130588.82,1,1.0,1.0,154997.64,0
564,2,1,33.0,3,109341.87,1,1.0,0.0,75632.78,0
587,0,1,38.0,0,0.0,2,1.0,0.0,47414.15,0
529,0,1,30.0,2,116295.29,1,1.0,0.0,75285.47,0
545,1,0,33.0,7,173331.52,1,1.0,0.0,150452.88,0
561,0,1,37.0,5,0.0,2,1.0,0.0,83093.25,0
729,0,0,38.0,7,0.0,2,0.0,0.0,45779.9,0
658,1,1,35.0,9,71829.34,1,1.0,1.0,68141.92,0
850,1,1,30.0,2,0.0,2,0.0,1.0,27937.12,0
570,0,0,46.0,3,0.0,2,0.0,0.0,820.46,0
678,2,0,54.0,1,123699.28,2,0.0,1.0,105221.76,0
555,1,1,33.0,5,127343.4,1,0.0,1.0,121789.3,0
784,1,1,38.0,10,122267.85,1,0.0,0.0,145759.94,0
606,0,0,39.0,3,0.0,2,1.0,0.0,50560.45,1
645,0,0,45.0,8,85325.93,1,0.0,0.0,22558.74,0
589,0,1,32.0,2,0.0,2,0.0,1.0,9468.64,0
691,0,0,33.0,6,0.0,2,1.0,0.0,164074.89,0
703,1,1,31.0,6,0.0,2,1.0,1.0,67667.19,0
639,0,0,42.0,4,0.0,2,0.0,0.0,167682.38,0
430,2,1,36.0,1,138992.48,2,0.0,0.0,122373.42,0
451,2,0,38.0,9,61482.47,1,1.0,1.0,167538.66,0
804,0,0,71.0,8,0.0,2,0.0,1.0,147995.95,0
623,0,1,48.0,5,118469.38,1,1.0,1.0,158590.25,0
551,0,1,35.0,7,129717.3,2,0.0,0.0,86937.2,0
658,2,0,55.0,8,119327.93,1,0.0,1.0,119439.66,0
570,0,1,32.0,9,117337.54,2,0.0,1.0,62810.91,0
615,2,1,43.0,3,86920.86,1,1.0,1.0,150048.38,0
629,0,1,39.0,2,129669.32,2,1.0,0.0,82774.07,0
775,1,1,27.0,4,0.0,1,1.0,1.0,40807.26,0
739,0,0,30.0,6,0.0,1,0.0,0.0,122604.44,0
733,1,0,31.0,9,102289.85,1,1.0,1.0,115441.66,0
661,0,0,34.0,0,0.0,2,1.0,0.0,185555.62,0
664,0,1,24.0,7,0.0,1,0.0,1.0,35611.35,0
842,1,1,46.0,9,0.0,1,0.0,0.0,17268.02,0
714,0,1,52.0,4,100755.66,1,1.0,1.0,186775.25,0
675,1,0,50.0,1,133204.9,1,0.0,1.0,8270.06,0
645,1,0,49.0,5,110132.55,3,0.0,1.0,187689.9,1
526,0,1,30.0,9,0.0,2,0.0,0.0,100995.68,0
545,2,0,60.0,7,128981.07,1,0.0,1.0,176924.2,1
596,0,0,33.0,1,138162.81,1,1.0,0.0,85412.54,0
468,0,0,32.0,8,137649.47,1,0.0,0.0,198714.3,0
774,2,1,36.0,9,130809.77,1,1.0,0.0,152290.28,0
677,0,1,42.0,5,99580.13,1,1.0,0.0,21007.96,0
757,2,1,31.0,8,149085.9,2,1.0,1.0,197077.36,0
581,2,0,38.0,3,135157.05,1,1.0,1.0,32919.42,0
774,1,0,43.0,1,110646.54,1,0.0,0.0,108804.28,0
653,0,0,60.0,2,120731.39,4,1.0,1.0,138160.11,1
740,2,1,40.0,4,114318.78,2,1.0,0.0,129333.69,1
679,2,0,30.0,4,77949.69,1,1.0,1.0,121151.46,0
688,1,1,36.0,0,89772.3,1,1.0,0.0,177383.69,1
837,0,0,38.0,2,0.0,2,1.0,1.0,46395.21,0
761,2,0,38.0,1,120530.13,2,1.0,0.0,109394.62,0
692,0,0,30.0,7,0.0,2,1.0,1.0,18826.34,0
631,1,1,33.0,2,0.0,2,1.0,1.0,158268.84,0
562,1,0,35.0,0,0.0,2,1.0,0.0,119899.52,0
628,0,1,30.0,8,89182.09,1,1.0,1.0,13126.9,0
683,1,0,24.0,8,98567.1,1,1.0,0.0,187987.02,0
565,2,1,52.0,5,97720.35,2,1.0,0.0,175070.94,1
773,0,0,40.0,10,0.0,2,0.0,1.0,69303.15,0
577,1,1,43.0,8,79757.21,1,1.0,0.0,135650.72,1
567,0,1,42.0,2,0.0,2,1.0,1.0,167984.61,0
741,1,1,40.0,4,104784.23,1,1.0,0.0,135163.77,1
802,0,0,39.0,7,120145.96,2,0.0,1.0,59497.01,1
586,1,1,29.0,2,132450.23,1,1.0,1.0,36176.63,0
653,0,1,47.0,6,0.0,1,1.0,0.0,50695.93,1
592,1,1,38.0,0,0.0,1,1.0,0.0,65986.48,1
797,1,0,31.0,8,0.0,2,1.0,0.0,117916.63,0
516,0,1,35.0,10,57369.61,1,1.0,1.0,101699.77,0
499,0,0,21.0,3,176511.08,1,1.0,1.0,153920.22,0
771,0,0,23.0,7,156123.73,1,1.0,0.0,72990.62,0
776,0,0,31.0,5,0.0,2,1.0,0.0,92647.94,0
713,0,0,59.0,3,0.0,2,1.0,1.0,62700.08,0
727,0,1,32.0,1,59271.82,1,1.0,1.0,46019.43,0
655,0,0,59.0,7,0.0,1,1.0,0.0,88958.49,1
759,0,1,41.0,9,0.0,2,0.0,1.0,190294.12,0
520,0,1,31.0,4,93249.4,1,1.0,0.0,77335.75,0
737,0,1,54.0,9,0.0,1,1.0,0.0,83470.4,1
703,2,1,42.0,9,63227.0,1,0.0,1.0,137316.31,0
574,1,1,36.0,1,0.0,2,0.0,1.0,71709.12,0
584,0,0,44.0,5,95671.75,2,1.0,1.0,106564.88,0
700,0,0,82.0,2,0.0,2,0.0,1.0,182055.36,0
510,0,1,65.0,2,0.0,2,1.0,1.0,48071.61,0
710,1,1,35.0,1,106518.52,1,1.0,1.0,127951.81,0
595,1,1,23.0,7,0.0,2,1.0,1.0,168085.97,0
716,0,0,44.0,3,109528.28,1,1.0,0.0,27341.63,1
667,0,1,36.0,9,0.0,2,1.0,1.0,40062.29,0
714,0,0,24.0,7,0.0,2,1.0,0.0,166335.0,0
796,2,1,39.0,5,86350.87,2,0.0,0.0,105080.53,0
725,0,1,44.0,5,0.0,1,1.0,1.0,117356.14,0
639,0,1,35.0,8,0.0,2,1.0,0.0,170483.9,0
620,0,1,37.0,0,107548.94,1,1.0,0.0,71175.94,0
638,2,1,27.0,4,135096.05,1,1.0,1.0,186523.72,1
636,1,1,52.0,4,111284.53,1,0.0,1.0,32936.44,1
451,0,0,36.0,2,0.0,2,1.0,1.0,180142.42,0
788,1,1,34.0,6,156478.62,1,0.0,1.0,181196.77,0
531,0,1,31.0,3,96288.26,1,1.0,0.0,56794.73,0
602,0,0,42.0,10,0.0,2,0.0,0.0,169921.11,1
806,0,0,32.0,3,63763.49,1,1.0,0.0,156593.1,0
619,2,0,41.0,8,142015.77,2,1.0,0.0,114323.66,0
429,0,0,27.0,6,117307.44,2,1.0,1.0,24020.49,0
730,1,1,62.0,2,0.0,2,1.0,1.0,186489.95,0
733,0,1,48.0,5,0.0,1,0.0,1.0,117830.57,0
643,2,1,41.0,2,127841.52,1,1.0,0.0,172363.4,0
740,0,0,37.0,7,0.0,2,1.0,1.0,194270.9,0
744,0,0,38.0,9,0.0,2,0.0,0.0,20940.76,0
522,1,1,30.0,3,0.0,2,1.0,0.0,145490.84,0
600,1,1,37.0,8,177657.34,1,1.0,1.0,77142.32,0
585,0,0,30.0,6,0.0,2,1.0,1.0,137757.69,0
758,2,0,47.0,9,95523.16,1,1.0,0.0,73294.48,0
628,0,0,50.0,4,143054.56,1,0.0,1.0,109608.81,1
607,1,1,28.0,1,135936.1,2,1.0,1.0,110560.14,0
538,0,0,38.0,8,88758.95,2,0.0,0.0,28226.15,1
545,1,0,32.0,4,0.0,1,1.0,0.0,94739.2,0
641,0,0,38.0,3,0.0,2,1.0,0.0,116466.19,0
728,1,0,43.0,8,128412.61,1,0.0,1.0,139024.31,0
690,0,1,21.0,8,0.0,2,1.0,1.0,155782.89,0
516,0,0,47.0,6,109387.33,1,0.0,0.0,121365.45,0
645,2,1,43.0,9,140121.17,1,1.0,0.0,11302.7,1
781,1,1,35.0,1,0.0,2,0.0,0.0,42117.9,0
850,0,0,29.0,10,0.0,2,1.0,1.0,199775.67,0
619,2,0,31.0,2,56116.3,2,0.0,0.0,2181.94,0
701,0,1,44.0,7,0.0,2,1.0,0.0,23425.78,0
684,2,1,37.0,4,138476.4,2,1.0,1.0,52367.29,0
587,1,1,48.0,1,0.0,2,1.0,1.0,8908.0,0
793,0,1,35.0,2,0.0,2,1.0,1.0,79704.12,0
740,0,0,37.0,9,0.0,2,1.0,1.0,73225.31,0
716,0,0,44.0,6,155114.9,1,0.0,0.0,133871.83,0
686,0,1,38.0,0,138131.34,1,0.0,1.0,115927.85,0
802,0,1,33.0,8,0.0,2,1.0,0.0,143706.19,0
612,1,0,26.0,4,0.0,2,1.0,1.0,179780.73,0
597,0,1,19.0,2,0.0,2,1.0,1.0,91036.74,0
642,0,1,26.0,0,0.0,1,0.0,0.0,47472.68,0
820,0,1,36.0,4,0.0,2,1.0,0.0,31422.69,0
595,2,0,41.0,9,150463.11,2,0.0,1.0,81548.38,0
847,1,1,31.0,5,0.0,2,1.0,1.0,76326.67,0
640,0,1,44.0,3,137148.69,1,1.0,0.0,92381.01,0
518,2,0,41.0,5,110624.99,1,1.0,0.0,89327.67,0
534,1,1,34.0,5,170600.78,1,0.0,1.0,5240.53,0
634,0,0,24.0,2,87413.19,1,1.0,0.0,63340.65,0
765,2,1,37.0,7,102708.77,1,1.0,0.0,9087.81,0
773,1,0,39.0,4,0.0,2,0.0,1.0,182081.45,0
667,2,1,43.0,1,103018.45,1,1.0,0.0,32462.39,1
535,0,1,38.0,2,119272.29,1,0.0,0.0,195896.6,1
585,0,0,39.0,7,0.0,2,1.0,0.0,2401.26,0
659,0,1,43.0,1,106086.42,2,1.0,0.0,26900.63,0
610,1,0,31.0,5,0.0,2,0.0,0.0,63736.36,0
638,2,0,26.0,1,105249.76,2,1.0,1.0,23491.09,0
509,0,1,30.0,6,0.0,2,1.0,0.0,180598.86,0
841,0,1,34.0,4,0.0,2,1.0,0.0,141582.66,0
630,0,1,37.0,6,0.0,2,1.0,1.0,82647.65,0
645,1,1,36.0,4,59893.85,2,1.0,0.0,43999.64,0
660,2,1,41.0,1,129901.21,1,1.0,0.0,26025.6,1
595,0,0,33.0,9,0.0,2,1.0,1.0,41447.86,0
841,0,1,74.0,9,108131.53,1,0.0,1.0,60830.38,0
576,0,0,52.0,9,170228.6,2,0.0,0.0,148477.56,1
530,2,1,23.0,1,137060.88,2,1.0,1.0,165227.23,0
489,0,1,34.0,5,0.0,1,0.0,0.0,43540.59,0
585,2,0,40.0,3,162261.02,2,1.0,0.0,137028.52,0
623,0,1,27.0,4,120509.81,1,0.0,0.0,142170.44,0
732,0,1,62.0,2,0.0,2,1.0,1.0,25438.87,0
655,0,0,45.0,7,57327.04,1,0.0,1.0,47349.0,0
558,2,1,25.0,10,111363.1,2,1.0,0.0,197264.34,0
555,1,1,32.0,4,0.0,2,1.0,1.0,54405.79,0
640,0,1,55.0,10,132436.34,1,1.0,0.0,978.66,0
652,1,0,38.0,6,123081.84,2,1.0,1.0,188657.97,0
702,1,0,26.0,4,135219.56,1,0.0,1.0,59747.63,0
850,1,1,35.0,7,110349.82,1,0.0,0.0,126355.8,0
710,0,0,41.0,2,156067.05,1,1.0,1.0,9983.88,0
768,2,1,48.0,3,122831.58,1,1.0,1.0,24533.89,1
646,2,1,24.0,0,92398.08,1,1.0,1.0,18897.29,0
718,0,1,35.0,3,97560.16,1,1.0,1.0,53511.74,0
656,0,1,46.0,9,143267.14,2,0.0,0.0,193099.44,0
794,1,0,37.0,9,0.0,2,1.0,0.0,68008.85,0
644,2,0,40.0,4,77270.08,2,1.0,1.0,115800.1,1
589,0,1,38.0,4,0.0,1,1.0,0.0,95483.48,1
776,1,1,39.0,2,104349.45,1,0.0,0.0,79503.05,0
811,0,0,45.0,5,0.0,2,1.0,1.0,146123.19,0
673,0,1,30.0,1,64097.75,1,1.0,1.0,77783.35,0
520,2,0,45.0,1,123086.39,1,1.0,1.0,41042.4,1
663,0,0,42.0,1,82228.67,2,1.0,0.0,71359.78,0
605,0,1,39.0,7,0.0,1,0.0,1.0,119348.28,0
550,2,0,42.0,10,128707.31,1,1.0,0.0,63092.65,1
593,1,0,40.0,2,0.0,1,1.0,1.0,5194.95,0
650,2,0,25.0,2,114330.95,1,1.0,1.0,25325.07,0
569,0,1,43.0,7,0.0,2,1.0,0.0,52534.81,0
606,1,1,38.0,7,128578.52,1,1.0,1.0,193878.52,0
803,0,0,65.0,2,151659.52,2,0.0,1.0,6930.17,0
611,2,0,29.0,4,78885.88,2,1.0,1.0,26927.69,0
556,0,0,54.0,4,150005.38,1,1.0,0.0,157015.5,1
850,0,1,30.0,9,121535.18,1,0.0,0.0,40313.47,0
644,0,1,33.0,9,141234.98,1,1.0,0.0,95673.05,0
629,1,1,31.0,6,132876.55,1,1.0,1.0,130862.11,0
626,0,1,38.0,7,141074.6,1,1.0,0.0,52795.56,1
813,0,1,34.0,0,0.0,2,1.0,0.0,43169.15,0
528,0,0,36.0,1,156948.4,1,1.0,1.0,149912.28,1
588,1,0,22.0,9,67178.19,1,1.0,1.0,163534.75,1
712,0,1,33.0,2,182888.08,1,1.0,0.0,3061.0,0
608,0,0,28.0,9,0.0,2,1.0,1.0,125062.02,0
796,0,1,51.0,6,0.0,2,0.0,1.0,194733.28,0
620,1,0,43.0,2,0.0,2,1.0,0.0,20670.1,0
589,0,1,36.0,1,100895.54,1,1.0,1.0,68075.14,0
798,0,1,28.0,3,0.0,2,1.0,0.0,2305.27,0
720,0,1,44.0,3,86102.27,1,1.0,0.0,180134.88,1
697,0,1,27.0,8,141223.69,2,1.0,0.0,90591.15,0
585,0,0,67.0,5,113978.97,2,0.0,1.0,93146.11,0
803,0,0,32.0,9,192122.84,1,1.0,1.0,54277.45,1
573,1,0,72.0,8,98765.84,1,1.0,1.0,96015.53,0
439,1,1,52.0,3,96196.24,4,1.0,0.0,198874.52,1
592,0,1,37.0,3,96651.03,1,1.0,1.0,3232.82,0
645,0,0,37.0,1,0.0,2,1.0,1.0,68987.55,0
792,1,1,47.0,0,0.0,1,1.0,1.0,5557.88,1
584,0,1,31.0,5,0.0,2,1.0,0.0,31474.27,0
513,1,1,48.0,2,0.0,1,1.0,1.0,114709.13,1
628,2,0,51.0,10,115280.49,2,0.0,0.0,12628.61,1
604,0,0,47.0,8,62094.71,3,0.0,0.0,9308.1,1
850,0,0,43.0,3,0.0,2,0.0,0.0,2465.8,0
729,1,0,42.0,7,0.0,2,1.0,0.0,58268.2,1
702,0,0,40.0,1,103549.24,1,0.0,0.0,9712.52,1
773,0,1,41.0,4,0.0,2,1.0,1.0,24924.92,0
548,0,1,57.0,6,76165.65,1,1.0,1.0,133537.53,0
655,0,0,39.0,6,94631.26,2,1.0,1.0,148948.52,0
626,0,0,37.0,2,133968.95,2,1.0,0.0,148689.66,0
638,1,1,41.0,7,0.0,2,1.0,0.0,43889.41,0
815,0,1,35.0,4,0.0,2,0.0,1.0,198490.33,0
765,0,1,41.0,2,0.0,2,0.0,1.0,191215.61,0
525,1,0,60.0,7,0.0,2,0.0,1.0,168034.9,0
660,0,1,38.0,7,0.0,2,0.0,1.0,146585.53,0
648,1,1,42.0,2,98795.61,2,1.0,0.0,89123.99,0
452,0,0,60.0,6,121730.49,1,1.0,1.0,142963.3,0
689,1,0,28.0,5,95328.6,1,1.0,0.0,6129.61,1
588,0,0,34.0,3,120777.88,1,1.0,1.0,131729.52,0
619,0,0,33.0,2,167733.52,2,1.0,1.0,65222.48,0
721,0,1,54.0,5,0.0,2,1.0,1.0,4493.12,0
646,2,0,44.0,2,113063.83,1,0.0,0.0,53072.49,1
705,2,0,43.0,10,146547.78,1,0.0,1.0,10072.55,1
658,0,0,31.0,7,123974.96,1,1.0,0.0,102153.75,0
606,2,1,36.0,5,190479.48,2,0.0,0.0,179351.89,0
554,0,0,35.0,8,0.0,2,1.0,1.0,176779.45,0
810,2,1,69.0,3,27288.43,1,1.0,1.0,110509.9,0
640,0,0,30.0,6,107499.7,1,1.0,1.0,187632.22,0
545,2,1,33.0,1,132527.9,2,0.0,1.0,107429.71,0
592,0,1,29.0,7,0.0,2,1.0,1.0,91196.67,0
844,0,1,18.0,2,160980.03,1,0.0,0.0,145936.28,0
666,2,1,74.0,7,105102.5,1,1.0,1.0,46172.47,0
668,1,1,38.0,1,147904.31,1,1.0,1.0,69370.05,0
539,1,1,36.0,6,0.0,3,1.0,1.0,118959.64,0
585,2,1,50.0,2,125845.66,1,1.0,0.0,9439.31,1
609,0,1,25.0,10,0.0,1,0.0,1.0,109895.16,0
720,0,0,37.0,2,120328.88,2,1.0,1.0,138470.2,0
667,2,0,56.0,8,137464.05,1,1.0,0.0,130846.79,1
630,1,1,41.0,7,107511.52,1,0.0,1.0,46156.87,0
663,0,1,39.0,4,0.0,1,1.0,0.0,76884.05,0
746,1,1,31.0,2,113836.27,1,1.0,1.0,174815.55,0
598,2,1,20.0,8,180293.84,2,1.0,1.0,29552.7,0
635,0,0,58.0,1,0.0,1,1.0,1.0,58907.08,1
726,1,0,48.0,6,99906.19,1,1.0,0.0,64323.24,0
577,2,0,44.0,1,152086.16,1,0.0,1.0,44719.5,1
523,0,0,28.0,2,121164.11,1,1.0,1.0,59938.81,0
555,0,1,37.0,9,124969.13,1,1.0,0.0,60194.05,0
742,2,1,33.0,0,181656.52,1,1.0,1.0,107667.91,0
472,0,0,26.0,5,0.0,2,1.0,0.0,108411.66,0
583,0,1,36.0,8,0.0,2,0.0,1.0,5571.59,0
658,0,1,39.0,7,0.0,2,1.0,0.0,48378.4,0
611,2,0,40.0,7,128486.91,2,1.0,0.0,10109.47,0
567,0,1,36.0,1,0.0,2,0.0,0.0,8555.73,0
627,2,1,52.0,1,76101.81,2,0.0,1.0,177238.34,0
666,0,0,33.0,2,147229.66,1,1.0,1.0,56410.17,0
521,1,1,29.0,3,60280.62,1,1.0,0.0,154271.4,0
694,0,1,30.0,10,144684.03,1,1.0,1.0,31805.49,0
607,0,0,31.0,1,102523.88,1,1.0,1.0,166792.7,0
607,2,1,32.0,9,144272.06,2,1.0,0.0,176580.62,0
663,1,0,28.0,8,61274.7,2,1.0,0.0,136054.45,0
512,2,1,41.0,7,122403.24,1,0.0,1.0,37439.9,1
694,2,1,33.0,4,124067.32,1,1.0,1.0,77906.87,0
769,2,0,45.0,5,126674.81,1,1.0,0.0,124118.71,1
640,2,0,31.0,10,118613.34,1,1.0,0.0,168469.66,0
476,0,0,40.0,4,0.0,2,0.0,0.0,182547.05,0
657,0,0,28.0,7,0.0,2,0.0,1.0,5177.62,0
820,0,0,39.0,1,104614.29,1,1.0,0.0,61538.43,1
544,1,1,22.0,4,0.0,2,1.0,0.0,70007.67,0
634,2,0,31.0,8,76798.92,1,0.0,0.0,196021.73,0
644,1,1,18.0,7,0.0,1,0.0,1.0,59645.24,1
644,1,1,26.0,8,96659.64,2,1.0,1.0,138775.69,0
632,0,0,40.0,9,139625.34,1,1.0,0.0,93702.96,1
602,1,1,33.0,5,0.0,2,0.0,1.0,64038.34,0
667,1,1,39.0,9,0.0,2,1.0,0.0,68873.8,0
686,2,1,35.0,2,109342.82,2,0.0,1.0,86043.27,0
729,2,1,39.0,6,127415.85,1,1.0,1.0,184977.2,1
580,2,1,35.0,10,136281.4,2,1.0,1.0,24799.47,0
693,1,1,47.0,8,107604.66,1,1.0,1.0,80149.27,0
537,0,1,37.0,3,0.0,2,1.0,1.0,20603.32,0
560,2,1,41.0,4,152532.3,1,0.0,0.0,10779.69,0
631,2,0,34.0,6,125227.82,2,0.0,1.0,128247.03,0
688,0,0,38.0,7,123544.21,1,1.0,1.0,157664.02,0
627,0,1,37.0,2,125190.86,1,0.0,1.0,84584.69,0
648,0,1,32.0,0,0.0,1,0.0,1.0,117323.31,0
464,2,1,33.0,8,164284.72,2,1.0,1.0,3710.34,0
775,0,0,27.0,4,152309.38,1,1.0,0.0,104112.0,0
526,0,1,52.0,8,93590.47,1,0.0,1.0,21228.71,1
850,1,1,39.0,6,133214.12,1,0.0,1.0,20769.88,0
850,0,1,47.0,6,0.0,1,1.0,0.0,187391.02,1
548,0,0,28.0,8,116755.5,2,1.0,1.0,158585.17,1
604,1,1,23.0,9,124577.33,1,1.0,1.0,7267.25,0
721,0,1,40.0,9,118129.87,1,1.0,1.0,160277.66,0
527,2,0,30.0,6,126663.51,1,1.0,1.0,162267.9,0
762,0,1,28.0,2,0.0,2,1.0,0.0,167909.52,0
767,1,1,77.0,8,149083.7,1,1.0,1.0,190146.83,0
511,1,0,29.0,9,0.0,2,0.0,1.0,140676.98,0
581,2,0,26.0,3,105099.45,1,1.0,1.0,184520.0,1
763,1,0,39.0,7,0.0,2,1.0,0.0,19458.75,0
651,0,0,39.0,8,0.0,1,1.0,0.0,137452.56,0
642,2,0,30.0,5,129753.69,1,1.0,0.0,582.53,0
532,0,1,38.0,9,0.0,2,0.0,0.0,30583.95,0
647,0,1,43.0,9,0.0,2,1.0,1.0,78488.39,0
637,2,1,43.0,1,135645.3,2,0.0,1.0,101382.86,1
698,0,1,36.0,2,82275.35,2,1.0,1.0,93249.26,0
581,0,1,35.0,4,0.0,2,0.0,1.0,86383.82,0
616,0,1,18.0,6,0.0,2,1.0,1.0,27308.58,0
665,1,0,40.0,1,173432.55,1,0.0,1.0,116766.79,0
590,0,1,24.0,7,126431.54,1,1.0,0.0,58781.11,0
686,1,1,22.0,8,0.0,2,0.0,0.0,142331.84,0
410,0,0,35.0,7,117183.74,1,1.0,1.0,109733.73,0
692,1,0,44.0,8,0.0,1,0.0,1.0,159069.38,0
601,0,0,34.0,5,0.0,2,1.0,0.0,27022.57,0
618,0,1,37.0,5,0.0,1,0.0,1.0,178705.45,1
478,1,1,48.0,0,83287.05,2,0.0,1.0,44147.95,1
594,1,0,49.0,2,126615.94,2,0.0,1.0,123214.74,0
545,0,1,47.0,8,105792.49,1,0.0,1.0,67830.2,1
488,0,1,34.0,3,0.0,2,1.0,1.0,125979.36,0
499,0,0,38.0,9,0.0,2,0.0,1.0,183042.2,0
594,0,1,50.0,7,81310.34,1,1.0,1.0,183868.02,0
660,1,1,42.0,5,0.0,2,1.0,0.0,115509.59,0
748,0,1,33.0,1,142645.44,1,0.0,0.0,69132.66,0
806,2,1,30.0,8,168078.83,1,1.0,0.0,85028.36,1
573,0,0,32.0,9,125321.84,2,1.0,1.0,130234.63,0
594,2,0,32.0,4,120074.97,2,1.0,1.0,162961.8,0
783,1,0,59.0,9,126224.87,1,1.0,1.0,4423.63,0
640,2,0,43.0,9,94752.49,1,1.0,0.0,184006.36,1
577,0,0,46.0,1,0.0,1,1.0,1.0,158750.53,0
660,0,1,19.0,5,127649.64,1,1.0,1.0,40368.65,0
502,2,1,33.0,5,174673.66,2,1.0,0.0,33300.56,0
610,0,1,36.0,4,129440.3,2,1.0,0.0,102638.35,0
455,0,1,40.0,1,0.0,3,0.0,1.0,129975.34,0
765,2,1,34.0,5,86055.17,2,1.0,1.0,104220.5,0
633,0,1,31.0,1,0.0,1,1.0,0.0,48606.71,0
656,1,1,47.0,1,0.0,2,1.0,1.0,197961.94,0
760,2,1,34.0,6,121303.77,2,1.0,1.0,59325.21,0
719,0,1,69.0,3,0.0,2,1.0,1.0,58320.06,0
600,1,1,36.0,4,0.0,2,1.0,0.0,143635.36,0
606,1,0,46.0,8,0.0,2,1.0,1.0,183717.94,0
727,0,1,35.0,5,136364.45,1,0.0,0.0,142754.7,0
693,0,1,43.0,6,128760.32,1,1.0,0.0,36342.79,0
506,0,1,43.0,2,0.0,2,1.0,0.0,105568.6,0
625,0,1,37.0,1,177069.23,2,1.0,1.0,96088.54,0
532,1,0,39.0,0,0.0,2,1.0,0.0,94977.3,0
668,0,1,38.0,10,86977.96,1,0.0,1.0,37094.75,0
531,0,0,37.0,1,0.0,1,1.0,0.0,4606.97,0
599,0,1,27.0,5,0.0,2,1.0,0.0,30546.4,0
652,2,1,33.0,7,128135.99,1,1.0,0.0,158437.73,0
517,0,1,62.0,1,43772.66,3,1.0,0.0,187756.23,1
850,2,1,49.0,8,98649.55,1,1.0,0.0,119174.88,1
605,0,0,30.0,9,135422.31,1,0.0,1.0,186418.84,0
752,2,1,38.0,3,183102.3,1,1.0,1.0,71557.12,0
665,1,0,51.0,8,0.0,1,1.0,1.0,38928.48,1
581,0,0,55.0,6,0.0,1,1.0,1.0,22442.13,0
653,0,0,31.0,7,102575.04,1,1.0,1.0,11043.54,0
767,0,0,44.0,2,152509.25,1,1.0,1.0,136915.16,0
614,1,0,36.0,1,44054.84,1,1.0,1.0,73329.08,0
606,1,1,33.0,8,0.0,2,1.0,1.0,63176.77,0
772,2,0,42.0,0,101979.16,1,1.0,0.0,90928.48,0
619,0,1,43.0,1,125211.92,1,1.0,1.0,113410.49,0
692,0,0,36.0,4,0.0,1,1.0,0.0,185580.89,1
765,2,1,43.0,4,148962.77,1,0.0,1.0,173878.88,1
585,0,0,34.0,1,0.0,1,1.0,1.0,75503.6,0
512,1,1,39.0,3,0.0,1,1.0,0.0,134878.19,0
616,2,0,43.0,7,95984.21,1,0.0,1.0,115262.54,1
577,0,0,30.0,8,92472.1,2,0.0,1.0,126434.61,0
608,2,1,44.0,7,114203.47,1,1.0,1.0,77830.36,1
729,1,0,42.0,1,0.0,2,1.0,1.0,149535.97,0
683,0,1,43.0,2,112499.42,2,1.0,0.0,30375.18,0
765,2,0,46.0,8,119492.88,2,0.0,1.0,166896.02,1
790,0,0,41.0,2,126619.27,1,1.0,0.0,198224.38,0
701,0,0,37.0,3,0.0,2,1.0,1.0,164268.28,0
706,1,0,46.0,2,127660.46,2,1.0,0.0,150156.81,1
691,0,1,58.0,3,0.0,1,0.0,1.0,194930.3,1
608,2,0,40.0,7,96202.32,1,0.0,0.0,161154.84,0
554,0,0,35.0,10,74988.59,2,0.0,1.0,190155.12,0
638,0,1,57.0,6,0.0,1,1.0,0.0,33676.48,1
753,1,1,51.0,4,79811.72,2,0.0,1.0,68260.27,1
716,0,0,22.0,8,0.0,2,1.0,1.0,92606.98,0
727,0,1,52.0,4,0.0,2,1.0,1.0,118429.02,0
727,0,0,31.0,2,52192.08,2,0.0,1.0,160383.47,0
590,0,1,43.0,7,81076.8,2,1.0,1.0,182627.25,1
714,1,0,33.0,10,103121.33,2,1.0,1.0,49672.01,0
570,0,1,39.0,10,129674.89,2,1.0,0.0,80552.36,0
700,2,0,59.0,5,137648.4,1,1.0,0.0,142977.05,1
606,0,1,32.0,6,0.0,2,0.0,1.0,36540.63,0
813,2,0,29.0,5,106059.4,1,0.0,0.0,187976.88,1
623,2,1,33.0,8,96759.42,1,1.0,1.0,174777.98,0
587,2,1,33.0,6,132603.36,1,1.0,0.0,55775.72,0
850,2,0,45.0,1,121874.89,1,0.0,0.0,6865.41,1
553,0,1,37.0,2,0.0,2,1.0,0.0,33877.29,0
716,1,1,33.0,2,0.0,2,1.0,1.0,92916.53,0
619,0,0,35.0,4,90413.12,1,1.0,1.0,20555.21,0
653,1,1,55.0,7,0.0,2,1.0,1.0,41967.03,0
688,0,1,20.0,8,137624.4,2,1.0,1.0,197582.8,0
640,0,0,29.0,3,0.0,2,1.0,0.0,2743.69,0
666,2,0,50.0,7,109062.28,1,1.0,1.0,140136.1,1
682,0,1,55.0,9,0.0,1,1.0,0.0,153356.8,1
501,2,1,25.0,6,104013.79,1,1.0,0.0,114774.35,0
569,1,0,34.0,3,0.0,1,1.0,0.0,133997.53,0
775,2,0,74.0,0,161371.5,1,1.0,1.0,134869.94,0
683,2,1,73.0,9,124730.26,1,1.0,1.0,51999.5,0
638,0,0,32.0,0,0.0,2,1.0,0.0,160129.98,0
779,0,0,26.0,0,0.0,2,0.0,1.0,111906.0,0
491,2,1,19.0,2,125860.2,1,0.0,0.0,129690.5,0
686,0,0,43.0,0,0.0,1,1.0,1.0,170072.9,0
629,0,0,61.0,6,0.0,2,1.0,1.0,133672.61,0
627,2,0,30.0,4,79871.02,2,1.0,0.0,129826.89,0
724,2,1,54.0,8,172192.48,1,1.0,1.0,136902.02,0
570,0,0,30.0,10,176173.52,1,1.0,0.0,97045.32,1
816,2,0,25.0,2,150355.34,2,1.0,1.0,35770.84,0
687,2,0,41.0,2,154007.2,1,1.0,0.0,158408.23,0
747,0,0,40.0,3,0.0,1,0.0,0.0,57817.84,1
752,1,1,44.0,6,83870.33,1,1.0,0.0,178722.23,0
693,0,0,35.0,5,124151.09,1,1.0,0.0,88705.14,1
763,1,0,32.0,10,95153.77,1,0.0,1.0,81310.1,0
626,0,0,34.0,3,0.0,2,1.0,1.0,37870.29,0
510,0,0,45.0,10,103821.47,2,0.0,1.0,77878.62,0
590,0,1,31.0,8,112211.61,1,1.0,0.0,26261.42,0
376,0,0,46.0,6,0.0,1,1.0,0.0,157333.69,1
510,0,0,30.0,0,0.0,2,1.0,1.0,130553.47,0
850,0,1,42.0,0,0.0,2,1.0,0.0,44165.84,0
821,2,1,45.0,0,135827.33,2,1.0,1.0,131778.58,0
575,1,1,30.0,2,0.0,2,1.0,1.0,82222.86,0
433,1,1,34.0,9,152806.73,1,1.0,0.0,19687.99,0
736,0,0,24.0,0,0.0,2,1.0,0.0,109355.73,1
642,1,1,34.0,8,0.0,1,1.0,0.0,72085.1,0
850,0,1,30.0,10,153972.89,2,1.0,0.0,62811.03,0
715,0,0,32.0,10,0.0,2,1.0,0.0,60907.49,0
564,0,0,33.0,4,135946.27,1,1.0,0.0,63170.0,0
684,1,1,41.0,2,119782.72,2,0.0,0.0,120284.67,0
515,1,1,29.0,4,151012.55,2,1.0,0.0,9770.97,0
644,0,1,50.0,9,76817.0,4,1.0,0.0,196371.12,1
538,1,0,42.0,9,0.0,1,0.0,0.0,152855.95,0
850,2,0,44.0,5,128605.32,1,0.0,1.0,171096.2,0
626,1,1,26.0,8,0.0,2,0.0,0.0,191420.7,0
849,0,0,41.0,6,0.0,2,1.0,1.0,169203.52,1
668,1,0,36.0,3,133686.52,1,1.0,0.0,190958.48,1
712,1,1,52.0,9,0.0,1,1.0,1.0,117977.45,1
538,1,0,49.0,9,141434.05,1,0.0,0.0,173779.25,1
610,2,1,36.0,7,115462.02,1,0.0,1.0,42581.04,0
539,1,0,37.0,1,130922.81,2,0.0,0.0,2186.83,0
850,0,1,61.0,1,0.0,1,1.0,0.0,53067.83,1
580,1,1,61.0,8,125921.37,1,1.0,1.0,94677.83,0
477,2,0,39.0,4,182491.56,1,1.0,0.0,185830.72,0
711,0,1,51.0,7,0.0,3,1.0,0.0,38409.79,1
679,2,1,35.0,1,110245.13,1,1.0,1.0,178291.1,0
670,1,0,29.0,9,0.0,2,1.0,0.0,27359.19,0
755,2,0,37.0,0,113865.23,2,1.0,1.0,117396.25,0
733,1,0,38.0,5,0.0,2,1.0,1.0,1271.51,0
714,1,1,34.0,5,0.0,2,1.0,0.0,193040.31,0
529,0,0,31.0,2,164003.05,2,1.0,1.0,60993.23,0
733,0,1,51.0,10,141556.95,1,1.0,0.0,130189.53,0
678,0,0,60.0,2,0.0,2,1.0,1.0,43821.56,0
687,2,1,41.0,10,134318.2,2,1.0,1.0,198064.52,0
666,2,0,21.0,1,121827.43,2,1.0,1.0,99818.31,0
551,2,1,50.0,1,121399.98,1,0.0,1.0,84508.44,1
710,0,1,47.0,5,158623.14,1,0.0,0.0,83499.89,1
434,2,1,55.0,8,109339.17,2,1.0,0.0,96405.88,1
659,0,0,44.0,9,23503.31,1,0.0,1.0,169862.02,1
687,1,0,63.0,1,137715.66,1,1.0,1.0,37938.74,0
525,0,1,33.0,1,112833.35,1,0.0,1.0,175178.56,0
582,1,1,33.0,6,0.0,2,0.0,1.0,72970.93,0
661,2,0,64.0,8,128751.65,2,1.0,0.0,189398.19,1
736,0,1,43.0,4,202443.47,1,1.0,0.0,72375.03,0
693,1,0,39.0,0,0.0,2,0.0,0.0,81901.6,0
576,0,1,63.0,9,70655.48,1,0.0,0.0,78955.8,1
580,2,1,45.0,2,179334.83,2,1.0,1.0,169303.66,0
677,0,1,38.0,4,0.0,2,1.0,0.0,187800.62,0
516,0,0,40.0,9,0.0,2,0.0,1.0,33266.29,0
496,1,0,44.0,0,179356.28,2,1.0,0.0,2919.21,1
752,1,0,35.0,2,0.0,1,1.0,0.0,44335.54,1
705,2,1,48.0,9,114169.16,1,0.0,0.0,173273.2,1
738,0,1,35.0,5,161274.05,2,1.0,0.0,181429.88,0
637,0,1,27.0,9,128940.24,1,1.0,0.0,46786.92,0
718,0,1,36.0,9,0.0,1,1.0,0.0,45909.87,0
632,0,1,71.0,3,83116.68,1,1.0,1.0,27597.76,0
559,1,1,25.0,5,0.0,2,1.0,1.0,163221.22,0
775,0,1,31.0,9,0.0,2,1.0,0.0,169278.52,0
721,2,1,40.0,6,100275.88,1,1.0,0.0,138564.48,1
724,1,1,39.0,3,0.0,2,0.0,1.0,95562.81,0
678,1,1,29.0,6,0.0,2,1.0,0.0,64443.75,0
640,2,0,30.0,5,32197.64,1,0.0,1.0,141446.02,0
750,1,0,38.0,7,97257.41,2,0.0,1.0,179883.05,0
562,0,1,30.0,3,111099.79,2,0.0,0.0,140650.19,0
455,2,0,37.0,6,170057.62,1,0.0,1.0,54398.56,0
568,0,1,51.0,4,0.0,3,1.0,1.0,66586.56,0
699,0,1,35.0,5,0.0,2,1.0,1.0,78397.24,0
728,0,1,38.0,1,115934.74,1,1.0,1.0,139059.05,0
482,0,1,38.0,4,124976.19,1,1.0,0.0,35848.12,0
616,1,1,71.0,4,0.0,2,1.0,1.0,173599.38,0
776,2,1,33.0,8,115130.34,1,0.0,0.0,129525.5,1
552,0,1,42.0,9,133701.06,2,1.0,0.0,101069.71,1
590,0,1,39.0,9,0.0,2,1.0,1.0,104730.52,0
727,1,1,28.0,1,0.0,1,1.0,0.0,40357.39,0
486,2,1,37.0,1,101438.0,1,0.0,0.0,51364.56,0
680,0,0,37.0,10,123806.28,1,1.0,0.0,81776.84,1
826,1,1,41.0,5,146466.45,2,0.0,0.0,180934.67,0
602,0,0,33.0,8,0.0,2,1.0,1.0,112928.74,0
542,2,0,35.0,9,127543.11,2,1.0,0.0,468.94,1
536,2,0,35.0,4,121520.36,1,0.0,0.0,77178.42,0
477,2,0,36.0,3,117700.86,1,0.0,0.0,74042.0,0
741,2,0,36.0,0,127675.39,2,1.0,0.0,74260.16,0
747,1,0,41.0,5,94521.17,2,1.0,0.0,194926.86,0
559,1,0,39.0,2,0.0,2,1.0,1.0,121151.1,0
743,2,0,34.0,1,131736.88,1,1.0,1.0,108543.21,0
668,1,1,43.0,10,113034.31,1,1.0,1.0,100423.88,0
589,2,0,20.0,2,121093.29,2,1.0,0.0,3529.72,0
561,0,1,32.0,5,0.0,2,1.0,0.0,84871.99,0
646,1,1,69.0,10,115462.44,1,1.0,0.0,40421.87,0
704,0,1,31.0,5,132084.66,3,1.0,1.0,54474.48,1
735,0,0,33.0,4,0.0,2,1.0,0.0,149474.69,0
652,2,1,45.0,2,151421.44,1,0.0,1.0,115333.43,0
591,2,1,46.0,4,129269.27,1,1.0,0.0,163504.33,0
696,2,1,31.0,3,150604.52,1,0.0,0.0,5566.6,0
807,0,0,36.0,4,0.0,2,0.0,1.0,147007.33,0
719,0,0,22.0,7,114415.84,1,1.0,1.0,177497.4,0
543,2,0,25.0,1,146566.02,1,0.0,1.0,161407.48,0
498,2,0,41.0,4,87541.06,2,1.0,1.0,12577.21,1
678,0,1,43.0,1,133237.2,1,1.0,0.0,111032.79,1
770,0,0,33.0,4,0.0,1,1.0,0.0,26080.54,1
826,0,0,30.0,5,0.0,2,0.0,1.0,157397.56,0
704,2,0,54.0,6,133656.9,3,1.0,0.0,145071.33,1
710,1,0,75.0,5,0.0,2,1.0,1.0,9376.89,0
696,0,1,44.0,8,161889.8,1,0.0,0.0,75562.47,0
720,0,1,71.0,5,183135.39,2,1.0,1.0,197688.5,0
707,0,0,44.0,6,0.0,2,1.0,1.0,192542.17,0
733,1,0,32.0,5,0.0,2,1.0,0.0,131625.14,0
775,2,1,33.0,3,83501.66,2,1.0,0.0,128841.31,0
705,0,0,35.0,3,0.0,2,0.0,1.0,66331.01,0
608,0,1,42.0,5,0.0,2,1.0,0.0,178504.3,0
744,2,0,50.0,1,121498.11,2,0.0,1.0,106061.47,1
767,2,0,33.0,1,144753.2,1,1.0,1.0,132480.75,0
679,0,0,30.0,1,112543.42,1,1.0,1.0,179435.2,0
445,0,0,33.0,7,0.0,2,1.0,0.0,122625.68,0
700,0,1,38.0,9,65962.63,1,1.0,1.0,100950.48,0
629,0,1,32.0,2,0.0,2,0.0,1.0,77965.44,0
646,1,1,25.0,5,182876.88,2,1.0,1.0,42537.59,1
691,1,1,40.0,1,0.0,2,1.0,1.0,145613.17,0
635,1,1,29.0,2,0.0,2,0.0,0.0,117173.8,0
592,0,1,36.0,1,126477.42,1,0.0,0.0,179718.17,0
678,2,1,49.0,2,116933.11,1,1.0,0.0,195053.58,1
844,0,1,40.0,7,113348.14,1,1.0,0.0,31904.31,1
704,1,1,24.0,10,122109.78,1,1.0,1.0,127654.37,0
624,0,1,55.0,7,118793.6,1,1.0,1.0,95022.02,1
656,0,1,41.0,2,0.0,2,1.0,0.0,158973.77,0
621,0,0,43.0,5,0.0,1,1.0,1.0,47578.45,0
689,0,1,34.0,1,165312.27,1,1.0,0.0,155495.62,0
556,0,0,40.0,9,129860.37,1,0.0,0.0,17992.94,0
646,2,1,46.0,1,170826.55,2,1.0,0.0,45041.32,0
850,0,0,81.0,1,0.0,2,1.0,1.0,59568.24,0
782,0,1,33.0,7,191523.1,1,1.0,1.0,167058.75,0
585,0,0,32.0,8,144705.88,2,0.0,0.0,171482.56,0
676,2,0,26.0,1,108348.66,1,0.0,0.0,60231.74,1
475,0,1,40.0,7,160818.08,1,0.0,1.0,169642.12,1
787,0,0,42.0,10,145988.66,2,1.0,1.0,79510.37,0
523,0,1,61.0,8,66250.71,1,1.0,1.0,21859.06,0
790,1,0,41.0,7,109508.68,1,0.0,0.0,86776.38,0
602,1,1,30.0,9,113672.18,2,0.0,0.0,102135.92,0
614,1,1,39.0,3,151914.94,1,0.0,0.0,56459.45,0
558,2,0,32.0,1,108262.87,1,1.0,1.0,6935.31,0
830,1,1,40.0,4,0.0,2,0.0,1.0,81622.52,0
758,0,0,32.0,2,84378.9,1,1.0,1.0,75396.43,0
572,2,1,51.0,8,97750.07,3,1.0,1.0,193014.27,1
690,0,1,38.0,1,94456.0,2,0.0,1.0,55034.02,0
468,0,0,22.0,1,76318.64,1,1.0,1.0,194783.12,0
833,0,1,30.0,1,0.0,2,1.0,0.0,141860.62,0
581,1,1,30.0,0,53291.86,1,0.0,0.0,196582.28,0
659,0,0,56.0,9,123785.24,1,1.0,0.0,99504.03,1
781,0,1,33.0,3,89276.48,1,1.0,0.0,6959.0,0
794,0,1,30.0,8,0.0,2,1.0,1.0,24113.91,0
698,0,1,41.0,3,90605.29,1,1.0,1.0,14357.0,0
581,1,0,43.0,4,170172.9,1,0.0,1.0,100236.02,0
725,0,1,35.0,7,75915.75,1,1.0,0.0,150507.44,0
673,1,0,35.0,6,0.0,2,1.0,0.0,98618.79,0
553,0,0,31.0,4,0.0,2,1.0,1.0,89087.4,0
787,0,1,46.0,7,117685.31,2,1.0,1.0,93360.35,0
563,1,1,57.0,6,0.0,2,1.0,1.0,39297.48,0
648,0,0,54.0,9,120633.42,1,0.0,0.0,5924.38,1
643,1,1,34.0,6,0.0,2,1.0,1.0,116046.22,0
527,1,0,36.0,6,0.0,2,1.0,1.0,102280.29,0
614,0,0,38.0,4,72594.0,1,1.0,1.0,76042.48,0
597,2,0,72.0,6,124978.19,2,1.0,1.0,7144.46,0
659,2,1,29.0,9,82916.48,1,1.0,1.0,84133.48,0
614,1,1,35.0,2,127283.78,1,1.0,1.0,31302.35,0
566,2,0,35.0,1,123042.0,1,1.0,0.0,66245.44,1
766,2,0,62.0,7,142724.48,1,0.0,1.0,5893.23,1
776,0,0,29.0,5,0.0,2,1.0,1.0,143301.48,0
831,1,0,44.0,10,0.0,1,0.0,1.0,47729.33,0
492,0,1,35.0,8,121063.49,1,0.0,0.0,85421.48,0
718,0,0,41.0,1,0.0,2,0.0,1.0,27509.52,1
710,2,1,45.0,9,108231.37,1,1.0,1.0,188574.08,0
794,2,0,54.0,1,75900.84,1,1.0,1.0,192154.66,0
588,2,1,41.0,2,131341.45,2,0.0,1.0,7034.94,0
595,1,1,37.0,2,157084.98,1,1.0,0.0,134767.12,0
757,2,0,30.0,6,161378.02,1,0.0,0.0,71926.28,1
520,2,1,32.0,5,110029.77,1,1.0,0.0,56246.69,0
446,0,0,51.0,4,105056.13,1,0.0,0.0,70613.52,0
571,2,0,66.0,9,111577.01,1,0.0,1.0,189271.9,0
620,1,1,42.0,9,121490.05,1,1.0,1.0,29296.74,0
757,0,0,49.0,2,0.0,2,0.0,0.0,164482.92,0
483,0,0,44.0,5,136836.48,1,1.0,0.0,192359.9,1
571,0,0,33.0,9,102017.25,2,0.0,0.0,128600.49,0
761,1,0,34.0,2,0.0,2,1.0,0.0,61251.25,0
695,0,0,42.0,7,121453.63,1,0.0,0.0,46374.64,0
709,2,1,28.0,8,124695.72,2,1.0,0.0,145251.34,0
651,2,0,34.0,10,148962.45,1,1.0,0.0,66389.43,1
534,0,0,49.0,7,0.0,1,1.0,0.0,13566.48,1
673,0,1,41.0,5,0.0,1,1.0,1.0,65657.29,0
754,2,1,35.0,6,98585.94,2,0.0,1.0,106116.84,0
628,0,1,36.0,3,0.0,2,1.0,1.0,8742.91,0
692,0,1,40.0,6,163505.16,1,0.0,0.0,90424.09,0
664,0,1,32.0,10,107209.73,1,1.0,1.0,112340.2,0
739,1,1,31.0,1,0.0,2,1.0,1.0,58469.75,0
429,0,0,39.0,6,48023.83,1,1.0,0.0,74870.99,0
711,2,0,53.0,5,123805.03,1,1.0,0.0,102428.51,0
669,2,1,47.0,0,63723.78,2,1.0,1.0,181928.25,0
623,0,0,28.0,4,0.0,2,1.0,0.0,41227.67,0
576,0,0,29.0,5,108541.04,1,1.0,1.0,126469.09,0
681,0,1,46.0,0,105969.42,1,1.0,0.0,5771.56,0
763,1,1,67.0,9,148564.66,1,0.0,1.0,87236.4,0
850,0,1,32.0,4,0.0,1,1.0,1.0,180622.02,0
543,0,1,35.0,5,137482.19,1,0.0,0.0,62389.35,0
757,0,1,28.0,3,75381.15,1,1.0,1.0,199727.72,0
551,0,1,42.0,2,139561.45,1,1.0,0.0,43435.43,1
572,1,1,31.0,5,98108.79,1,0.0,1.0,119996.95,0
688,0,1,38.0,7,148045.69,1,1.0,0.0,175479.92,1
677,0,0,37.0,3,0.0,2,1.0,1.0,38252.25,0
520,0,0,29.0,8,95947.76,1,1.0,0.0,4696.44,0
503,2,1,30.0,10,136622.55,2,0.0,0.0,47310.24,0
592,1,1,31.0,7,110071.1,1,0.0,0.0,43921.36,0
792,1,1,25.0,8,142862.2,1,1.0,1.0,130639.01,0
782,0,0,35.0,4,0.0,1,1.0,1.0,119565.34,0
743,0,1,32.0,9,0.0,2,1.0,0.0,175252.78,0
663,2,1,32.0,3,108586.86,1,1.0,1.0,182355.2,0
632,2,1,42.0,6,59972.26,2,0.0,1.0,148172.94,0
597,1,1,24.0,0,108058.07,2,1.0,1.0,187826.11,0
516,0,0,37.0,8,113143.12,1,0.0,0.0,3363.36,0
618,0,0,31.0,4,0.0,2,1.0,0.0,29176.04,0
573,2,0,35.0,9,206868.78,2,0.0,1.0,102986.15,0
769,1,1,38.0,6,0.0,2,0.0,0.0,104393.78,0
725,0,1,66.0,4,86459.8,1,1.0,1.0,141476.56,0
538,0,0,32.0,2,0.0,1,1.0,1.0,80130.54,0
626,2,1,36.0,2,181671.16,2,1.0,1.0,57531.14,0
617,2,0,39.0,5,83348.89,3,1.0,0.0,7953.62,1
686,2,0,47.0,5,170935.94,1,1.0,0.0,173179.8,1
620,0,0,41.0,9,0.0,2,0.0,0.0,88852.47,0
775,2,1,25.0,10,60205.2,2,1.0,0.0,14073.11,0
619,0,1,39.0,5,0.0,2,1.0,1.0,158444.61,0
596,0,1,42.0,7,0.0,2,1.0,1.0,121568.37,0
673,2,0,34.0,1,127122.79,3,0.0,1.0,76703.1,0
639,1,0,35.0,5,136526.27,2,1.0,0.0,59653.03,0
654,0,1,42.0,7,99263.09,1,1.0,1.0,67607.9,0
597,2,0,35.0,8,131101.05,1,1.0,1.0,192852.67,0
459,2,1,50.0,5,109387.9,1,1.0,0.0,155721.16,0
516,2,0,33.0,10,138847.9,1,1.0,1.0,127256.7,0
683,0,0,33.0,9,0.0,2,1.0,1.0,38784.42,0
687,2,1,38.0,4,117633.28,1,0.0,1.0,88396.6,0
608,0,1,33.0,4,0.0,1,0.0,1.0,130474.03,0
673,0,1,65.0,0,0.0,1,1.0,1.0,85733.33,0
643,0,0,46.0,6,0.0,2,0.0,0.0,106781.59,0
715,0,1,32.0,8,175307.31,1,1.0,0.0,187051.23,0
678,2,0,40.0,8,128644.46,1,0.0,0.0,167673.38,0
700,1,1,28.0,8,159900.38,1,0.0,0.0,22698.56,0
696,0,0,30.0,8,0.0,2,1.0,1.0,196134.44,0
506,2,0,59.0,3,190353.08,1,1.0,0.0,78365.75,0
746,0,1,47.0,8,142382.03,1,1.0,1.0,62086.62,0
774,0,0,26.0,5,0.0,2,1.0,1.0,64716.08,0
576,2,1,44.0,9,119530.52,1,1.0,0.0,119056.68,1
614,0,0,27.0,9,106414.57,2,0.0,0.0,77500.81,0
725,0,0,44.0,10,0.0,1,0.0,1.0,93777.61,0
627,0,0,55.0,2,159441.27,1,1.0,0.0,100686.11,1
703,0,1,44.0,6,98862.54,1,1.0,0.0,151516.7,0
609,0,1,34.0,1,0.0,1,1.0,1.0,181177.9,0
611,0,1,58.0,8,0.0,2,0.0,1.0,107665.68,1
614,0,1,49.0,1,0.0,2,1.0,0.0,192440.55,0
769,2,0,34.0,7,137239.17,1,1.0,1.0,71379.92,1
603,1,0,56.0,5,90778.76,2,1.0,0.0,162223.67,1
676,0,1,31.0,3,78990.15,1,1.0,1.0,124777.14,0
539,2,0,34.0,4,91622.42,1,1.0,1.0,136603.42,0
751,0,0,37.0,9,183613.66,2,0.0,0.0,49734.94,0
461,1,0,25.0,6,0.0,2,1.0,1.0,15306.29,0
731,1,0,40.0,5,171325.98,1,1.0,1.0,159718.27,1
570,0,1,30.0,2,131406.56,1,1.0,1.0,47952.45,0
502,2,0,57.0,3,101465.31,1,1.0,0.0,43568.31,1
488,0,0,34.0,2,0.0,2,1.0,1.0,181270.84,0
747,0,0,45.0,1,114959.12,1,1.0,0.0,189362.39,1
569,1,1,34.0,0,151839.27,1,1.0,0.0,102299.81,1
763,0,1,67.0,1,149436.73,2,0.0,1.0,106282.74,0
786,0,1,35.0,3,0.0,2,1.0,0.0,92712.97,0
850,1,0,29.0,10,0.0,2,1.0,1.0,94815.04,0
577,1,0,33.0,6,0.0,2,1.0,0.0,57975.8,0
594,1,0,38.0,10,0.0,2,1.0,0.0,58332.91,0
508,2,0,41.0,5,82161.7,2,1.0,0.0,187776.48,0
567,1,0,41.0,1,0.0,2,1.0,0.0,3414.72,0
544,2,1,37.0,2,79731.91,1,1.0,1.0,57558.95,0
850,0,1,38.0,5,0.0,2,1.0,0.0,16491.64,0
617,0,0,35.0,5,0.0,2,0.0,1.0,13066.3,0
648,2,1,34.0,3,95039.73,2,1.0,1.0,147055.88,0
529,0,0,31.0,5,0.0,2,1.0,0.0,26817.23,0
472,0,1,31.0,4,58662.92,2,0.0,1.0,73322.0,0
660,2,0,29.0,6,180520.3,1,1.0,1.0,123850.58,0
549,2,1,34.0,6,204017.4,2,1.0,0.0,109538.35,0
507,2,0,46.0,8,102785.16,1,1.0,1.0,70323.68,0
564,1,1,31.0,5,121461.87,1,1.0,1.0,20432.09,1
540,1,1,39.0,2,0.0,2,1.0,0.0,81995.92,0
580,0,1,50.0,0,125647.36,1,1.0,0.0,57541.08,1
682,1,0,54.0,0,83102.72,2,1.0,1.0,54132.93,0
739,1,1,40.0,1,109681.61,1,1.0,1.0,193321.3,0
533,1,0,52.0,7,0.0,1,0.0,1.0,194113.98,1
711,1,1,37.0,2,0.0,2,1.0,0.0,83978.86,1
666,2,1,33.0,2,124125.26,1,1.0,0.0,81884.8,0
729,1,1,44.0,4,107726.93,2,1.0,0.0,153064.88,0
683,0,0,40.0,1,0.0,2,0.0,0.0,75762.0,0
690,0,0,42.0,3,92578.14,2,0.0,0.0,70810.6,0
743,1,0,36.0,8,92716.96,1,1.0,1.0,33693.78,0
626,2,1,49.0,9,171787.84,2,1.0,0.0,187192.23,0
659,1,0,38.0,9,0.0,2,1.0,1.0,35701.06,0
714,1,1,20.0,3,0.0,2,0.0,1.0,150465.94,0
665,0,1,28.0,8,191402.81,2,1.0,0.0,83238.4,0
546,0,0,20.0,6,0.0,1,0.0,1.0,20508.85,0
721,0,1,42.0,4,102936.72,1,0.0,0.0,1187.88,0
440,0,1,42.0,2,0.0,2,1.0,0.0,49826.68,0
549,1,0,24.0,9,0.0,2,1.0,1.0,14406.41,0
557,0,0,24.0,4,0.0,1,0.0,0.0,20515.72,0
582,0,1,52.0,2,151457.88,1,0.0,1.0,40893.61,0
584,0,1,38.0,1,115341.55,1,0.0,1.0,173632.92,0
550,0,1,22.0,6,154377.3,1,1.0,1.0,51721.52,0
504,2,1,32.0,8,170291.22,2,0.0,1.0,15658.99,0
845,2,0,41.0,2,81733.74,2,0.0,0.0,199761.3,0
712,0,1,35.0,7,124616.23,1,1.0,1.0,69320.97,0
506,1,1,35.0,6,110046.93,2,1.0,0.0,26318.73,0
644,1,1,32.0,3,136659.73,1,1.0,1.0,14187.78,0
687,0,0,34.0,9,125474.44,1,1.0,0.0,198929.84,0
624,0,0,71.0,4,170252.05,3,1.0,1.0,73679.59,1
730,2,0,33.0,7,130367.87,1,1.0,0.0,15142.1,1
509,1,1,29.0,1,0.0,2,1.0,0.0,69113.14,0
644,0,0,40.0,9,137285.27,4,1.0,0.0,77063.63,1
781,0,0,28.0,4,0.0,2,1.0,0.0,177703.16,0
554,0,0,38.0,4,137654.05,2,1.0,1.0,172629.67,0
660,2,0,37.0,2,133200.1,1,0.0,0.0,71433.88,0
763,2,1,31.0,7,143966.3,2,1.0,1.0,140262.95,1
640,0,1,68.0,9,0.0,2,1.0,1.0,199493.38,0
615,0,1,30.0,7,0.0,2,1.0,1.0,156346.84,0
487,0,0,53.0,10,89550.85,1,0.0,1.0,90076.85,0
701,0,1,30.0,3,156660.72,2,1.0,0.0,45742.42,0
633,0,0,37.0,9,156091.97,1,1.0,0.0,72008.61,0
513,1,0,31.0,5,174853.45,1,1.0,0.0,84238.63,0
439,0,1,28.0,7,110976.23,2,1.0,0.0,138526.95,0
754,1,1,35.0,4,0.0,2,1.0,1.0,9658.41,0
554,1,0,27.0,4,0.0,2,1.0,1.0,135083.73,0
695,0,1,37.0,2,0.0,2,1.0,1.0,99692.65,0
815,0,0,56.0,3,0.0,3,1.0,1.0,94248.16,1
630,1,1,26.0,7,0.0,2,1.0,1.0,6656.64,0
724,2,0,35.0,0,171982.95,2,0.0,1.0,167313.06,0
608,1,0,41.0,3,89763.84,1,0.0,0.0,199304.73,1
644,0,0,39.0,9,0.0,1,1.0,0.0,3740.93,0
592,0,1,28.0,5,137222.77,1,0.0,0.0,39608.58,0
662,1,1,37.0,4,155187.3,1,1.0,0.0,48930.8,0
643,2,1,25.0,4,115142.9,1,1.0,1.0,148098.95,0
850,0,1,43.0,4,161256.53,1,1.0,1.0,140071.56,0
687,0,0,44.0,9,0.0,2,0.0,0.0,103042.2,1
711,1,1,38.0,3,128718.78,1,0.0,0.0,114793.45,0
623,2,1,50.0,7,126608.37,1,0.0,1.0,645.61,1
841,2,0,52.0,3,112383.03,1,1.0,0.0,85516.37,1
640,0,0,50.0,9,117565.03,2,0.0,0.0,82559.77,0
703,0,1,56.0,9,0.0,1,0.0,0.0,85547.33,1
552,1,1,42.0,4,0.0,2,0.0,0.0,195692.3,0
717,1,1,35.0,1,0.0,3,0.0,0.0,174770.14,1
718,1,1,32.0,8,0.0,2,1.0,1.0,41399.33,0
707,0,0,36.0,6,0.0,1,0.0,0.0,98810.78,0
506,1,1,50.0,3,0.0,2,1.0,0.0,12016.79,0
687,2,0,34.0,7,111388.18,2,1.0,0.0,148564.77,0
630,1,1,35.0,1,0.0,2,0.0,0.0,186826.22,0
555,0,1,40.0,10,139930.19,1,1.0,1.0,105720.09,0
733,2,1,34.0,3,100337.96,3,1.0,0.0,48559.19,1
520,2,1,43.0,3,150805.17,3,0.0,1.0,25333.03,1
680,0,0,43.0,4,0.0,2,1.0,1.0,58761.33,0
484,2,0,55.0,8,149349.58,3,0.0,0.0,137519.92,1
753,2,0,38.0,1,117314.92,1,1.0,0.0,122021.33,1
779,0,0,42.0,5,0.0,2,0.0,0.0,25951.91,0
497,2,0,32.0,8,111537.23,4,1.0,1.0,9497.99,1
693,0,0,28.0,8,0.0,2,1.0,1.0,158545.25,0
704,2,0,35.0,3,154206.06,2,1.0,1.0,40261.49,0
484,2,1,54.0,3,134388.11,1,0.0,0.0,49954.79,1
637,2,1,35.0,8,147127.81,2,1.0,1.0,84760.7,0
474,1,1,37.0,3,0.0,2,0.0,0.0,57175.32,0
720,1,1,33.0,6,97188.62,1,0.0,0.0,91881.29,0
730,0,0,34.0,5,74197.38,2,1.0,0.0,96875.52,0
674,1,1,36.0,2,0.0,2,1.0,1.0,182787.17,0
604,0,1,33.0,3,0.0,1,1.0,0.0,42171.13,1
751,0,0,44.0,10,0.0,2,1.0,0.0,170634.48,0
815,1,1,28.0,6,0.0,2,0.0,1.0,185547.7,0
768,2,0,43.0,2,129264.05,2,0.0,0.0,19150.14,0
490,0,1,39.0,1,0.0,3,1.0,0.0,171060.02,1
580,2,1,24.0,1,133811.78,1,1.0,0.0,17185.95,1
603,0,1,31.0,8,0.0,2,1.0,1.0,169915.02,0
590,0,1,47.0,3,0.0,2,1.0,0.0,171774.5,0
784,1,1,33.0,10,0.0,2,1.0,0.0,162022.47,0
518,0,1,38.0,3,90957.81,1,0.0,1.0,162304.6,0
498,0,1,73.0,2,170241.7,2,1.0,1.0,165407.95,0
639,0,1,22.0,4,0.0,2,1.0,0.0,28188.96,0
645,0,1,31.0,7,161171.7,2,1.0,0.0,12599.94,1
571,0,1,49.0,4,180614.05,1,0.0,0.0,523.0,0
602,1,1,34.0,8,98382.72,1,1.0,0.0,39542.0,0
429,0,1,24.0,4,95741.75,1,1.0,0.0,46170.75,0
469,0,0,48.0,5,0.0,1,1.0,0.0,160529.7,1
590,1,1,37.0,6,169902.92,1,1.0,1.0,128256.18,0
592,1,1,38.0,3,0.0,1,1.0,1.0,12905.89,1
702,0,1,40.0,3,148556.73,1,0.0,1.0,146056.3,0
413,0,1,34.0,9,0.0,2,0.0,0.0,6534.18,0
670,2,0,40.0,2,147171.2,1,0.0,1.0,69850.04,0
564,0,1,26.0,7,84006.88,2,0.0,0.0,183490.98,0
537,0,0,45.0,7,158621.05,1,1.0,0.0,120892.96,1
701,0,1,41.0,10,0.0,2,1.0,1.0,146257.77,0
648,1,0,27.0,7,0.0,2,1.0,1.0,163060.44,0
774,0,0,36.0,9,114997.42,1,1.0,0.0,75304.09,0
717,0,1,50.0,9,90305.76,1,1.0,1.0,124626.57,0
587,2,0,44.0,5,125584.17,2,1.0,1.0,41852.24,1
556,1,1,46.0,3,131764.95,1,1.0,1.0,108500.66,1
736,2,1,46.0,5,130812.91,1,1.0,1.0,77981.54,1
754,0,0,38.0,2,0.0,2,0.0,0.0,3524.69,0
721,0,0,55.0,3,44020.89,1,1.0,0.0,65864.4,1
829,2,0,27.0,9,112045.67,1,1.0,1.0,119708.21,1
596,1,0,29.0,6,0.0,2,1.0,0.0,116696.77,0
690,0,0,26.0,5,157624.84,1,1.0,1.0,49599.27,0
650,2,1,34.0,4,142393.11,1,1.0,1.0,11276.48,0
624,1,1,33.0,6,66220.17,1,0.0,1.0,170819.02,0
682,0,1,40.0,4,0.0,1,0.0,1.0,105352.55,0
697,0,0,38.0,1,182065.84,1,1.0,0.0,49503.5,0
564,1,0,24.0,6,149592.14,1,1.0,1.0,153771.8,0
693,0,0,39.0,4,0.0,2,0.0,1.0,142331.39,0
521,0,1,27.0,4,121325.84,1,1.0,1.0,164223.7,1
565,0,1,36.0,6,106192.1,1,1.0,0.0,149575.6,0
723,2,0,68.0,3,110357.0,1,0.0,0.0,141977.55,1
755,0,0,38.0,1,0.0,2,1.0,0.0,20734.81,0
775,0,1,30.0,4,0.0,2,1.0,0.0,49337.84,0
588,0,0,21.0,8,0.0,2,1.0,1.0,110114.19,0
664,0,0,31.0,9,114519.57,2,0.0,1.0,79222.02,0
455,0,0,27.0,5,155879.1,2,0.0,0.0,70774.97,0
537,0,1,28.0,0,88963.31,2,1.0,1.0,189839.94,0
791,2,0,42.0,10,113657.41,2,0.0,1.0,139946.69,1
572,0,0,47.0,2,0.0,2,1.0,0.0,36099.7,0
543,0,0,36.0,3,0.0,2,0.0,0.0,26019.59,0
668,1,0,69.0,9,0.0,1,0.0,1.0,134483.06,0
606,1,0,53.0,1,109330.06,1,1.0,1.0,75860.01,0
627,2,1,24.0,5,102773.2,2,1.0,0.0,56793.02,1
749,1,1,38.0,9,129378.32,1,1.0,1.0,13549.34,0
691,0,0,33.0,1,128306.83,1,1.0,1.0,113580.79,0
781,0,1,38.0,2,117810.79,1,0.0,1.0,65632.33,1
488,0,0,36.0,0,0.0,2,1.0,0.0,136675.22,0
492,0,0,49.0,8,0.0,1,1.0,1.0,182865.1,1
798,2,0,38.0,4,129055.13,1,1.0,0.0,157147.6,0
732,2,0,48.0,4,102962.62,1,1.0,0.0,120852.85,1
619,1,1,46.0,8,62400.48,1,1.0,1.0,132498.39,1
716,0,1,39.0,1,70657.61,2,1.0,1.0,76476.05,0
651,0,0,56.0,4,0.0,1,0.0,0.0,84383.22,1
703,0,1,37.0,1,149762.08,1,1.0,0.0,20629.4,1
774,0,1,60.0,5,85891.55,1,1.0,0.0,74135.48,1
657,1,1,31.0,3,125167.02,1,0.0,0.0,98820.39,0
597,0,1,61.0,5,0.0,2,1.0,1.0,81299.17,0
533,2,1,51.0,6,127545.56,2,0.0,0.0,79559.02,1
673,0,0,42.0,4,0.0,2,1.0,0.0,121440.8,0
575,0,1,46.0,1,0.0,2,1.0,1.0,65998.26,0
744,0,1,47.0,9,0.0,2,1.0,0.0,113163.17,0
805,2,1,24.0,6,143221.34,2,1.0,0.0,186035.72,0
541,0,1,39.0,7,0.0,2,1.0,0.0,19823.02,0
693,1,0,45.0,4,0.0,2,1.0,1.0,26589.56,0
626,0,0,35.0,3,0.0,1,0.0,0.0,80190.36,0
605,1,1,33.0,5,150092.8,1,0.0,0.0,71862.79,0
555,1,1,33.0,1,56084.69,2,0.0,0.0,178798.12,0
549,0,0,46.0,7,0.0,1,1.0,1.0,109057.56,0
636,2,1,36.0,6,96643.32,1,0.0,0.0,182059.28,0
583,0,1,24.0,9,135125.28,1,0.0,0.0,89801.9,0
618,1,0,40.0,8,0.0,2,1.0,0.0,80204.38,0
533,0,0,39.0,2,0.0,1,0.0,1.0,73669.94,1
639,2,1,38.0,5,130170.82,1,1.0,1.0,149599.62,0
439,1,0,32.0,3,138901.61,1,1.0,0.0,75685.97,0
452,0,1,35.0,4,148172.44,1,1.0,1.0,4175.68,0
782,1,1,34.0,6,147422.44,1,0.0,1.0,42143.61,0
586,1,0,57.0,3,0.0,2,0.0,1.0,6057.81,0
473,0,0,39.0,9,117103.26,2,1.0,1.0,85937.52,1
564,0,0,27.0,6,0.0,1,0.0,0.0,7819.76,0
575,1,0,31.0,6,0.0,2,1.0,1.0,95686.42,0
696,0,1,42.0,4,0.0,1,0.0,0.0,126353.13,1
572,2,1,47.0,4,99353.42,1,1.0,0.0,196549.84,1
600,0,1,32.0,1,0.0,1,1.0,1.0,101986.16,0
663,2,1,49.0,7,116150.65,3,1.0,1.0,84358.71,1
600,2,0,39.0,7,88477.36,2,1.0,0.0,58632.37,0
786,0,1,34.0,9,0.0,2,1.0,0.0,144517.19,0
631,0,1,29.0,7,0.0,2,0.0,1.0,125877.22,0
510,2,0,50.0,7,123936.54,1,1.0,1.0,23768.01,0
648,2,1,31.0,7,125681.51,1,0.0,1.0,129980.93,0
664,0,1,48.0,10,0.0,1,1.0,0.0,140173.17,1
573,0,0,26.0,4,129109.02,1,0.0,0.0,149814.69,1
628,2,0,36.0,3,91286.51,1,1.0,0.0,63085.94,0
761,2,1,62.0,5,98854.34,1,0.0,0.0,86920.97,1
661,1,1,42.0,2,178820.9,1,0.0,0.0,29358.57,1
722,0,1,37.0,2,0.0,1,0.0,0.0,120906.83,0
669,2,1,45.0,1,123949.75,1,0.0,0.0,110881.56,0
543,1,1,41.0,5,0.0,2,0.0,1.0,143980.3,0
670,0,0,31.0,9,0.0,1,0.0,1.0,76254.83,0
547,0,0,32.0,2,0.0,2,1.0,0.0,132002.83,0
731,0,0,36.0,6,0.0,1,0.0,0.0,152128.36,0
611,0,1,35.0,10,0.0,1,1.0,1.0,23598.23,1
603,2,1,26.0,4,109166.37,1,1.0,1.0,92840.67,0
637,0,1,33.0,5,0.0,2,1.0,0.0,139947.17,0
700,0,0,26.0,2,0.0,2,0.0,0.0,50051.42,0
650,2,0,35.0,3,165982.44,2,1.0,1.0,24482.16,0
615,0,1,36.0,6,0.0,1,1.0,1.0,27011.8,1
757,0,1,46.0,0,0.0,2,1.0,0.0,37460.05,0
613,1,1,35.0,4,123557.65,2,0.0,1.0,170903.4,0
710,0,0,32.0,3,0.0,1,1.0,0.0,94790.34,0
750,1,0,37.0,2,113817.06,1,0.0,0.0,88333.74,0
804,0,1,25.0,7,108396.67,1,1.0,0.0,128276.95,0
529,1,1,63.0,4,96134.11,3,1.0,0.0,108732.96,1
840,0,0,43.0,7,0.0,2,1.0,0.0,90908.95,0
358,1,0,52.0,8,143542.36,3,1.0,0.0,141959.11,1
584,0,0,35.0,2,114321.28,2,0.0,0.0,15959.01,0
720,2,0,29.0,7,106230.92,1,1.0,1.0,69903.93,1
642,0,1,30.0,8,80964.57,2,1.0,0.0,174738.2,0
681,1,0,37.0,6,121231.39,1,1.0,1.0,146366.08,0
612,2,1,32.0,9,106520.73,2,1.0,0.0,177092.16,0
784,1,1,48.0,7,0.0,2,1.0,1.0,182609.97,0
519,0,1,36.0,9,0.0,2,0.0,1.0,145562.4,0
703,1,1,73.0,5,137761.55,1,1.0,1.0,159677.45,0
693,2,1,45.0,2,116546.59,2,0.0,0.0,23140.28,1
653,0,0,38.0,8,102133.38,1,1.0,1.0,166520.95,0
715,0,1,40.0,7,0.0,1,1.0,1.0,141359.11,0
757,1,1,33.0,5,77253.22,1,0.0,1.0,194239.62,0
743,0,0,73.0,6,0.0,2,0.0,1.0,107867.38,0
674,0,0,28.0,3,0.0,1,1.0,0.0,51536.99,0
592,1,1,37.0,9,0.0,3,1.0,1.0,10656.89,0
638,2,1,50.0,1,102645.48,1,1.0,0.0,168359.98,1
603,0,0,39.0,9,76769.68,1,0.0,0.0,48224.72,0
850,2,1,32.0,9,141827.33,2,1.0,1.0,149458.73,0
749,2,1,46.0,10,78136.36,2,1.0,1.0,73470.98,0
842,0,1,44.0,3,141252.19,4,0.0,1.0,128521.16,1
706,1,1,20.0,8,0.0,2,1.0,1.0,12368.11,0
655,0,1,27.0,2,131691.33,1,1.0,0.0,49480.66,0
772,2,0,51.0,9,143930.92,1,0.0,1.0,46675.51,1
695,0,0,42.0,5,0.0,1,0.0,1.0,72172.13,1
597,1,0,30.0,2,119370.11,1,1.0,1.0,182726.22,1
703,2,0,38.0,9,99167.54,1,1.0,0.0,65720.92,0
580,2,0,38.0,1,128218.47,1,1.0,0.0,125953.83,1
812,1,0,44.0,8,0.0,3,1.0,0.0,66926.83,1
697,0,0,34.0,2,126558.92,1,1.0,0.0,73334.43,0
597,0,0,53.0,4,88381.21,1,1.0,0.0,69384.71,1
807,0,1,42.0,7,118274.71,1,1.0,1.0,25885.72,0
667,0,1,31.0,1,119266.69,1,1.0,1.0,28257.63,0
439,0,0,29.0,6,156569.44,1,1.0,0.0,180598.66,0
704,2,1,41.0,9,62078.21,2,1.0,0.0,129050.67,0
572,0,0,38.0,7,0.0,2,1.0,1.0,133122.62,0
780,2,1,51.0,4,126725.25,1,1.0,0.0,195259.31,1
850,0,0,34.0,2,0.0,2,1.0,1.0,171706.66,0
456,0,1,29.0,5,107000.49,1,1.0,1.0,153419.62,0
679,0,1,47.0,10,198546.1,2,1.0,0.0,191198.92,1
530,1,0,22.0,7,0.0,2,1.0,0.0,104170.48,0
563,0,0,32.0,0,148326.1,1,1.0,0.0,191604.27,1
599,0,0,41.0,1,0.0,2,1.0,0.0,96069.82,0
708,2,1,37.0,8,153366.12,1,1.0,1.0,26912.34,0
515,2,1,45.0,7,120961.5,3,1.0,1.0,39288.11,1
656,1,1,33.0,4,0.0,2,1.0,0.0,116706.0,0
499,1,0,53.0,1,75225.53,2,0.0,0.0,144849.1,1
813,0,0,62.0,10,64667.95,2,0.0,1.0,140454.14,0
792,0,0,42.0,2,0.0,2,1.0,0.0,92664.09,0
646,0,0,46.0,8,0.0,2,1.0,0.0,133059.16,0
564,1,1,37.0,9,100252.18,1,1.0,1.0,146033.52,0
526,2,0,35.0,9,118536.4,1,1.0,0.0,40980.87,1
662,1,0,42.0,6,105021.28,1,1.0,0.0,48242.38,0
657,2,0,48.0,5,143595.88,1,0.0,0.0,101314.65,1
727,0,1,34.0,10,0.0,2,1.0,1.0,198637.34,0
611,0,1,40.0,1,0.0,2,1.0,1.0,102547.56,0
821,2,0,37.0,5,106453.53,2,0.0,1.0,127413.0,0
640,1,0,46.0,8,0.0,2,1.0,0.0,89043.19,0
788,1,1,36.0,10,109632.85,1,1.0,1.0,16149.13,0
841,0,0,52.0,5,0.0,1,0.0,0.0,183239.7,1
668,0,0,46.0,2,0.0,3,1.0,0.0,89048.46,1
479,2,1,51.0,1,107714.74,3,1.0,0.0,86128.21,1
476,0,1,40.0,6,0.0,1,1.0,1.0,22735.45,0
693,0,1,68.0,2,0.0,2,1.0,1.0,59864.96,0
849,2,1,37.0,7,143452.73,2,1.0,1.0,17294.12,0
583,1,1,47.0,5,102562.23,1,1.0,0.0,92708.1,0
645,0,0,38.0,5,101430.3,2,0.0,1.0,4400.32,0
498,2,1,42.0,3,152039.7,1,1.0,1.0,53445.17,1
539,1,1,38.0,8,71460.67,2,1.0,1.0,10074.05,0
543,0,1,30.0,4,140916.81,1,1.0,0.0,157711.19,0
729,1,0,45.0,7,91091.06,2,1.0,0.0,71133.12,0
629,0,1,44.0,5,0.0,4,0.0,0.0,117572.59,1
528,1,1,36.0,7,0.0,2,1.0,0.0,60536.56,0
625,1,0,57.0,7,0.0,1,0.0,0.0,84106.17,1
766,0,1,32.0,6,185714.28,1,1.0,1.0,102502.5,0
714,2,1,29.0,6,92887.13,1,1.0,1.0,69578.49,0
818,1,1,26.0,4,0.0,2,1.0,1.0,167036.94,0
452,0,0,35.0,7,0.0,2,1.0,0.0,164241.67,0
632,2,1,42.0,4,119624.6,2,1.0,1.0,195978.86,0
580,0,0,23.0,5,113923.81,2,0.0,0.0,196241.44,0
591,0,1,45.0,5,0.0,2,1.0,1.0,155492.88,0
775,0,0,32.0,2,108698.96,2,1.0,1.0,161069.73,0
531,0,0,63.0,1,114715.71,1,0.0,1.0,24506.95,1
631,0,1,26.0,1,149144.61,1,0.0,1.0,123697.95,0
627,0,1,43.0,8,71240.3,1,0.0,1.0,127734.16,0
629,1,1,34.0,6,0.0,2,1.0,0.0,190347.72,0
804,2,0,33.0,10,138335.95,1,1.0,1.0,80483.76,0
751,0,1,29.0,10,147737.62,1,0.0,1.0,94951.27,0
660,2,1,28.0,1,118402.25,2,1.0,0.0,14288.93,0
642,1,0,36.0,6,0.0,2,1.0,1.0,97938.59,0
493,1,1,32.0,8,46161.18,1,1.0,1.0,79577.4,0
710,2,0,30.0,10,133537.1,2,1.0,0.0,155593.73,0
808,0,1,45.0,7,118626.55,2,1.0,0.0,147132.45,0
681,2,0,44.0,3,105206.7,2,1.0,1.0,163558.36,0
663,2,1,28.0,8,123674.28,2,1.0,1.0,87985.2,0
659,2,0,30.0,8,154159.52,1,1.0,0.0,40441.1,0
627,0,0,35.0,7,0.0,2,0.0,1.0,193022.44,0
713,0,1,44.0,1,63438.91,1,1.0,0.0,64375.4,0
683,0,1,33.0,8,0.0,1,0.0,0.0,73564.44,0
694,0,1,42.0,3,156864.2,2,0.0,0.0,88890.75,0
734,0,0,54.0,3,0.0,1,1.0,0.0,130805.54,1
762,2,1,46.0,6,123571.77,3,0.0,1.0,57014.17,1
621,1,1,50.0,3,163085.8,1,0.0,1.0,131048.36,0
695,0,0,23.0,1,0.0,2,1.0,1.0,141756.31,0
601,0,1,32.0,8,93012.89,1,1.0,0.0,86957.42,0
789,0,1,31.0,4,175477.16,1,1.0,1.0,172832.9,0
841,2,0,33.0,7,154969.8,2,1.0,1.0,99505.75,0
597,1,0,40.0,8,101993.12,1,0.0,1.0,94774.12,0
606,0,1,32.0,5,83161.65,1,1.0,1.0,116885.59,0
613,1,1,34.0,3,0.0,1,1.0,1.0,41724.72,0
693,1,0,34.0,10,107556.06,2,0.0,0.0,154631.34,0
679,0,1,36.0,1,97234.58,1,1.0,0.0,188997.08,0
479,2,1,35.0,4,138718.92,1,1.0,1.0,47251.79,1
628,1,1,42.0,7,0.0,2,0.0,1.0,172967.88,0
811,0,1,30.0,6,0.0,2,1.0,1.0,180591.31,0
658,2,1,29.0,5,75395.53,2,0.0,1.0,54914.92,0
476,2,1,30.0,3,134366.42,1,1.0,0.0,68343.53,0
584,2,1,32.0,8,40172.91,1,1.0,1.0,137439.34,0
713,0,1,43.0,5,86394.14,1,1.0,1.0,130001.13,0
716,0,0,40.0,3,0.0,2,0.0,1.0,167636.16,0
691,1,1,36.0,7,129934.64,1,0.0,0.0,75664.56,1
664,2,0,49.0,5,127421.78,2,1.0,0.0,108876.75,1
462,2,0,24.0,9,69881.09,2,0.0,1.0,64421.02,0
660,2,0,23.0,6,166070.48,2,0.0,0.0,90494.72,0
454,2,0,50.0,10,92895.56,1,1.0,0.0,154344.0,1
576,1,1,26.0,8,0.0,2,0.0,1.0,34101.06,0
579,2,1,41.0,0,141749.69,1,0.0,1.0,9201.53,0
753,2,0,35.0,5,82453.96,2,0.0,0.0,18254.75,0
698,1,0,38.0,1,171848.38,1,0.0,0.0,16957.45,0
610,2,1,50.0,1,113957.01,2,1.0,0.0,196526.55,1
596,2,1,32.0,3,96709.07,2,0.0,0.0,41788.37,0
516,0,0,29.0,2,104982.57,1,1.0,0.0,157378.5,0
588,2,0,35.0,1,103060.63,1,1.0,0.0,179866.02,1
516,1,0,27.0,1,0.0,1,0.0,1.0,112311.15,0
718,1,1,39.0,6,0.0,2,0.0,1.0,63889.1,0
613,2,0,20.0,0,117356.19,1,0.0,0.0,113557.7,1
539,0,1,39.0,3,0.0,2,1.0,0.0,36692.17,0
689,1,0,45.0,0,57784.22,1,1.0,0.0,197804.0,1
631,2,0,37.0,2,121801.72,2,0.0,1.0,23146.62,0
558,0,0,56.0,7,121235.05,2,1.0,1.0,116253.1,0
616,0,1,46.0,2,0.0,2,1.0,0.0,137136.45,0
583,2,0,32.0,7,94753.55,2,1.0,1.0,18149.03,0
689,1,0,38.0,6,121021.05,1,1.0,1.0,12182.15,0
534,0,1,35.0,2,81951.74,2,1.0,0.0,115668.53,0
598,0,0,34.0,4,0.0,2,0.0,0.0,60894.26,0
641,0,0,35.0,4,0.0,2,0.0,0.0,125986.18,0
653,0,0,74.0,0,121276.32,1,1.0,1.0,160348.31,0
719,2,0,76.0,10,95052.29,1,1.0,0.0,176244.88,0
764,0,0,39.0,1,129068.54,2,1.0,1.0,187905.12,0
773,1,1,41.0,9,102827.44,1,0.0,1.0,64595.25,0
445,0,1,37.0,3,0.0,2,1.0,1.0,180012.39,0
557,0,0,39.0,7,49572.73,1,1.0,0.0,115287.99,1
749,2,1,66.0,6,182532.23,2,1.0,1.0,195429.92,0
789,1,0,40.0,4,0.0,2,1.0,0.0,137402.27,0
770,0,0,30.0,8,0.0,2,1.0,0.0,100557.03,0
652,0,0,31.0,3,103696.97,3,0.0,0.0,155221.05,1
696,2,1,43.0,4,114091.38,1,0.0,1.0,159888.1,0
588,0,1,40.0,5,0.0,2,0.0,0.0,100727.68,0
654,0,1,40.0,6,0.0,1,0.0,0.0,183872.88,1
636,2,0,48.0,3,120568.41,1,1.0,0.0,190160.05,1
625,0,0,44.0,7,0.0,1,1.0,0.0,4791.8,0
682,0,0,43.0,5,125851.93,1,1.0,1.0,193318.33,0
527,0,1,39.0,4,0.0,2,1.0,0.0,167183.06,1
594,0,0,56.0,7,0.0,1,1.0,0.0,26215.85,1
635,2,1,37.0,5,113488.68,1,1.0,0.0,95611.74,1
765,0,1,51.0,3,123372.3,1,1.0,1.0,115429.32,0
744,1,1,35.0,7,0.0,2,1.0,1.0,43036.6,0
466,0,1,29.0,6,0.0,2,1.0,1.0,2797.27,0
538,1,0,30.0,8,0.0,2,1.0,1.0,41192.95,0
850,2,0,33.0,7,134678.12,1,1.0,0.0,113177.95,0
444,0,1,36.0,7,0.0,2,0.0,1.0,138743.86,0
740,2,1,33.0,2,126524.11,1,1.0,0.0,136869.31,0
822,2,0,46.0,3,115074.02,2,1.0,0.0,26249.86,0
508,0,1,49.0,1,93817.41,2,1.0,1.0,132468.77,1
593,0,1,45.0,4,138825.19,1,0.0,0.0,10828.78,0
850,1,0,45.0,4,114347.85,2,1.0,1.0,109089.04,0
722,2,0,48.0,10,138311.77,1,1.0,1.0,3472.63,1
807,2,0,40.0,1,134590.2,1,1.0,1.0,46253.65,0
825,1,0,32.0,1,0.0,2,1.0,1.0,42935.15,0
634,1,1,31.0,9,108632.48,1,1.0,1.0,179485.95,1
563,1,1,26.0,7,0.0,2,0.0,0.0,6139.74,0
667,2,1,70.0,3,77356.92,2,1.0,1.0,20881.96,0
823,1,0,46.0,3,81576.75,1,1.0,1.0,28370.95,1
489,2,1,28.0,1,79460.98,2,1.0,1.0,167973.62,0
699,2,1,36.0,6,147137.73,1,1.0,1.0,33687.9,0
638,2,1,62.0,4,108716.59,2,1.0,1.0,74241.09,0
710,0,1,21.0,4,109130.96,2,1.0,1.0,56191.99,0
651,0,0,34.0,9,0.0,2,1.0,0.0,138113.7,0
705,0,1,61.0,4,0.0,2,1.0,1.0,191313.7,0
593,2,0,29.0,5,101713.84,3,1.0,0.0,134594.98,0
756,0,0,32.0,4,0.0,2,1.0,0.0,147040.25,0
800,0,0,40.0,3,75893.11,2,1.0,0.0,132562.23,0
706,1,1,24.0,2,141078.56,1,1.0,1.0,24402.87,0
649,0,0,31.0,2,0.0,2,1.0,0.0,15200.61,0
521,2,0,61.0,0,125193.96,1,1.0,1.0,109356.53,0
708,0,0,34.0,4,0.0,1,1.0,1.0,62868.33,0
523,0,1,34.0,2,161588.89,1,1.0,1.0,51358.66,0
697,2,0,38.0,6,132591.36,1,1.0,1.0,7387.8,1
550,0,1,57.0,5,0.0,1,1.0,1.0,133501.94,0
722,0,0,35.0,2,163943.89,2,1.0,1.0,15068.18,0
803,0,1,31.0,9,157120.86,2,1.0,0.0,141300.53,0
648,2,1,44.0,9,111369.79,2,1.0,1.0,91947.74,0
634,0,0,41.0,7,0.0,2,1.0,1.0,131284.94,0
744,2,1,32.0,4,96106.83,1,1.0,1.0,79812.77,0
766,1,1,36.0,5,78381.13,1,0.0,1.0,153831.6,0
612,0,0,63.0,2,126473.33,1,0.0,1.0,147545.66,0
705,0,0,24.0,7,100169.51,1,1.0,0.0,121408.55,0
652,0,0,40.0,8,84390.8,2,0.0,1.0,107876.2,0
655,1,0,56.0,5,0.0,2,1.0,1.0,41782.7,0
516,0,0,42.0,8,56228.25,1,1.0,0.0,46857.52,0
777,2,0,37.0,10,121532.17,2,1.0,1.0,73464.88,0
695,0,0,36.0,2,0.0,2,0.0,1.0,167749.55,0
610,0,1,41.0,6,0.0,3,0.0,0.0,56118.81,1
717,0,0,41.0,3,135756.95,1,1.0,1.0,103706.41,0
841,1,1,28.0,4,0.0,2,1.0,1.0,179436.6,0
725,1,0,32.0,0,0.0,2,1.0,1.0,138525.19,0
513,0,1,40.0,3,141004.45,1,1.0,0.0,105028.46,0
467,2,1,28.0,10,126315.26,1,1.0,0.0,32349.29,1
674,1,0,41.0,4,126605.14,1,1.0,1.0,166694.94,0
760,0,1,37.0,7,0.0,1,0.0,0.0,32863.24,1
620,2,1,39.0,9,159492.8,1,1.0,0.0,80582.34,1
413,1,1,35.0,2,0.0,2,1.0,1.0,60972.84,0
647,1,0,44.0,5,0.0,3,1.0,1.0,174205.22,1
536,1,0,28.0,4,0.0,1,1.0,1.0,136197.66,0
542,1,1,34.0,8,108653.93,1,0.0,1.0,144725.14,0
665,1,1,41.0,8,0.0,2,1.0,0.0,132152.31,0
712,1,0,48.0,8,0.0,2,1.0,0.0,183235.33,0
681,0,0,37.0,7,69609.85,1,1.0,1.0,72127.83,0
675,1,1,33.0,3,0.0,2,1.0,0.0,45348.08,0
472,0,0,37.0,1,0.0,2,1.0,1.0,48357.9,0
579,2,1,40.0,10,45408.85,2,1.0,0.0,18732.91,0
591,1,1,58.0,5,128468.69,1,0.0,1.0,137254.55,0
543,0,1,22.0,8,0.0,2,0.0,0.0,127587.22,0
727,2,1,34.0,2,146407.11,1,1.0,1.0,72073.72,0
655,1,0,35.0,1,82231.51,2,1.0,0.0,88798.02,0
669,1,1,25.0,7,157228.61,2,1.0,0.0,124382.9,0
416,2,0,41.0,10,122189.66,2,1.0,0.0,98301.61,0
497,2,1,24.0,6,111769.14,2,1.0,0.0,55859.27,0
687,0,0,61.0,7,80538.56,1,1.0,0.0,131305.38,1
611,0,0,26.0,2,107508.93,2,1.0,1.0,120801.65,0
634,2,1,48.0,2,107247.69,1,1.0,1.0,103712.05,1
663,1,0,33.0,8,122528.18,1,1.0,0.0,196260.3,0
684,1,0,36.0,5,174180.39,1,1.0,0.0,119830.08,0
703,1,1,29.0,9,0.0,2,1.0,0.0,50679.48,0
654,0,1,32.0,6,0.0,2,1.0,1.0,137898.56,0
549,2,1,54.0,5,92877.33,1,1.0,0.0,2619.64,1
638,0,1,34.0,6,114543.27,1,1.0,1.0,97755.29,0
681,0,0,43.0,8,154100.3,1,0.0,0.0,114659.81,0
509,1,1,38.0,2,0.0,1,0.0,0.0,168460.12,0
535,1,1,58.0,1,0.0,2,1.0,1.0,11779.98,1
704,1,0,24.0,2,0.0,1,1.0,0.0,35600.25,1
743,2,1,45.0,10,144677.19,3,1.0,0.0,22512.44,1
608,1,0,35.0,6,0.0,2,1.0,1.0,143463.28,0
731,1,0,37.0,1,128932.4,1,1.0,1.0,180712.52,0
751,2,1,36.0,5,73194.99,1,1.0,1.0,89222.66,0
491,0,0,36.0,0,53369.13,1,1.0,1.0,103934.12,0
684,2,1,35.0,3,99967.76,1,1.0,1.0,176882.08,0
471,0,1,42.0,3,164951.56,1,1.0,0.0,190531.77,0
501,2,0,34.0,7,93244.42,1,0.0,1.0,199805.62,0
687,0,1,39.0,7,0.0,2,1.0,0.0,26848.25,0
473,0,0,35.0,6,69617.36,1,1.0,0.0,143345.69,0
418,0,1,34.0,8,155973.88,1,1.0,0.0,154208.95,0
650,0,0,43.0,6,0.0,2,1.0,1.0,16301.91,0
591,0,1,33.0,9,131765.72,1,1.0,0.0,118782.06,0
513,0,0,37.0,6,0.0,2,1.0,0.0,110142.34,0
528,2,1,39.0,0,127631.62,1,0.0,1.0,22197.8,1
430,0,1,35.0,1,118894.22,1,0.0,0.0,2923.61,0
753,2,1,44.0,3,138076.47,1,1.0,0.0,15523.09,1
572,0,1,30.0,6,117696.67,1,1.0,0.0,100843.82,0
659,0,0,38.0,9,0.0,2,1.0,1.0,132809.19,0
520,2,1,61.0,8,133802.3,2,1.0,1.0,90304.01,0
573,1,1,44.0,8,0.0,2,0.0,0.0,62424.46,0
710,1,1,22.0,8,0.0,3,1.0,0.0,107292.91,0
612,0,1,41.0,5,0.0,3,0.0,0.0,151256.22,0
646,2,0,29.0,4,105957.44,1,1.0,0.0,15470.91,0
584,1,1,36.0,4,82696.09,2,0.0,0.0,83058.14,0
679,1,0,35.0,8,119182.73,1,0.0,0.0,121210.09,0
437,1,1,28.0,2,109161.25,1,1.0,0.0,152987.42,0
710,2,0,24.0,2,110407.44,2,0.0,0.0,15832.43,1
766,2,1,43.0,6,112088.04,2,1.0,1.0,36706.56,0
641,2,1,35.0,2,103711.56,1,0.0,1.0,192464.2,1
580,1,0,65.0,1,0.0,2,0.0,1.0,103182.46,0
537,2,0,47.0,4,124192.28,2,1.0,1.0,50881.51,0
674,0,1,46.0,2,174701.05,1,1.0,0.0,90189.72,1
655,0,0,34.0,3,0.0,2,1.0,0.0,159638.77,0
508,0,1,44.0,3,115451.05,2,0.0,0.0,67234.33,0
482,0,1,55.0,5,97318.25,1,0.0,1.0,78416.14,0
754,1,1,39.0,7,157691.98,2,1.0,0.0,133600.89,1
593,0,0,33.0,0,95927.04,1,1.0,0.0,199478.05,0
585,2,1,36.0,5,146050.97,2,0.0,0.0,86424.57,0
608,0,1,59.0,1,0.0,1,1.0,0.0,70649.64,1
749,0,0,27.0,9,0.0,2,1.0,0.0,132734.88,0
686,2,1,26.0,1,57422.62,1,1.0,1.0,79189.4,0
700,0,0,36.0,4,0.0,2,1.0,0.0,130789.15,0
781,2,0,48.0,9,82794.18,1,1.0,0.0,124720.68,1
725,0,1,37.0,6,124348.38,2,0.0,1.0,176984.34,0
543,2,0,37.0,3,122304.65,2,0.0,0.0,33998.7,0
667,0,1,24.0,4,0.0,2,0.0,0.0,180329.83,0
588,0,1,38.0,1,124271.26,1,1.0,0.0,75969.19,0
613,2,0,43.0,10,120481.69,1,0.0,0.0,94875.03,1
411,0,1,29.0,0,59697.17,2,1.0,1.0,53483.21,0
705,0,0,37.0,10,0.0,2,1.0,1.0,13935.53,1
606,2,0,41.0,4,132670.53,1,1.0,0.0,156476.36,1
708,2,0,54.0,8,145151.4,1,0.0,1.0,125311.17,1
622,0,1,31.0,7,0.0,1,1.0,0.0,35408.77,0
807,0,0,34.0,1,0.0,1,0.0,0.0,114448.13,0
805,0,1,39.0,2,0.0,1,0.0,0.0,166650.31,0
457,1,1,44.0,7,0.0,2,0.0,0.0,185992.36,0
530,0,0,48.0,0,0.0,1,1.0,0.0,85081.09,0
710,2,1,43.0,2,140080.31,3,1.0,1.0,157908.19,1
605,0,1,41.0,10,0.0,2,0.0,1.0,97213.09,0
815,0,1,45.0,7,0.0,1,0.0,1.0,52885.23,1
639,0,0,38.0,5,0.0,2,0.0,0.0,93716.38,0
633,0,1,37.0,2,0.0,2,1.0,0.0,182258.17,0
842,0,1,29.0,8,0.0,2,1.0,1.0,123437.05,0
850,0,0,40.0,9,99816.46,1,1.0,1.0,163989.66,1
676,1,0,36.0,4,0.0,2,1.0,1.0,3173.31,0
748,1,1,58.0,9,122330.7,2,0.0,1.0,124429.19,0
596,1,0,76.0,9,134208.25,1,1.0,1.0,13455.43,0
685,1,0,30.0,2,0.0,3,1.0,1.0,172576.44,1
645,1,1,49.0,8,0.0,2,1.0,0.0,162012.6,0
732,1,1,54.0,0,134249.7,1,0.0,1.0,13404.4,0
612,0,0,38.0,1,0.0,2,1.0,1.0,9209.21,0
670,0,0,45.0,5,47884.92,1,1.0,1.0,54340.24,0
571,2,1,25.0,6,82506.72,2,1.0,0.0,167705.06,0
696,2,1,42.0,7,162318.61,1,1.0,0.0,121061.89,0
668,2,0,59.0,5,120170.07,1,0.0,1.0,50454.8,0
558,2,1,41.0,2,124227.14,1,1.0,1.0,111184.67,0
727,2,0,31.0,3,82729.47,2,1.0,0.0,60212.51,0
762,1,0,19.0,6,0.0,2,1.0,0.0,55500.17,0
593,1,1,35.0,4,161637.75,1,1.0,1.0,20008.46,0
504,1,0,46.0,2,163764.84,1,1.0,1.0,165122.55,1
688,0,1,29.0,1,0.0,2,1.0,0.0,154695.56,0
743,1,1,41.0,7,0.0,1,1.0,0.0,163736.1,1
640,0,1,44.0,7,111833.47,1,1.0,0.0,67202.74,0
589,0,0,46.0,10,107238.85,2,1.0,0.0,37024.28,0
779,0,0,29.0,3,46388.16,3,1.0,0.0,127939.26,1
781,0,1,29.0,9,0.0,2,0.0,0.0,172097.4,0
723,1,1,30.0,1,0.0,3,1.0,0.0,164647.72,1
605,2,1,75.0,2,61319.63,1,0.0,1.0,186655.11,0
752,2,0,45.0,3,105426.5,2,0.0,1.0,89773.45,0
562,0,1,37.0,2,0.0,1,0.0,1.0,52525.15,1
768,2,0,47.0,5,104552.61,1,1.0,0.0,48137.08,1
460,0,0,27.0,7,0.0,2,1.0,0.0,156150.08,1
705,2,0,46.0,4,115518.07,1,0.0,0.0,76544.9,1
705,0,0,49.0,7,0.0,1,1.0,0.0,63405.2,1
811,2,0,28.0,4,167738.81,2,1.0,1.0,9903.42,0
538,2,1,39.0,7,108055.1,2,1.0,0.0,27231.26,0
850,2,0,40.0,4,97990.49,2,0.0,0.0,106691.02,0
641,0,0,52.0,4,0.0,1,1.0,0.0,90964.54,1
745,0,1,47.0,5,0.0,2,0.0,0.0,145789.7,0
676,0,0,37.0,5,89634.69,1,1.0,1.0,169583.19,1
631,2,0,32.0,2,146810.98,2,1.0,1.0,180990.3,0
579,0,0,26.0,10,162482.77,1,1.0,1.0,18458.2,0
759,0,1,44.0,2,111095.58,2,1.0,0.0,100137.7,0
743,0,0,40.0,6,0.0,1,1.0,0.0,28280.8,1
744,0,1,29.0,1,43504.42,1,1.0,1.0,119327.75,0
737,0,0,70.0,9,87542.89,2,1.0,1.0,42576.86,0
763,2,1,42.0,6,100160.75,1,1.0,0.0,33462.94,1
511,1,0,66.0,4,0.0,1,1.0,0.0,1643.11,1
656,0,0,48.0,9,0.0,2,1.0,1.0,85240.61,1
669,0,0,33.0,9,0.0,2,0.0,1.0,107221.03,0
826,1,0,29.0,4,129938.07,1,0.0,1.0,190200.53,0
837,0,1,26.0,4,89900.24,2,1.0,0.0,175477.03,0
697,0,0,25.0,1,0.0,2,0.0,0.0,87803.32,0
470,1,0,48.0,6,140576.11,1,1.0,1.0,116971.05,0
717,2,0,33.0,10,102185.42,2,1.0,0.0,23231.93,0
646,0,0,73.0,6,97259.25,1,0.0,1.0,104719.66,0
647,0,0,33.0,4,0.0,1,1.0,0.0,152323.05,0
771,0,0,57.0,4,0.0,1,0.0,0.0,85876.67,1
675,1,1,31.0,2,90826.27,2,1.0,0.0,60270.87,0
850,0,1,34.0,2,72079.71,1,1.0,1.0,115767.93,0
513,1,1,88.0,10,0.0,2,1.0,1.0,52952.24,0
706,1,1,68.0,4,114386.85,1,1.0,1.0,28601.68,0
670,1,1,42.0,3,81589.04,1,1.0,0.0,188227.8,0
592,1,1,45.0,8,84692.5,1,0.0,1.0,67214.02,0
734,2,0,30.0,7,123040.38,1,1.0,1.0,76503.06,0
784,0,1,38.0,5,136712.9,1,0.0,1.0,169920.92,0
623,0,0,39.0,1,160903.2,1,0.0,0.0,78774.36,0
792,0,0,42.0,0,99045.93,2,1.0,0.0,47160.01,0
543,0,0,67.0,0,128843.67,1,1.0,1.0,134612.48,0
535,2,1,38.0,8,127475.24,1,0.0,0.0,60775.76,1
520,0,1,33.0,4,156297.58,2,1.0,1.0,166102.61,0
727,0,0,28.0,2,110997.76,1,1.0,0.0,101433.76,0
507,1,0,29.0,6,0.0,2,0.0,1.0,94780.9,0
695,1,1,39.0,4,65521.2,1,1.0,1.0,1243.97,0
678,2,0,37.0,2,113383.07,1,1.0,1.0,135123.95,0
637,0,0,48.0,7,130806.99,2,1.0,1.0,132005.84,1
481,1,1,39.0,1,111233.09,1,1.0,1.0,123995.15,0
675,1,0,40.0,8,79035.95,1,1.0,0.0,142783.98,1
529,0,0,31.0,7,0.0,2,1.0,1.0,175697.88,0
522,2,1,25.0,1,111432.13,1,1.0,1.0,168683.56,0
699,1,1,26.0,6,79932.41,1,0.0,0.0,150242.44,0
422,1,0,54.0,4,0.0,2,1.0,1.0,7166.71,0
479,2,1,35.0,9,92833.89,1,1.0,0.0,99449.86,1
651,0,0,33.0,1,96834.78,1,1.0,0.0,108764.69,0
528,0,1,31.0,6,102016.72,2,0.0,0.0,80181.12,0
704,0,0,40.0,6,95452.89,1,0.0,1.0,179964.55,0
647,2,1,51.0,4,131156.77,1,1.0,0.0,29883.63,0
623,1,0,40.0,4,0.0,3,1.0,0.0,31669.18,0
699,0,1,22.0,9,99339.0,1,1.0,0.0,68297.61,1
520,1,1,45.0,7,107023.03,1,1.0,0.0,32903.93,0
654,0,0,29.0,4,96974.97,1,0.0,1.0,141404.06,0
684,0,0,27.0,9,122550.05,2,0.0,1.0,137835.81,0
706,0,0,44.0,4,129605.99,1,0.0,0.0,69865.49,0
618,2,0,54.0,4,118449.21,1,1.0,1.0,133573.3,1
568,1,0,43.0,9,0.0,1,1.0,0.0,125870.79,1
570,2,0,57.0,5,86568.75,1,0.0,1.0,103660.31,0
629,0,1,31.0,6,0.0,2,1.0,0.0,93881.75,0
556,0,1,26.0,4,0.0,1,1.0,0.0,195167.38,0
566,0,0,21.0,3,0.0,2,1.0,1.0,3626.47,0
713,2,0,61.0,4,149525.34,2,1.0,0.0,123663.63,0
823,0,1,38.0,1,0.0,2,1.0,0.0,156603.7,0
720,0,1,33.0,9,0.0,2,1.0,1.0,142956.48,0
711,0,1,58.0,9,91285.13,2,1.0,1.0,26767.85,0
675,2,0,33.0,0,141816.25,1,1.0,0.0,64815.05,1
683,0,1,72.0,3,140997.27,1,0.0,1.0,52876.41,0
530,1,0,36.0,7,0.0,2,1.0,0.0,80619.09,0
555,0,1,30.0,1,0.0,2,0.0,0.0,88146.86,0
536,0,1,39.0,4,0.0,2,1.0,0.0,27150.35,0
626,1,0,48.0,2,0.0,2,1.0,1.0,95794.98,0
614,0,1,51.0,4,40685.92,1,1.0,1.0,46775.28,0
676,0,0,32.0,5,0.0,2,1.0,1.0,75465.41,0
675,0,1,28.0,9,0.0,1,1.0,0.0,134110.94,0
818,0,1,36.0,4,0.0,2,1.0,1.0,8037.03,0
633,1,1,27.0,3,0.0,2,1.0,0.0,44008.91,0
613,0,1,40.0,7,124339.9,1,0.0,0.0,193309.58,0
506,0,0,32.0,3,0.0,1,1.0,1.0,80823.02,0
567,1,1,40.0,8,28649.64,1,1.0,1.0,95140.62,0
663,0,1,26.0,5,141462.12,1,1.0,0.0,440.2,0
431,2,1,45.0,5,83624.55,2,0.0,0.0,36899.62,0
585,0,0,33.0,4,152805.05,1,1.0,0.0,63239.65,0
481,0,0,57.0,9,0.0,3,1.0,1.0,169719.34,1
586,0,1,29.0,3,0.0,2,1.0,1.0,142238.55,0
527,1,1,28.0,6,128396.33,2,1.0,0.0,79919.97,0
527,0,0,32.0,7,0.0,2,1.0,1.0,44099.75,0
674,2,0,27.0,4,111568.01,1,0.0,1.0,22026.18,0
630,1,1,39.0,10,105473.74,1,0.0,0.0,58854.88,1
771,1,1,18.0,1,0.0,2,0.0,0.0,41542.95,0
656,0,1,63.0,8,0.0,2,0.0,1.0,57014.43,0
658,1,0,32.0,5,145553.06,1,1.0,1.0,31484.76,0
686,0,1,41.0,5,128876.71,3,1.0,1.0,106939.34,1
815,0,1,37.0,1,166115.42,1,1.0,0.0,67208.3,0
706,2,1,31.0,1,117020.08,2,1.0,0.0,54439.53,0
706,2,1,23.0,2,93301.97,2,0.0,1.0,127187.04,0
629,0,1,59.0,9,113657.83,1,1.0,1.0,116848.79,1
583,2,1,40.0,4,107041.3,1,1.0,1.0,5635.63,0
654,0,0,24.0,8,145081.73,1,1.0,1.0,130075.07,0
502,0,0,64.0,3,139663.38,1,0.0,1.0,100995.11,0
531,0,1,44.0,3,0.0,2,1.0,1.0,34416.79,0
654,2,1,31.0,5,150593.6,2,1.0,1.0,105218.45,0
611,0,1,30.0,9,0.0,2,1.0,1.0,148887.69,0
659,1,1,27.0,4,0.0,2,1.0,0.0,99341.87,0
827,1,0,35.0,0,0.0,2,0.0,1.0,184514.02,0
529,0,0,38.0,2,0.0,1,1.0,0.0,146388.84,1
844,0,1,38.0,7,111501.66,1,1.0,1.0,119333.38,0
647,0,0,40.0,9,0.0,2,0.0,1.0,92357.21,0
655,0,1,38.0,4,0.0,2,0.0,0.0,110527.71,0
761,2,1,36.0,8,108239.11,2,0.0,0.0,99444.02,0
574,2,0,43.0,3,141349.44,1,1.0,1.0,100187.43,0
705,0,0,39.0,5,149379.66,2,1.0,0.0,96075.55,0
488,2,0,28.0,7,139246.22,2,1.0,0.0,106799.49,0
487,1,0,40.0,6,136093.73,1,0.0,1.0,193408.44,0
577,0,1,36.0,3,121092.47,2,0.0,1.0,143783.45,0
628,2,0,51.0,9,155903.81,2,1.0,1.0,71159.84,0
627,0,0,32.0,1,0.0,1,1.0,0.0,106851.7,0
711,2,1,43.0,2,39043.29,2,1.0,1.0,175423.69,0
529,1,0,35.0,5,0.0,2,1.0,0.0,56518.0,0
765,1,1,45.0,2,91549.78,1,1.0,1.0,47139.44,0
722,2,1,29.0,1,107233.85,2,1.0,0.0,24924.92,0
817,2,1,58.0,3,114327.59,2,1.0,1.0,42831.11,0
793,0,1,39.0,3,137817.52,1,0.0,0.0,83997.79,0
606,0,1,40.0,6,119501.88,2,1.0,0.0,46774.94,0
813,2,1,30.0,1,116416.94,1,0.0,1.0,85808.22,0
727,1,0,49.0,7,96296.78,1,1.0,0.0,190457.88,1
733,0,0,24.0,3,161884.98,1,1.0,1.0,9617.24,0
496,2,0,55.0,4,125292.53,1,1.0,1.0,31532.96,1
720,0,0,38.0,10,0.0,2,1.0,1.0,56229.72,1
481,1,0,37.0,8,0.0,2,1.0,0.0,44215.86,0
798,2,0,29.0,8,80204.11,2,1.0,0.0,70223.22,0
629,1,1,34.0,1,121151.05,1,0.0,0.0,119357.93,0
789,2,0,43.0,9,116644.29,2,1.0,1.0,60176.1,0
585,0,1,54.0,8,87105.32,1,1.0,1.0,55346.14,0
773,0,1,25.0,2,135903.33,1,1.0,0.0,73656.38,0
734,2,0,47.0,10,91522.04,2,1.0,1.0,138835.9,0
682,2,0,38.0,1,116520.28,1,1.0,1.0,49833.5,1
568,2,1,26.0,1,112930.28,2,1.0,0.0,22095.73,0
603,2,0,55.0,7,127723.25,2,1.0,0.0,139469.11,1
494,0,1,25.0,6,0.0,2,0.0,1.0,109988.09,0
692,2,0,41.0,8,130701.29,1,1.0,0.0,59354.24,1
681,0,1,59.0,4,122781.51,1,0.0,1.0,140166.95,0
576,2,0,71.0,6,140273.47,1,1.0,1.0,193135.25,1
787,2,0,38.0,3,158373.23,1,1.0,1.0,28228.35,0
695,1,1,56.0,1,0.0,3,1.0,0.0,187734.48,1
657,1,1,41.0,8,109402.13,1,1.0,1.0,66463.62,0
627,1,0,55.0,6,0.0,1,0.0,0.0,91943.94,1
630,0,1,43.0,9,0.0,2,1.0,1.0,34338.04,0
542,1,1,32.0,2,131945.94,1,0.0,1.0,159737.56,0
788,2,0,57.0,8,93716.72,1,1.0,1.0,180150.48,1
615,1,1,42.0,4,0.0,3,0.0,1.0,120321.09,0
790,1,0,46.0,9,0.0,1,0.0,0.0,14679.81,1
773,2,0,42.0,8,152324.66,2,1.0,0.0,171733.22,0
691,0,1,41.0,2,0.0,1,1.0,1.0,56850.92,1
546,0,1,34.0,4,165363.31,2,1.0,1.0,25744.13,1
530,0,0,29.0,5,0.0,2,0.0,0.0,121451.21,0
753,0,1,35.0,4,0.0,2,1.0,1.0,106303.4,0
662,0,1,64.0,0,98848.19,1,0.0,1.0,42730.12,0
691,0,1,38.0,1,0.0,2,0.0,0.0,44653.5,0
635,2,0,44.0,2,79064.85,2,0.0,1.0,113291.75,0
811,2,0,34.0,1,149297.19,2,1.0,1.0,186339.73,0
750,0,0,32.0,5,0.0,2,1.0,0.0,95611.47,0
664,1,1,44.0,7,77526.66,3,0.0,0.0,57338.56,1
706,2,0,48.0,10,104478.12,3,0.0,1.0,158248.7,1
612,0,0,33.0,9,0.0,1,0.0,0.0,142797.5,1
732,0,0,43.0,9,0.0,2,1.0,0.0,183147.17,0
557,1,1,36.0,1,113110.26,1,1.0,0.0,98413.1,0
443,0,0,54.0,3,138547.97,1,1.0,1.0,70196.23,1
594,0,1,35.0,2,133853.27,1,1.0,1.0,65361.66,0
715,0,1,45.0,4,0.0,2,1.0,1.0,55043.93,0
556,0,1,35.0,10,0.0,2,1.0,1.0,192751.19,0
769,2,1,34.0,7,115101.5,1,0.0,0.0,57841.89,1
674,0,0,42.0,9,0.0,2,1.0,0.0,4292.72,0
684,0,1,32.0,9,100249.41,2,0.0,1.0,67599.69,0
462,0,1,27.0,4,176913.52,1,1.0,0.0,80587.27,0
718,2,1,28.0,4,65643.3,1,1.0,0.0,28760.99,0
505,2,0,33.0,3,106506.77,3,1.0,0.0,45445.78,1
808,2,1,39.0,3,124216.93,1,0.0,1.0,171442.36,0
656,0,1,44.0,10,143571.52,1,0.0,0.0,127444.14,0
764,0,0,39.0,5,81042.42,1,0.0,1.0,109805.17,0
636,0,1,31.0,6,0.0,2,1.0,1.0,2382.61,0
567,1,0,45.0,1,157320.52,1,1.0,0.0,62193.92,0
663,0,1,40.0,6,156218.19,1,0.0,1.0,33607.72,0
779,1,0,34.0,5,0.0,2,0.0,1.0,111676.63,0
489,0,0,51.0,3,0.0,2,0.0,1.0,174098.28,1
850,1,0,24.0,1,0.0,2,0.0,1.0,69052.87,0
717,0,1,38.0,7,0.0,2,1.0,1.0,158580.05,0
607,2,1,39.0,2,84468.67,2,1.0,1.0,121945.42,0
848,1,1,22.0,7,120811.89,1,1.0,1.0,185510.34,0
681,0,1,23.0,7,157761.56,1,0.0,0.0,147759.84,0
711,1,0,28.0,5,0.0,2,1.0,1.0,93959.96,0
785,1,0,31.0,2,121691.54,2,0.0,0.0,81778.72,0
628,1,1,28.0,4,0.0,2,1.0,1.0,176750.81,0
561,1,1,34.0,4,85141.79,2,1.0,1.0,29217.37,0
648,0,1,33.0,7,134944.0,1,1.0,1.0,117036.38,0
469,1,0,31.0,6,0.0,1,1.0,0.0,146213.75,1
606,1,0,25.0,3,147386.72,3,1.0,0.0,45482.04,1
577,0,1,41.0,6,0.0,1,1.0,1.0,167621.19,0
648,1,0,28.0,9,102282.61,1,1.0,1.0,157891.11,0
799,1,0,28.0,3,142253.66,1,1.0,0.0,45042.56,0
644,2,1,34.0,9,112746.54,2,0.0,0.0,141230.06,0
668,0,1,72.0,2,0.0,2,1.0,1.0,70783.61,0
618,0,0,46.0,6,150213.7,1,1.0,0.0,120668.46,1
717,1,1,36.0,2,102989.83,2,0.0,1.0,49185.57,0
556,0,0,46.0,10,0.0,2,0.0,0.0,109184.24,0
755,0,1,30.0,4,123217.66,2,0.0,1.0,144183.1,0
762,1,0,26.0,7,123709.46,2,1.0,1.0,169654.56,0
715,0,1,35.0,2,141005.47,1,1.0,1.0,60407.93,0
689,2,0,28.0,2,64808.32,2,0.0,0.0,78591.15,0
662,2,1,59.0,2,104568.41,1,1.0,0.0,8059.44,1
577,1,0,44.0,8,115557.0,1,0.0,1.0,127506.76,0
731,1,1,41.0,3,0.0,2,1.0,0.0,101371.72,0
547,0,0,29.0,6,104450.86,1,1.0,1.0,37160.28,0
635,1,1,50.0,7,159453.64,2,0.0,0.0,54560.79,1
717,2,1,35.0,7,58469.37,2,1.0,1.0,172459.39,0
678,0,0,46.0,1,0.0,2,0.0,0.0,82106.19,0
721,0,0,40.0,7,0.0,2,1.0,1.0,122580.48,0
608,0,1,33.0,9,89968.69,1,1.0,0.0,68777.26,0
737,0,1,43.0,0,80090.93,1,1.0,0.0,39920.0,1
812,1,1,38.0,3,127117.8,2,1.0,1.0,174822.73,0
604,0,1,40.0,1,84315.02,1,0.0,0.0,36209.1,0
592,0,1,37.0,4,212692.97,1,0.0,0.0,176395.02,0
618,0,0,49.0,9,44301.43,3,1.0,1.0,89729.3,1
635,2,0,36.0,9,81231.85,2,1.0,0.0,196731.08,0
527,1,1,37.0,5,93722.73,2,1.0,1.0,139093.73,0
584,0,1,49.0,8,172713.44,1,1.0,0.0,113860.81,0
550,1,1,62.0,7,80927.56,1,0.0,1.0,64490.67,0
620,2,0,34.0,8,102251.57,1,1.0,0.0,120672.09,0
823,2,0,53.0,4,124954.94,1,0.0,1.0,131259.6,1
613,2,0,51.0,7,147262.11,1,1.0,1.0,53630.9,1
691,2,0,38.0,5,114753.76,1,1.0,0.0,107665.02,0
719,0,0,54.0,7,0.0,2,1.0,1.0,125041.52,0
809,1,0,48.0,2,0.0,1,1.0,0.0,160976.84,1
718,1,1,45.0,3,105266.32,2,1.0,1.0,193724.52,0
777,0,0,32.0,2,0.0,1,1.0,0.0,136458.19,1
621,2,0,30.0,2,101014.08,2,1.0,1.0,165257.31,0
720,1,0,59.0,6,0.0,2,1.0,1.0,160849.44,1
787,1,1,39.0,10,108935.39,1,1.0,1.0,101168.3,0
630,2,1,29.0,6,131354.39,1,0.0,1.0,9324.31,1
697,0,0,48.0,1,0.0,2,1.0,1.0,87400.53,0
684,1,0,31.0,8,0.0,2,1.0,0.0,188637.05,0
461,0,0,28.0,8,0.0,1,1.0,1.0,103349.74,0
689,1,1,40.0,2,0.0,2,1.0,1.0,164768.81,0
663,0,0,39.0,8,0.0,2,1.0,1.0,101168.9,0
792,0,0,70.0,3,0.0,2,1.0,1.0,172240.27,0
578,1,1,28.0,4,0.0,2,0.0,0.0,6947.09,0
498,0,1,46.0,1,91857.66,1,1.0,0.0,101954.78,1
689,0,0,46.0,7,52016.08,2,1.0,1.0,72993.65,0
535,1,0,50.0,1,140292.58,3,0.0,0.0,69531.22,1
716,0,0,44.0,1,0.0,1,1.0,1.0,152108.47,0
732,0,1,41.0,8,0.0,2,1.0,1.0,170886.17,0
691,2,1,27.0,3,160358.69,2,1.0,0.0,142367.72,0
580,1,1,32.0,9,142188.2,2,0.0,1.0,128028.6,0
498,1,1,29.0,8,127864.26,1,1.0,1.0,46677.9,0
755,0,0,29.0,3,0.0,3,1.0,0.0,4733.94,0
654,0,0,35.0,2,90865.8,1,1.0,1.0,86764.46,0
599,0,1,34.0,8,0.0,2,1.0,1.0,174196.69,0
603,1,1,30.0,6,129548.5,2,1.0,1.0,19282.85,0
522,2,0,37.0,3,95022.57,1,1.0,1.0,129107.59,0
690,0,0,26.0,3,118097.87,1,1.0,0.0,61257.83,0
563,1,1,32.0,6,0.0,2,1.0,1.0,19720.08,0
662,1,1,38.0,4,0.0,2,1.0,0.0,136259.66,0
532,2,1,24.0,8,142755.25,1,0.0,0.0,34231.48,0
832,0,0,27.0,10,98590.25,1,1.0,0.0,30912.89,0
615,0,1,32.0,4,0.0,2,1.0,1.0,6225.63,0
678,0,0,49.0,3,204510.94,1,0.0,1.0,738.88,1
793,1,1,41.0,9,0.0,2,1.0,0.0,152153.73,0
628,2,1,38.0,10,113525.84,1,1.0,0.0,46044.48,1
751,1,0,37.0,3,99773.85,2,1.0,0.0,54865.92,0
656,1,0,40.0,10,167878.5,1,0.0,1.0,151887.16,0
738,1,1,35.0,8,127290.61,1,1.0,0.0,16081.62,0
742,2,0,43.0,6,97067.69,1,0.0,1.0,60920.03,1
641,1,1,25.0,10,0.0,2,1.0,1.0,180808.39,0
557,0,0,46.0,4,96173.17,2,1.0,1.0,116378.31,0
518,0,1,40.0,4,0.0,2,0.0,1.0,194416.58,0
612,1,1,33.0,5,69478.57,1,1.0,0.0,8973.67,1
739,1,1,38.0,0,128366.44,1,1.0,0.0,12796.43,0
653,0,1,29.0,2,0.0,2,1.0,1.0,41671.81,0
821,0,0,40.0,1,0.0,2,1.0,0.0,194273.12,0
589,0,1,37.0,5,0.0,1,1.0,0.0,61324.87,0
537,1,0,38.0,6,141786.78,1,0.0,1.0,147797.55,0
797,2,1,32.0,1,151922.94,1,1.0,0.0,8877.06,0
608,1,0,41.0,1,83807.86,1,0.0,1.0,112542.58,0
690,0,0,36.0,6,110480.48,1,0.0,0.0,81292.33,0
762,2,1,35.0,1,117458.51,1,0.0,1.0,178361.48,1
643,0,1,45.0,5,0.0,1,1.0,0.0,142513.5,1
773,0,1,64.0,2,145578.28,1,0.0,1.0,186172.84,0
604,1,0,35.0,7,147285.52,1,1.0,1.0,57807.05,0
751,0,1,43.0,1,114974.24,1,1.0,0.0,125920.54,0
610,0,0,27.0,4,87262.4,2,1.0,0.0,182720.06,0
734,0,1,43.0,7,107805.67,1,0.0,0.0,182505.69,0
729,0,0,62.0,4,140549.4,1,1.0,0.0,30990.16,1
545,1,1,36.0,8,73211.12,2,1.0,0.0,89587.34,1
575,0,0,57.0,8,137936.94,1,1.0,1.0,84475.13,0
742,0,0,28.0,2,191864.52,1,1.0,0.0,108457.99,1
531,1,0,42.0,6,75302.85,2,0.0,0.0,57034.35,0
669,0,0,31.0,6,113000.66,1,1.0,0.0,40467.82,0
708,1,1,40.0,8,83015.71,1,1.0,0.0,101089.76,0
750,2,0,52.0,6,107467.56,1,1.0,0.0,126233.18,1
609,0,1,48.0,1,108019.27,3,1.0,1.0,184524.66,1
763,0,0,38.0,0,152582.2,2,0.0,0.0,31892.82,0
632,2,1,30.0,2,72549.0,2,0.0,1.0,182728.8,0
660,0,1,38.0,4,0.0,2,0.0,0.0,88080.43,0
475,0,0,46.0,10,0.0,2,0.0,0.0,122953.0,1
695,0,0,42.0,0,0.0,2,0.0,1.0,140724.64,0
735,2,1,43.0,10,123180.01,2,1.0,1.0,196673.28,0
718,1,1,34.0,5,113922.44,2,1.0,0.0,30772.22,0
824,2,1,77.0,3,27517.15,2,0.0,1.0,2746.41,0
709,0,0,24.0,3,110949.41,1,1.0,1.0,168515.61,0
612,2,1,44.0,2,115163.38,1,1.0,1.0,97677.52,1
694,0,1,40.0,9,0.0,2,1.0,0.0,40463.03,0
691,2,0,37.0,7,123067.63,1,1.0,1.0,98162.44,1
651,0,0,39.0,6,0.0,1,1.0,0.0,24176.44,0
577,0,0,37.0,4,0.0,1,1.0,1.0,79881.39,0
602,0,0,39.0,6,154121.31,2,1.0,0.0,176614.86,1
646,0,0,33.0,2,0.0,2,0.0,0.0,198208.0,0
844,0,0,41.0,10,76319.64,1,1.0,1.0,141175.19,1
683,0,0,30.0,2,0.0,2,0.0,1.0,100496.84,1
710,1,1,62.0,3,131078.42,2,1.0,0.0,119348.76,1
493,0,1,36.0,9,0.0,2,1.0,1.0,65816.53,0
548,1,1,44.0,8,0.0,1,1.0,0.0,16989.77,0
735,0,1,50.0,2,0.0,2,0.0,1.0,147075.69,0
600,0,0,41.0,1,0.0,2,1.0,1.0,91193.65,0
670,1,0,40.0,3,0.0,1,1.0,1.0,182650.16,0
778,2,0,29.0,7,123229.46,1,1.0,0.0,181221.1,0
645,0,1,42.0,4,98298.18,1,1.0,1.0,676.06,0
773,1,1,63.0,9,111179.83,1,1.0,1.0,93091.02,0
446,0,0,39.0,1,90217.07,1,1.0,0.0,191350.48,0
661,0,0,31.0,7,144162.3,2,1.0,1.0,14490.79,0
630,0,1,34.0,9,0.0,2,1.0,1.0,114006.35,0
633,0,0,47.0,0,0.0,1,1.0,1.0,6342.84,1
729,2,1,36.0,8,152899.23,2,1.0,0.0,177130.33,0
760,1,0,57.0,1,0.0,2,1.0,1.0,25101.17,0
621,1,0,59.0,2,0.0,2,1.0,1.0,171364.19,0
711,2,1,26.0,9,128793.63,1,1.0,0.0,19262.05,0
835,0,1,23.0,9,0.0,1,1.0,0.0,19793.73,1
688,2,0,40.0,8,150679.7,2,0.0,1.0,196226.38,0
618,0,1,34.0,5,134954.53,1,1.0,1.0,151954.39,0
608,1,1,27.0,4,153325.1,1,1.0,1.0,199953.33,0
841,0,1,31.0,2,0.0,2,1.0,0.0,173240.52,0
808,1,1,47.0,8,139196.0,1,0.0,1.0,74028.36,0
574,1,1,34.0,5,0.0,2,0.0,0.0,28269.86,0
691,0,1,34.0,8,133936.05,2,1.0,0.0,91359.79,0
486,1,1,24.0,1,0.0,1,1.0,0.0,98802.76,0
611,2,1,37.0,1,117524.72,2,0.0,1.0,161064.3,0
583,2,0,41.0,5,77647.6,1,1.0,0.0,190429.52,0
727,0,1,28.0,5,0.0,2,0.0,1.0,19653.08,0
512,2,0,40.0,8,153537.56,2,0.0,0.0,23101.13,0
615,2,1,24.0,8,108528.07,2,0.0,0.0,179488.4,1
513,2,1,34.0,7,60515.13,1,0.0,0.0,124571.09,0
534,0,1,38.0,3,0.0,1,0.0,0.0,143938.27,0
787,0,1,32.0,4,0.0,2,1.0,1.0,13238.93,0
723,0,0,20.0,4,0.0,2,1.0,1.0,140385.33,0
617,0,0,79.0,7,0.0,1,1.0,1.0,160589.19,0
708,1,0,32.0,8,187487.62,1,1.0,1.0,120115.5,0
721,0,1,41.0,2,0.0,2,1.0,0.0,168219.75,0
528,2,0,29.0,9,170214.23,2,1.0,0.0,49284.0,0
534,1,0,33.0,3,151233.62,1,0.0,0.0,199336.62,0
650,1,1,71.0,0,0.0,1,1.0,1.0,175380.77,0
674,0,1,28.0,5,0.0,1,1.0,1.0,151925.25,0
526,1,0,33.0,8,114634.63,2,1.0,0.0,110114.38,1
739,0,1,58.0,2,101579.28,1,1.0,1.0,72168.53,0
633,0,1,59.0,5,0.0,1,1.0,1.0,137273.97,0
718,0,1,38.0,7,0.0,2,1.0,0.0,38308.34,0
701,2,1,41.0,0,150844.94,1,0.0,1.0,127623.36,0
555,2,1,62.0,4,119817.33,1,0.0,1.0,43507.1,1
580,2,1,38.0,9,115442.19,2,1.0,0.0,128481.5,1
648,1,1,32.0,8,0.0,1,1.0,0.0,133653.38,0
605,0,1,36.0,7,128829.25,1,1.0,0.0,190588.6,0
669,0,1,43.0,1,163159.84,1,0.0,1.0,15602.8,0
743,2,0,35.0,1,146781.23,1,1.0,0.0,189307.7,0
592,2,1,33.0,2,156570.86,1,1.0,1.0,37140.2,0
544,0,1,23.0,1,96471.2,1,1.0,0.0,35550.97,0
477,0,0,30.0,6,131286.45,1,1.0,0.0,194144.45,0
781,0,0,27.0,5,0.0,2,0.0,0.0,72969.9,0
622,2,1,33.0,3,96926.12,2,1.0,0.0,48553.77,0
737,0,1,44.0,7,0.0,2,0.0,0.0,57898.58,0
554,0,1,33.0,3,117413.95,1,1.0,1.0,12766.74,0
508,0,1,31.0,8,72541.48,1,1.0,0.0,129803.08,0
659,0,1,32.0,9,95377.13,1,0.0,1.0,187551.23,0
597,1,1,38.0,1,0.0,2,1.0,0.0,41303.29,0
552,2,1,38.0,10,132271.12,2,1.0,1.0,46562.02,0
623,0,1,21.0,10,0.0,2,0.0,1.0,135851.3,0
785,2,0,33.0,5,136624.6,2,1.0,1.0,169117.73,0
642,0,1,26.0,1,138023.8,2,0.0,1.0,117060.2,0
690,1,1,32.0,2,76087.98,1,0.0,1.0,151822.66,0
666,1,0,36.0,6,0.0,2,1.0,0.0,176692.88,0
767,2,0,35.0,6,132253.22,1,1.0,0.0,115566.57,1
698,0,1,37.0,8,0.0,2,0.0,0.0,145004.39,0
713,0,1,46.0,5,0.0,1,1.0,1.0,55701.62,0
641,0,0,42.0,7,125437.14,2,0.0,0.0,164128.58,0
701,2,1,32.0,5,102500.34,1,0.0,0.0,106287.77,0
528,0,1,31.0,9,120962.59,1,1.0,0.0,5419.31,0
537,1,0,38.0,1,96939.06,1,1.0,1.0,102606.92,0
513,0,1,44.0,1,63562.02,2,0.0,1.0,52629.73,1
601,0,0,43.0,8,0.0,3,0.0,1.0,110916.15,1
619,0,0,42.0,2,0.0,1,1.0,1.0,101348.88,1
695,1,0,31.0,8,0.0,2,0.0,1.0,131644.4,0
641,0,1,30.0,2,87505.47,2,0.0,1.0,7278.57,0
658,2,0,28.0,9,152812.58,1,1.0,0.0,166682.56,0
681,0,1,29.0,8,0.0,1,1.0,0.0,66367.33,0
587,0,1,33.0,5,100116.82,1,1.0,0.0,34215.58,0
590,1,1,30.0,3,0.0,2,1.0,0.0,83090.35,0
507,0,0,35.0,1,0.0,2,0.0,0.0,92131.54,0
805,2,0,33.0,3,105663.56,2,0.0,1.0,33330.89,0
590,0,0,60.0,6,147751.75,1,1.0,0.0,88206.04,1
655,2,0,44.0,6,146498.77,1,1.0,0.0,64853.51,1
649,2,0,50.0,5,155393.31,1,1.0,1.0,87351.42,1
676,1,0,64.0,4,116954.32,1,1.0,1.0,91149.48,0
717,0,0,76.0,9,138489.66,1,1.0,1.0,68400.14,0
646,0,0,38.0,2,0.0,2,0.0,0.0,178752.73,0
609,0,1,37.0,6,0.0,2,0.0,1.0,22030.72,0
676,1,0,30.0,5,0.0,2,0.0,1.0,157888.5,0
661,0,0,37.0,5,136425.19,1,1.0,0.0,81102.81,0
624,1,0,38.0,8,0.0,2,1.0,0.0,95403.41,0
563,0,0,35.0,2,183572.84,1,1.0,1.0,66006.75,1
580,0,0,56.0,1,131368.3,1,1.0,0.0,106918.67,1
819,1,0,28.0,8,168253.2,1,1.0,1.0,102799.14,0
704,0,1,36.0,3,114370.41,1,0.0,1.0,66810.48,0
611,2,0,49.0,9,115488.52,2,1.0,1.0,138656.81,1
609,0,1,26.0,10,126392.18,1,0.0,1.0,43651.49,0
685,0,0,40.0,7,0.0,2,1.0,0.0,103898.59,0
678,2,0,25.0,10,76968.12,2,0.0,1.0,131501.72,0
550,0,1,34.0,8,122359.5,1,0.0,0.0,116495.55,0
709,0,1,36.0,0,0.0,2,1.0,0.0,46811.77,0
762,0,1,35.0,9,0.0,2,1.0,1.0,43075.7,0
553,0,1,32.0,3,116324.53,1,1.0,0.0,77304.49,0
524,2,0,31.0,8,107818.63,1,1.0,0.0,199725.39,1
730,2,0,37.0,5,124053.03,1,1.0,0.0,118591.67,0
622,1,0,58.0,2,0.0,2,1.0,1.0,33277.31,0
553,2,1,43.0,6,85200.82,2,1.0,1.0,160574.1,0
550,0,1,25.0,0,0.0,2,1.0,1.0,184221.11,0
594,2,0,21.0,2,87096.82,2,1.0,0.0,168186.11,0
685,0,0,50.0,6,94238.75,2,1.0,1.0,50664.07,1
684,2,0,46.0,3,102955.14,2,1.0,0.0,154137.33,0
498,2,1,45.0,7,109200.74,2,0.0,1.0,165990.44,0
850,2,1,41.0,1,176958.45,2,0.0,1.0,125806.3,0
763,0,1,35.0,9,0.0,1,1.0,1.0,31372.91,0
753,0,1,32.0,6,177729.12,1,1.0,1.0,161642.08,0
597,0,1,33.0,9,0.0,2,1.0,0.0,49374.82,0
723,2,1,37.0,3,94661.53,2,1.0,0.0,121239.65,0
524,0,1,50.0,4,0.0,2,1.0,1.0,31840.59,1
678,2,1,48.0,2,101099.9,2,0.0,1.0,193476.05,0
740,0,0,30.0,8,105209.54,1,1.0,0.0,1852.58,0
566,2,1,54.0,4,118614.6,2,1.0,1.0,172601.62,0
684,1,1,40.0,2,70291.02,1,1.0,1.0,115468.84,1
622,2,0,52.0,9,111973.97,1,1.0,1.0,162756.3,1
633,0,0,26.0,8,124281.84,1,1.0,1.0,60116.57,0
583,0,0,42.0,7,0.0,2,1.0,0.0,144039.05,0
350,0,1,51.0,10,0.0,1,1.0,1.0,125823.79,1
806,0,1,40.0,5,80613.93,1,1.0,1.0,142838.64,0
489,2,0,52.0,1,131441.52,1,1.0,0.0,37240.11,1
804,0,0,50.0,4,0.0,1,1.0,1.0,8546.87,1
813,2,0,36.0,6,98088.09,1,0.0,1.0,26687.22,1
707,0,1,35.0,2,0.0,3,1.0,1.0,94148.3,0
650,1,0,25.0,3,86605.5,3,1.0,0.0,16649.31,1
725,0,1,39.0,4,160652.45,2,1.0,0.0,57643.55,0
738,1,1,36.0,5,0.0,2,1.0,1.0,96881.32,0
667,0,1,43.0,8,190227.45,1,1.0,0.0,97508.04,1
754,0,1,34.0,7,0.0,2,1.0,1.0,65219.85,0
730,1,1,29.0,2,0.0,2,1.0,0.0,14174.09,0
563,0,1,22.0,3,137583.05,1,0.0,1.0,5791.85,0
624,1,0,36.0,10,0.0,2,0.0,1.0,186180.42,0
612,2,0,58.0,1,149641.53,1,1.0,1.0,115161.28,0
548,2,1,49.0,9,108437.89,1,0.0,0.0,127022.87,1
578,0,1,32.0,4,0.0,2,1.0,1.0,141822.8,0
411,0,0,54.0,9,0.0,1,0.0,1.0,76621.49,0
678,0,1,26.0,5,111128.04,1,1.0,0.0,60941.27,1
730,1,1,38.0,5,118866.36,1,1.0,1.0,163317.5,0
748,0,1,40.0,3,95297.11,1,0.0,0.0,171515.84,0
838,1,1,35.0,0,0.0,2,0.0,1.0,197305.9,0
738,1,1,35.0,3,0.0,1,1.0,1.0,15650.73,0
709,0,0,37.0,9,0.0,2,1.0,0.0,16733.59,0
620,0,1,22.0,0,0.0,1,1.0,0.0,32589.45,0
563,0,1,35.0,3,106250.72,1,0.0,0.0,39546.32,0
637,0,1,40.0,2,133463.1,1,0.0,1.0,93165.34,0
678,2,0,51.0,1,145751.03,1,0.0,0.0,109718.44,1
561,0,0,31.0,1,81480.27,2,1.0,1.0,65234.6,0
778,0,0,65.0,7,0.0,1,1.0,1.0,77867.23,0
608,1,1,34.0,7,86656.13,1,0.0,1.0,59890.29,0
713,2,1,40.0,3,114446.84,2,1.0,1.0,87308.18,0
654,1,0,32.0,2,0.0,1,1.0,1.0,51972.92,1
630,0,0,28.0,1,0.0,2,1.0,1.0,133267.78,0
665,1,0,42.0,2,156371.61,2,0.0,1.0,156774.94,1
850,0,1,55.0,6,0.0,1,1.0,0.0,944.41,1
506,0,1,37.0,5,0.0,2,1.0,1.0,127543.81,0
541,0,1,32.0,8,0.0,2,0.0,0.0,40889.14,0
674,0,0,32.0,7,85757.93,1,1.0,1.0,95481.0,0
547,0,1,43.0,1,92350.36,1,0.0,1.0,80262.91,0
641,0,0,42.0,6,0.0,2,0.0,0.0,121138.77,0
725,0,0,36.0,1,118851.05,1,1.0,1.0,102747.02,0
590,1,1,29.0,10,0.0,1,1.0,1.0,51907.72,1
850,0,1,32.0,4,156001.69,2,1.0,1.0,151677.31,0
670,0,0,41.0,10,0.0,3,1.0,0.0,81602.02,0
623,1,0,40.0,7,0.0,1,1.0,1.0,25904.12,0
614,1,0,41.0,7,146997.64,2,0.0,0.0,137791.19,0
821,2,0,31.0,2,68927.57,1,1.0,1.0,25445.0,0
700,0,1,37.0,3,77608.46,2,1.0,1.0,175373.45,0
609,2,1,31.0,9,103837.75,1,1.0,1.0,150218.11,0
516,2,1,32.0,3,145166.1,2,0.0,0.0,111421.45,0
489,0,1,38.0,8,0.0,2,0.0,1.0,196990.8,0
731,0,1,31.0,1,132512.27,1,1.0,1.0,185466.84,0
613,0,1,40.0,4,0.0,1,0.0,0.0,151325.23,0
612,2,1,76.0,6,96166.88,1,1.0,1.0,191393.27,0
543,0,0,42.0,5,0.0,2,0.0,0.0,101905.34,0
746,2,0,33.0,2,107868.14,2,1.0,1.0,146192.4,0
507,0,0,31.0,0,106942.08,1,0.0,1.0,44001.11,0
539,0,0,40.0,7,81132.21,1,1.0,0.0,167289.81,0
697,0,0,23.0,10,0.0,2,1.0,1.0,79734.23,0
752,1,0,31.0,4,144637.86,2,1.0,0.0,40496.72,0
735,1,1,55.0,2,103176.62,1,0.0,1.0,163516.16,0
691,0,0,44.0,6,134066.1,2,1.0,1.0,197572.4,0
606,1,1,30.0,8,180307.73,2,1.0,1.0,1914.41,0
600,2,0,58.0,8,118723.11,1,0.0,0.0,6209.51,1
473,1,1,48.0,8,0.0,2,1.0,0.0,71139.8,0
694,2,1,31.0,6,109052.59,2,1.0,1.0,19448.93,1
624,1,0,23.0,6,0.0,2,0.0,1.0,196668.52,0
607,0,0,49.0,9,119960.29,2,1.0,0.0,103068.22,0
645,2,1,28.0,7,117466.03,2,1.0,1.0,34490.06,0
592,0,1,28.0,2,116498.22,1,1.0,0.0,144290.25,0
522,0,1,41.0,5,144147.69,1,1.0,1.0,14789.9,0
801,0,1,42.0,6,0.0,2,1.0,1.0,95804.33,0
595,2,0,26.0,8,118547.72,1,1.0,1.0,151192.19,0
604,0,1,34.0,7,0.0,2,1.0,1.0,188078.55,0
748,0,1,34.0,5,84009.47,1,1.0,1.0,137001.1,0
467,2,1,51.0,10,114514.71,2,1.0,0.0,177784.69,1
659,0,1,31.0,4,118342.26,1,0.0,0.0,161574.19,0
670,0,0,27.0,5,79336.61,1,1.0,1.0,26170.08,0
781,0,0,27.0,7,186558.55,1,1.0,1.0,175071.3,1
786,0,0,62.0,8,0.0,1,1.0,1.0,165702.64,0
742,2,1,55.0,5,155196.17,1,0.0,1.0,121207.66,1
773,1,1,51.0,4,0.0,2,0.0,0.0,123587.83,1
782,0,1,32.0,9,0.0,1,1.0,1.0,87566.97,0
649,1,0,47.0,8,110783.28,1,1.0,1.0,71420.16,0
641,0,0,40.0,9,0.0,1,0.0,0.0,151648.66,1
475,0,0,57.0,1,0.0,2,1.0,0.0,89248.99,0
529,1,0,39.0,2,82766.43,1,1.0,1.0,122925.44,0
609,0,1,77.0,1,0.0,1,0.0,1.0,18708.76,0
564,0,0,28.0,1,0.0,1,1.0,1.0,162428.05,0
436,2,1,45.0,3,104339.11,2,1.0,1.0,183540.22,1
496,0,1,32.0,4,127845.83,1,1.0,0.0,66469.2,0
614,1,1,66.0,2,0.0,2,0.0,1.0,180082.7,0
675,0,1,40.0,7,113208.86,2,1.0,0.0,34577.36,0
571,0,0,35.0,8,0.0,2,0.0,0.0,84569.13,0
655,0,1,37.0,5,93147.0,2,1.0,0.0,66214.13,0
714,0,1,34.0,5,141173.03,1,0.0,1.0,98896.06,0
620,0,1,32.0,7,0.0,2,1.0,1.0,34665.79,0
592,2,0,70.0,5,71816.74,2,1.0,0.0,105096.82,1
752,0,0,36.0,2,119912.46,1,1.0,0.0,124354.92,0
615,0,1,34.0,1,83503.11,2,1.0,1.0,73124.53,1
712,1,1,47.0,1,139887.02,1,1.0,1.0,95719.73,0
850,2,0,30.0,8,154870.28,1,1.0,1.0,54191.38,0
584,2,0,54.0,1,77354.37,1,0.0,0.0,138192.98,1
631,2,0,22.0,6,139129.92,1,1.0,1.0,63747.51,0
553,0,1,42.0,1,0.0,2,0.0,0.0,23822.04,0
788,2,0,42.0,6,138650.48,2,1.0,0.0,64746.07,0
548,0,0,33.0,1,80107.83,2,0.0,1.0,82245.67,0
809,2,0,42.0,6,64497.94,3,0.0,1.0,182436.81,1
596,1,1,57.0,6,0.0,2,1.0,1.0,72402.0,0
630,0,1,67.0,5,0.0,2,1.0,1.0,27330.27,0
489,2,0,46.0,8,92060.06,1,1.0,0.0,147222.95,1
704,1,0,36.0,2,175509.8,2,1.0,0.0,152039.67,0
512,0,1,40.0,5,0.0,2,1.0,1.0,146457.83,0
572,2,1,26.0,4,118287.01,2,0.0,0.0,60427.3,0
757,0,1,29.0,8,130306.49,1,1.0,0.0,77469.38,0
687,1,0,36.0,5,0.0,1,1.0,0.0,17696.22,0
850,0,1,40.0,6,97339.99,1,0.0,1.0,88815.25,0
743,0,0,30.0,1,127023.39,1,1.0,1.0,138780.89,0
707,0,1,47.0,3,0.0,2,1.0,0.0,174303.3,0
751,2,1,50.0,2,96888.39,1,1.0,0.0,77206.25,1
711,0,1,64.0,4,0.0,2,1.0,1.0,3185.67,0
649,0,1,39.0,3,113096.41,1,1.0,1.0,60335.24,0
774,1,0,43.0,1,116360.07,1,1.0,0.0,17004.14,0
632,2,1,48.0,6,126066.26,1,1.0,0.0,64345.61,1
720,0,1,44.0,4,0.0,2,1.0,0.0,163471.02,0
632,0,1,44.0,3,107764.75,1,1.0,0.0,185667.72,0
665,0,1,52.0,3,0.0,1,1.0,0.0,116137.01,1
584,0,1,47.0,5,0.0,2,1.0,0.0,89286.29,0
755,0,0,29.0,4,148654.84,2,1.0,1.0,28805.09,0
628,1,1,40.0,10,0.0,2,1.0,0.0,103832.58,0
490,1,0,48.0,8,155413.06,1,1.0,0.0,187921.3,0
776,2,0,32.0,4,109421.13,2,1.0,1.0,126517.46,0
824,0,1,26.0,7,146266.0,1,1.0,0.0,21903.62,1
795,1,1,35.0,8,0.0,2,1.0,0.0,167155.36,0
747,0,0,47.0,5,139914.6,4,0.0,1.0,129964.56,1
704,0,0,33.0,0,130499.09,2,1.0,1.0,74804.36,0
613,2,1,38.0,9,67111.65,1,1.0,0.0,78566.64,1
670,2,1,43.0,9,111677.88,1,1.0,0.0,178827.3,1
775,2,1,51.0,2,123783.25,1,1.0,1.0,134901.56,0
777,0,1,23.0,6,0.0,2,1.0,1.0,163225.48,0
687,2,0,47.0,1,91219.29,1,0.0,0.0,158845.48,1
824,1,0,38.0,3,0.0,2,1.0,0.0,192800.25,0
575,0,1,29.0,4,121823.4,2,1.0,1.0,50368.87,0
625,0,1,43.0,4,122351.29,1,1.0,0.0,71216.6,0
635,0,0,40.0,10,123497.58,1,1.0,0.0,131953.23,1
701,0,0,41.0,2,0.0,1,1.0,0.0,47856.78,0
737,2,1,43.0,8,96353.8,1,0.0,0.0,10209.8,0
696,2,0,27.0,2,96129.32,2,1.0,1.0,5983.7,0
790,0,0,40.0,9,0.0,2,1.0,1.0,70607.1,0
665,0,0,37.0,5,160389.81,1,0.0,1.0,183542.08,0
568,0,0,44.0,7,0.0,2,0.0,0.0,62370.67,1
615,0,1,35.0,7,0.0,2,1.0,0.0,150784.3,0
850,2,1,38.0,5,146756.69,1,1.0,0.0,78268.61,0
753,0,1,33.0,5,122568.05,2,1.0,1.0,82820.85,0
512,0,1,24.0,6,0.0,2,1.0,0.0,37654.31,0
736,2,1,50.0,9,116309.01,1,1.0,0.0,185360.4,1
682,1,0,47.0,10,134032.02,1,1.0,0.0,144290.97,0
711,0,0,39.0,3,152462.8,1,1.0,0.0,90305.97,0
653,1,0,38.0,9,149571.94,1,1.0,0.0,118383.18,0
670,0,0,40.0,3,47364.45,1,1.0,1.0,148579.44,1
549,1,1,25.0,6,193858.2,1,0.0,1.0,21600.11,0
621,1,1,34.0,8,0.0,1,0.0,0.0,47972.65,0
701,0,0,42.0,6,86167.82,1,1.0,0.0,153342.38,0
850,0,0,35.0,6,81684.97,1,1.0,0.0,824.0,0
731,0,1,19.0,6,0.0,2,1.0,1.0,151581.8,0
653,2,0,37.0,3,125734.2,2,1.0,0.0,134625.1,1
537,0,0,53.0,3,0.0,1,1.0,1.0,91406.62,0
518,0,1,46.0,3,0.0,2,1.0,0.0,76515.79,0
530,1,1,37.0,4,0.0,2,1.0,1.0,164844.38,0
584,2,0,46.0,6,87361.02,2,1.0,0.0,120376.87,1
707,1,1,43.0,10,0.0,2,1.0,0.0,118368.2,0
662,2,1,33.0,0,103471.52,1,1.0,1.0,162703.0,0
778,0,1,38.0,3,145018.48,2,1.0,1.0,126702.41,0
494,1,0,41.0,2,69974.66,2,1.0,0.0,188426.12,1
707,0,0,55.0,1,0.0,2,0.0,1.0,54409.48,0
633,0,0,29.0,7,169988.34,1,1.0,0.0,4272.0,0
773,0,1,25.0,1,124532.78,2,0.0,1.0,11723.57,0
501,2,1,27.0,4,95331.83,2,1.0,0.0,132104.77,0
703,0,0,40.0,7,0.0,2,0.0,1.0,122518.5,0
631,1,1,55.0,9,99685.06,1,1.0,0.0,114474.98,0
724,2,1,31.0,2,160997.55,2,0.0,1.0,64831.36,0
649,1,1,32.0,1,0.0,1,0.0,1.0,91167.19,1
716,0,1,31.0,8,109578.04,2,1.0,1.0,51503.51,0
712,1,1,27.0,10,0.0,1,1.0,0.0,94544.88,0
773,1,1,43.0,7,138150.56,1,1.0,1.0,177357.16,0
531,1,1,37.0,1,143407.3,2,0.0,1.0,84402.46,0
779,2,0,24.0,10,122200.31,2,1.0,0.0,43705.56,0
668,1,1,34.0,0,0.0,1,0.0,0.0,99984.86,0
705,0,0,31.0,3,119794.67,1,0.0,0.0,182528.44,0
700,0,0,42.0,8,0.0,2,1.0,1.0,105305.72,0
733,2,0,30.0,1,102452.71,1,1.0,0.0,21556.95,0
782,1,1,52.0,4,0.0,1,1.0,1.0,52759.82,1
650,1,1,24.0,8,108881.73,1,1.0,0.0,104492.83,0
698,2,1,52.0,10,107304.39,3,1.0,0.0,28806.32,1
497,0,1,41.0,9,0.0,1,0.0,0.0,22074.48,0
850,0,0,35.0,5,0.0,1,1.0,1.0,80992.8,0
629,0,0,37.0,10,99546.25,3,0.0,1.0,25136.95,1
593,1,1,43.0,10,0.0,2,0.0,0.0,53478.02,0
708,2,0,43.0,0,118994.84,1,1.0,0.0,181499.77,1
586,1,0,28.0,2,0.0,2,1.0,1.0,92067.35,0
640,1,1,36.0,4,0.0,1,0.0,0.0,173016.45,0
512,0,0,41.0,8,145150.28,1,1.0,0.0,64869.32,1
507,0,0,33.0,1,113452.66,1,0.0,0.0,142911.98,0
559,0,1,28.0,3,141099.44,1,1.0,1.0,15607.27,0
525,0,0,59.0,6,55328.4,1,1.0,0.0,83342.73,1
808,0,1,41.0,0,0.0,1,1.0,1.0,79888.78,0
636,0,0,35.0,2,0.0,2,1.0,1.0,23129.46,0
651,0,1,23.0,10,0.0,2,1.0,1.0,170099.23,0
461,0,1,51.0,9,119889.84,1,0.0,0.0,56767.67,1
640,1,0,46.0,3,0.0,1,1.0,1.0,156260.08,0
611,0,0,40.0,8,100812.33,2,1.0,0.0,147358.27,0
504,0,1,42.0,3,134936.97,2,0.0,0.0,135178.9,0
695,0,1,45.0,9,43134.65,1,0.0,1.0,77330.35,0
711,2,0,45.0,1,97486.15,2,1.0,0.0,50610.62,0
581,2,0,43.0,5,93259.57,3,1.0,0.0,141035.66,1
559,0,1,29.0,1,0.0,2,0.0,0.0,155639.77,0
667,2,0,39.0,4,83765.35,2,1.0,0.0,118358.54,0
671,0,1,31.0,0,116234.61,1,1.0,0.0,172096.08,0
653,2,1,31.0,2,154741.45,2,0.0,0.0,25183.01,0
742,0,0,60.0,4,0.0,1,1.0,1.0,13161.66,1
684,1,0,41.0,7,0.0,1,1.0,1.0,138394.38,0
529,0,0,29.0,8,0.0,2,1.0,0.0,19842.11,0
570,0,0,61.0,6,142105.34,1,1.0,1.0,45214.04,0
472,0,1,29.0,8,102490.27,1,0.0,1.0,181224.56,0
689,2,1,47.0,2,118812.5,2,0.0,0.0,31121.42,0
803,0,1,36.0,1,0.0,2,1.0,1.0,149370.94,0
546,2,0,52.0,1,106074.89,1,1.0,1.0,23548.45,1
745,1,1,34.0,7,132944.53,1,1.0,1.0,31802.92,0
804,1,1,33.0,7,76548.6,1,0.0,1.0,98453.45,0
818,0,0,49.0,2,0.0,1,0.0,1.0,192298.84,1
712,0,1,29.0,3,102540.61,1,1.0,1.0,189680.8,0
617,2,1,44.0,9,49157.09,2,1.0,0.0,53294.17,0
656,1,1,69.0,6,163975.1,1,1.0,1.0,36108.5,0
682,1,1,46.0,4,0.0,1,1.0,1.0,4654.28,0
850,0,1,63.0,8,169832.56,1,0.0,0.0,184107.27,1
685,0,0,33.0,1,0.0,3,0.0,1.0,70221.13,1
732,0,0,43.0,6,0.0,2,1.0,0.0,65731.53,0
834,0,0,28.0,6,0.0,1,1.0,0.0,74287.53,0
715,2,0,34.0,9,102277.52,1,0.0,0.0,177852.56,1
624,0,1,37.0,0,0.0,2,0.0,0.0,112104.55,0
819,2,0,49.0,1,120656.86,4,0.0,0.0,166164.3,1
714,2,0,45.0,9,106431.97,2,1.0,1.0,164117.69,0
561,1,1,28.0,6,123692.0,1,1.0,1.0,70548.96,0
580,2,1,35.0,9,121355.19,1,0.0,1.0,35671.45,0
681,0,0,29.0,2,148143.84,1,1.0,1.0,52021.39,0
624,1,0,34.0,6,0.0,1,1.0,0.0,582.59,1
606,2,1,48.0,4,132403.56,1,0.0,0.0,36091.91,1
499,0,1,31.0,4,0.0,1,1.0,0.0,25950.49,0
632,2,1,30.0,1,58668.02,1,1.0,1.0,78670.52,0
446,1,0,45.0,10,125191.69,1,1.0,1.0,128260.86,1
665,0,0,44.0,7,0.0,2,1.0,1.0,66548.58,0
611,1,0,33.0,7,0.0,2,1.0,1.0,3729.89,0
529,0,1,67.0,8,103101.56,2,1.0,1.0,154002.02,1
632,2,0,50.0,5,107959.39,1,1.0,1.0,6985.34,1
820,1,0,31.0,2,94222.53,1,1.0,0.0,103570.8,0
556,0,0,36.0,2,134208.22,1,0.0,1.0,177670.56,0
759,1,0,74.0,6,128917.84,1,1.0,1.0,48244.64,0
498,2,1,35.0,2,121968.11,2,0.0,1.0,188343.05,0
482,2,1,45.0,7,156353.45,1,1.0,0.0,72643.95,1
673,2,1,47.0,1,183579.55,2,0.0,1.0,34047.54,0
615,0,1,30.0,8,0.0,2,0.0,0.0,3183.15,0
532,0,1,43.0,9,0.0,2,0.0,0.0,190573.9,1
619,0,0,40.0,10,0.0,1,1.0,1.0,147093.84,1
608,2,1,33.0,1,102772.67,2,1.0,0.0,70705.58,0
434,2,0,58.0,9,125801.03,2,1.0,0.0,60891.8,1
698,2,1,39.0,9,133191.19,2,0.0,1.0,53289.49,0
746,0,1,36.0,9,127157.04,1,1.0,1.0,155700.16,0
581,2,1,39.0,1,121523.51,1,0.0,0.0,161655.55,1
506,1,1,32.0,8,0.0,2,0.0,1.0,182692.8,0
850,0,0,42.0,3,0.0,2,1.0,1.0,176883.42,0
688,1,0,35.0,6,0.0,1,1.0,0.0,25488.43,1
632,2,1,41.0,3,126550.7,1,0.0,0.0,177644.52,1
572,0,1,37.0,1,133043.66,1,0.0,0.0,111243.09,0
699,1,1,35.0,2,167455.66,2,1.0,1.0,55324.49,0
696,0,1,52.0,6,139781.06,1,1.0,0.0,27445.4,1
588,2,0,42.0,2,164307.77,1,1.0,0.0,48498.19,0
738,0,0,39.0,1,94435.45,2,0.0,1.0,189430.86,0
651,0,1,45.0,1,0.0,1,1.0,0.0,67740.08,1
728,0,1,34.0,4,106328.08,1,1.0,0.0,88680.65,0
535,0,0,27.0,6,0.0,2,0.0,1.0,49775.58,0
698,1,0,50.0,1,0.0,4,1.0,0.0,88566.9,1
499,0,0,46.0,6,0.0,2,1.0,0.0,73457.55,0
679,2,0,37.0,8,77373.87,2,0.0,1.0,174873.1,0
681,1,1,38.0,2,99811.44,2,1.0,0.0,23531.5,0
737,2,1,35.0,0,133377.8,1,0.0,1.0,64050.19,0
677,0,0,27.0,2,0.0,2,0.0,1.0,114685.92,0
746,1,1,30.0,1,112666.67,1,0.0,0.0,11710.4,1
567,2,1,29.0,5,129750.68,1,1.0,0.0,109257.59,0
626,0,1,21.0,1,0.0,2,1.0,0.0,66232.23,0
643,1,0,45.0,9,150840.03,2,1.0,0.0,155516.34,0
491,0,0,68.0,3,107571.61,1,0.0,1.0,113695.99,0
667,0,1,40.0,8,72945.29,2,1.0,0.0,98931.5,0
627,2,0,30.0,6,57809.32,1,1.0,0.0,188258.48,0
698,1,0,31.0,8,185078.27,1,0.0,0.0,115337.74,1
597,1,0,66.0,3,0.0,1,1.0,1.0,70532.53,0
724,0,0,41.0,5,109798.25,1,0.0,1.0,149593.61,0
481,0,1,37.0,8,152303.66,2,1.0,1.0,175082.2,0
497,1,1,27.0,9,75263.16,1,1.0,1.0,164825.05,0
646,2,0,30.0,10,100548.67,2,0.0,0.0,136983.77,0
559,0,1,34.0,2,137390.11,2,1.0,0.0,9677.0,0
634,2,1,24.0,8,103097.85,1,1.0,1.0,157577.3,0
572,2,0,54.0,9,97382.53,1,1.0,1.0,195771.95,0
500,1,0,50.0,5,0.0,4,1.0,1.0,83866.35,1
503,2,1,42.0,9,153279.39,1,1.0,1.0,151336.95,0
708,2,0,23.0,4,71433.08,1,1.0,0.0,103697.57,0
550,1,1,45.0,0,0.0,2,0.0,1.0,70399.71,0
624,0,0,23.0,5,0.0,2,0.0,0.0,132418.6,0
757,0,1,28.0,7,120911.75,2,1.0,1.0,131249.45,0
527,2,0,39.0,9,96748.89,2,1.0,0.0,94711.43,0
697,0,1,42.0,9,132739.27,2,0.0,0.0,174667.66,0
490,0,1,29.0,4,0.0,2,1.0,0.0,32089.57,0
805,1,0,39.0,5,165272.12,1,1.0,0.0,14109.85,1
814,0,0,31.0,6,87772.52,1,1.0,0.0,188516.45,0
645,1,0,55.0,1,133676.66,1,0.0,1.0,17095.49,0
418,0,0,39.0,2,0.0,2,0.0,0.0,9041.71,0
617,2,0,51.0,10,167273.7,1,0.0,0.0,93439.75,1
431,0,1,63.0,6,160982.89,1,1.0,1.0,168008.17,0
690,0,1,47.0,2,0.0,2,1.0,0.0,151375.73,0
616,0,0,31.0,8,0.0,1,0.0,1.0,76456.17,0
753,0,0,43.0,5,0.0,2,1.0,0.0,109881.71,0
657,0,1,34.0,3,107136.6,1,1.0,0.0,153895.45,0
850,0,0,34.0,4,71379.53,2,1.0,1.0,154000.98,0
472,0,1,19.0,9,0.0,2,1.0,0.0,3453.4,0
500,0,1,56.0,1,100374.58,1,1.0,0.0,118490.8,1
444,0,0,40.0,5,84350.07,1,1.0,0.0,143835.77,0
667,0,1,42.0,7,0.0,1,0.0,1.0,108348.94,1
621,0,1,32.0,1,0.0,2,1.0,1.0,168779.47,0
764,0,0,24.0,0,0.0,2,1.0,0.0,88724.49,0
655,0,0,37.0,7,111852.84,2,1.0,0.0,10511.13,0
525,1,1,36.0,3,77910.23,1,1.0,0.0,67238.01,0
666,1,0,47.0,5,0.0,1,0.0,0.0,166650.9,1
580,0,1,31.0,2,0.0,2,0.0,1.0,64014.24,0
609,1,1,61.0,1,0.0,1,1.0,0.0,22447.85,1
589,0,0,31.0,10,110635.32,1,1.0,0.0,148218.86,0
632,1,0,29.0,7,80922.75,1,1.0,0.0,7820.78,0
769,1,1,41.0,1,72509.91,1,1.0,0.0,25723.73,0
621,2,1,27.0,1,74298.43,1,1.0,1.0,52581.96,0
493,0,1,54.0,3,167831.88,2,1.0,0.0,150159.95,1
627,0,0,21.0,7,98993.02,1,1.0,1.0,169156.64,0
760,2,0,49.0,9,91502.99,1,1.0,0.0,117232.9,1
680,0,1,33.0,1,123082.08,1,1.0,0.0,134960.98,0
660,0,0,20.0,6,167685.56,1,1.0,0.0,57929.9,0
580,0,1,37.0,9,0.0,2,0.0,1.0,77108.66,0
669,0,1,39.0,3,119452.03,1,1.0,1.0,171575.55,0
692,0,0,31.0,2,0.0,2,1.0,0.0,91829.17,1
594,0,0,31.0,0,79340.95,1,1.0,0.0,78255.86,0
625,2,0,37.0,4,142711.81,1,1.0,0.0,35625.41,0
704,1,1,33.0,3,0.0,2,1.0,0.0,73018.74,0
682,0,1,30.0,4,0.0,1,0.0,1.0,161465.31,0
770,0,1,36.0,2,89800.14,1,1.0,1.0,105922.69,0
640,2,0,74.0,2,116800.25,1,1.0,1.0,34130.43,0
588,2,1,41.0,6,106116.56,2,1.0,0.0,198766.61,0
673,0,0,44.0,8,133444.97,1,0.0,1.0,5708.19,0
716,0,0,35.0,8,112808.18,1,0.0,1.0,17848.3,0
743,0,1,40.0,8,68155.59,1,1.0,0.0,94876.65,0
711,0,1,36.0,9,137688.7,1,1.0,1.0,46884.1,0
721,2,1,68.0,4,136525.98,1,0.0,0.0,175399.14,0
613,0,1,34.0,5,144094.2,1,1.0,0.0,44510.26,0
521,0,1,37.0,5,105843.26,2,1.0,1.0,84908.2,0
833,0,0,28.0,4,136674.52,2,0.0,0.0,5278.78,0
581,2,1,38.0,1,133105.47,1,1.0,0.0,105732.9,1
683,0,1,30.0,10,57657.49,1,0.0,0.0,79240.9,0
634,2,1,74.0,5,108891.7,1,1.0,0.0,10078.02,0
732,2,0,45.0,6,98792.4,1,1.0,0.0,81491.7,1
743,2,1,65.0,2,131935.52,1,1.0,1.0,96399.67,1
741,1,1,43.0,0,0.0,2,1.0,1.0,2920.63,1
591,2,0,35.0,2,90194.34,2,1.0,0.0,57064.57,0
675,0,0,33.0,6,0.0,2,1.0,0.0,34045.61,0
616,0,0,37.0,6,0.0,2,1.0,0.0,86242.18,0
667,1,1,45.0,3,0.0,2,0.0,0.0,163655.02,0
774,0,1,26.0,2,93844.69,1,1.0,0.0,28415.36,0
553,2,0,25.0,7,128524.19,2,1.0,0.0,20682.46,0
762,2,0,34.0,8,98592.88,1,0.0,1.0,191790.3,1
702,1,0,35.0,8,14262.8,2,1.0,0.0,54689.16,0
695,0,0,31.0,5,106089.2,1,0.0,0.0,99537.68,0
635,0,1,34.0,3,134692.4,2,1.0,1.0,83773.02,0
696,2,1,32.0,4,84421.62,1,0.0,1.0,52314.71,0
850,0,1,56.0,7,131317.48,1,1.0,1.0,119175.45,0
701,0,1,33.0,9,147510.34,1,1.0,0.0,190611.92,0
595,2,0,45.0,9,106000.12,1,0.0,0.0,191448.95,1
684,0,1,46.0,0,0.0,2,1.0,1.0,36376.97,0
777,2,1,35.0,7,122917.69,1,1.0,1.0,76169.68,0
837,2,1,38.0,2,126732.85,1,1.0,1.0,79577.38,0
553,2,1,35.0,2,158584.28,2,1.0,0.0,43640.16,0
730,0,0,32.0,9,127661.69,1,0.0,0.0,60905.51,0
575,0,0,40.0,1,139532.34,1,1.0,0.0,181294.39,0
725,0,0,29.0,6,0.0,2,1.0,1.0,190776.83,0
672,0,1,47.0,1,0.0,1,0.0,0.0,91574.92,0
692,1,0,34.0,4,109699.08,1,1.0,1.0,37898.91,0
598,1,1,41.0,8,0.0,2,1.0,1.0,161954.44,0
685,1,1,40.0,7,74896.92,1,1.0,0.0,198694.2,0
837,0,1,49.0,8,103302.37,1,1.0,1.0,50974.57,0
562,0,0,57.0,3,0.0,3,1.0,0.0,6554.97,1
599,1,0,46.0,7,81742.84,2,1.0,0.0,83282.21,0
649,0,1,33.0,2,0.0,2,1.0,0.0,2010.98,0
796,0,0,45.0,2,109730.22,1,1.0,1.0,123882.73,0
726,1,0,56.0,2,105473.74,1,1.0,1.0,46044.7,0
615,1,1,51.0,6,81818.49,1,1.0,1.0,169149.38,0
808,0,0,33.0,2,103516.87,1,1.0,0.0,113907.8,0
770,1,1,55.0,9,63127.41,2,1.0,0.0,185211.28,1
686,0,1,38.0,6,149238.97,1,1.0,1.0,97825.23,0
638,0,1,34.0,5,133501.36,1,0.0,1.0,155643.05,0
581,0,0,37.0,10,104255.03,1,1.0,0.0,86609.37,0
652,2,1,35.0,7,104015.54,2,1.0,1.0,55207.88,0
827,2,0,47.0,8,143001.5,2,1.0,0.0,108977.5,0
498,0,0,31.0,10,0.0,2,1.0,0.0,13892.57,0
681,1,1,67.0,7,0.0,2,0.0,1.0,163714.92,0
660,1,1,31.0,1,84560.04,1,1.0,1.0,137784.25,0
645,0,1,32.0,4,0.0,2,0.0,1.0,97628.08,0
599,2,0,49.0,10,143888.22,2,1.0,1.0,166236.38,1
705,0,1,25.0,3,113736.27,1,0.0,1.0,196864.61,0
729,0,1,67.0,2,94203.8,1,0.0,1.0,102391.06,0
850,1,1,38.0,1,146343.98,1,0.0,1.0,103902.11,0
789,2,0,37.0,6,110689.07,1,1.0,1.0,71121.04,1
693,0,1,41.0,4,0.0,2,0.0,0.0,156381.47,0
670,0,1,33.0,1,0.0,2,1.0,1.0,86413.11,0
525,1,0,30.0,5,0.0,2,0.0,1.0,149195.44,0
784,0,1,31.0,7,0.0,2,1.0,1.0,143204.4,0
695,1,0,39.0,5,0.0,2,0.0,0.0,102763.69,0
665,1,1,38.0,9,0.0,1,0.0,1.0,87412.74,0
579,0,0,33.0,1,118392.75,1,1.0,1.0,157564.75,0
550,2,1,29.0,9,145294.08,2,1.0,0.0,147484.12,0
685,1,1,39.0,9,0.0,2,1.0,1.0,18826.06,0
676,1,1,48.0,1,131659.6,2,0.0,1.0,14152.15,0
569,1,1,38.0,8,0.0,2,0.0,0.0,79618.79,0
542,0,1,34.0,8,101116.06,1,1.0,0.0,196395.05,0
752,0,0,30.0,3,0.0,2,1.0,1.0,104991.28,0
433,0,0,49.0,10,0.0,1,1.0,1.0,87711.61,0
642,0,1,32.0,3,0.0,2,1.0,1.0,88698.83,0
607,2,0,39.0,8,105103.33,1,1.0,0.0,104721.5,1
559,0,0,43.0,1,0.0,2,1.0,1.0,196645.88,0
680,1,1,42.0,0,0.0,1,1.0,0.0,136377.2,0
545,2,1,37.0,9,110483.86,1,1.0,1.0,127394.67,0
602,0,1,34.0,5,0.0,2,1.0,1.0,77414.45,0
613,2,1,40.0,1,147856.81,3,0.0,0.0,107961.11,1
709,0,0,36.0,8,0.0,2,1.0,1.0,69676.55,0
657,1,1,36.0,8,0.0,2,0.0,1.0,123866.43,0
579,2,0,50.0,5,117721.02,1,0.0,1.0,192146.62,1
550,2,1,49.0,0,108806.96,3,1.0,0.0,61446.92,1
663,0,0,42.0,5,124626.07,1,1.0,1.0,78004.5,0
644,1,0,26.0,4,153455.72,2,1.0,1.0,82696.84,0
705,0,0,31.0,3,142905.52,1,1.0,1.0,58134.97,0
628,0,0,38.0,3,0.0,2,1.0,1.0,48924.73,0
554,0,0,22.0,8,0.0,2,0.0,1.0,142670.61,0
524,0,1,30.0,1,0.0,2,1.0,0.0,126812.85,0
648,1,0,56.0,6,157559.6,2,1.0,0.0,140991.23,1
613,2,0,50.0,5,101242.98,2,1.0,0.0,12493.61,0
555,0,1,31.0,8,145875.73,1,1.0,0.0,137491.23,0
611,2,0,43.0,9,127216.31,2,0.0,1.0,17913.25,0
678,0,0,22.0,6,118064.93,2,1.0,1.0,195424.02,0
692,0,1,29.0,4,0.0,1,1.0,0.0,76755.99,1
782,2,0,53.0,1,81571.05,1,1.0,0.0,182960.45,1
712,2,0,49.0,5,154776.42,2,0.0,0.0,196257.69,0
639,0,0,31.0,3,98360.03,1,0.0,0.0,20973.8,0
606,0,1,31.0,10,0.0,2,1.0,0.0,195209.4,0
755,0,1,29.0,9,117035.89,1,1.0,1.0,21862.19,0
850,0,1,58.0,8,156652.12,1,0.0,0.0,25899.21,1
651,2,0,42.0,1,116646.76,1,1.0,0.0,44731.8,1
619,0,1,58.0,5,152199.33,1,1.0,1.0,86022.09,0
470,0,1,35.0,1,96473.59,1,0.0,0.0,5962.3,0
636,2,0,29.0,3,97325.15,1,0.0,1.0,131924.38,0
514,0,1,38.0,4,112230.38,1,1.0,0.0,16717.11,1
850,1,0,32.0,9,0.0,2,1.0,1.0,18924.92,0
719,1,1,39.0,5,0.0,2,1.0,0.0,145759.7,0
660,0,1,34.0,8,106486.66,2,0.0,1.0,182262.66,0
699,1,1,34.0,8,0.0,1,1.0,1.0,76510.46,0
655,0,0,36.0,2,147149.6,1,1.0,1.0,87816.86,0
474,0,0,30.0,9,0.0,2,0.0,0.0,63158.22,0
546,2,0,42.0,9,86351.85,2,1.0,0.0,57380.13,0
805,1,1,26.0,2,0.0,2,1.0,1.0,25042.1,0
598,2,0,46.0,7,131769.05,1,0.0,0.0,184980.23,1
424,1,1,34.0,7,0.0,1,1.0,1.0,16250.61,0
804,0,1,55.0,7,0.0,2,1.0,1.0,118752.6,0
745,1,0,35.0,8,0.0,2,1.0,1.0,116581.1,0
675,0,1,34.0,1,124619.33,2,0.0,1.0,163667.56,0
679,0,1,39.0,0,86843.61,1,0.0,1.0,159830.58,0
629,0,1,40.0,9,0.0,1,1.0,0.0,106.67,0
760,0,1,34.0,2,0.0,2,1.0,0.0,164162.44,0
799,0,0,22.0,8,174185.98,2,0.0,1.0,192633.84,0
598,2,1,32.0,9,123938.6,2,1.0,0.0,198894.42,0
586,0,1,51.0,2,138553.56,1,1.0,1.0,92406.22,0
484,2,1,40.0,7,106901.42,2,0.0,0.0,118045.98,0
548,1,1,33.0,6,0.0,1,1.0,1.0,31728.35,0
487,0,1,37.0,6,0.0,2,1.0,1.0,126477.41,0
540,2,1,39.0,1,82531.11,1,1.0,0.0,114092.52,0
518,0,1,42.0,7,151027.05,2,1.0,0.0,119377.36,0
658,0,0,44.0,6,148481.1,1,1.0,0.0,130529.13,0
578,0,1,45.0,1,148600.9,1,1.0,0.0,143397.14,1
752,1,1,48.0,5,116060.08,1,1.0,0.0,156618.38,1
546,0,1,24.0,8,156325.38,1,1.0,1.0,125381.02,0
725,1,0,36.0,4,118520.26,1,0.0,0.0,131173.9,1
595,0,1,52.0,9,0.0,1,1.0,1.0,106340.66,1
670,2,0,36.0,2,84266.44,2,0.0,0.0,38614.69,0
756,2,0,39.0,3,100717.85,3,1.0,1.0,73406.04,1
685,1,1,31.0,10,135213.7,1,1.0,1.0,125777.28,0
634,2,1,27.0,3,107027.52,1,1.0,0.0,173425.69,0
501,0,0,40.0,2,0.0,2,0.0,0.0,141946.92,0
645,0,0,68.0,9,0.0,4,1.0,1.0,176353.88,1
797,0,1,29.0,1,0.0,1,0.0,1.0,149991.31,0
434,0,1,41.0,4,108128.52,1,0.0,1.0,56784.11,0
670,0,1,68.0,4,0.0,2,1.0,1.0,11426.7,0
570,0,1,37.0,6,0.0,1,1.0,1.0,187758.5,0
623,0,0,24.0,7,148167.83,2,1.0,1.0,109470.34,0
641,2,1,32.0,5,122947.92,1,1.0,1.0,99154.86,0
589,1,0,27.0,4,0.0,2,1.0,0.0,144181.48,0
679,1,1,58.0,9,109327.65,1,1.0,1.0,3829.13,0
568,0,0,38.0,3,132951.92,1,0.0,1.0,124486.28,0
581,0,1,25.0,5,77886.53,2,1.0,0.0,150319.48,0
461,0,0,40.0,7,0.0,2,1.0,0.0,176547.8,0
850,0,0,26.0,4,62610.96,2,0.0,1.0,179365.1,0
520,1,0,35.0,4,115680.81,1,1.0,1.0,90280.7,0
572,2,0,48.0,3,152827.98,1,1.0,0.0,38411.79,1
646,0,0,51.0,4,101629.3,1,0.0,0.0,130541.1,0
703,1,1,39.0,6,152685.4,1,0.0,0.0,183656.12,0
632,0,1,42.0,4,126115.6,1,1.0,0.0,100998.5,0
562,0,1,35.0,7,0.0,1,0.0,0.0,48869.67,0
615,1,1,32.0,5,138521.83,1,1.0,1.0,56897.1,0
766,2,0,38.0,7,130933.74,1,0.0,1.0,2035.94,0
623,0,0,57.0,7,71481.79,2,1.0,1.0,84421.34,0
821,2,1,42.0,3,87807.29,2,1.0,1.0,64613.81,0
613,1,0,32.0,0,0.0,2,0.0,1.0,126675.62,0
724,1,1,41.0,5,0.0,1,0.0,1.0,115753.94,0
712,0,0,29.0,3,87375.78,2,0.0,0.0,166194.53,0
722,1,1,37.0,9,0.0,2,1.0,0.0,31921.95,0
657,1,0,41.0,6,112119.48,1,1.0,0.0,17536.82,0
494,0,0,33.0,1,137853.0,1,0.0,1.0,90273.85,0
414,1,1,60.0,3,0.0,2,1.0,1.0,93844.82,0
480,0,0,28.0,6,0.0,2,0.0,0.0,48131.92,0
619,1,1,38.0,3,96143.47,1,0.0,0.0,98994.92,0
682,0,1,48.0,1,138778.16,1,0.0,1.0,168840.23,0
638,2,0,41.0,9,144326.1,1,1.0,0.0,73979.85,1
603,0,1,32.0,7,0.0,1,1.0,0.0,198055.94,1
627,0,0,57.0,9,0.0,2,1.0,1.0,107712.42,0
823,0,1,71.0,5,149105.08,1,0.0,1.0,162683.06,0
835,2,0,29.0,10,130420.2,2,0.0,0.0,106276.55,0
613,1,1,19.0,5,0.0,1,1.0,1.0,176903.34,0
607,2,1,61.0,2,164523.5,2,1.0,1.0,35786.76,0
850,0,1,35.0,3,162442.34,1,1.0,0.0,183566.78,0
593,0,1,35.0,9,114193.24,1,1.0,0.0,71154.1,0
780,1,0,33.0,6,145580.61,1,1.0,1.0,154598.56,0
660,2,1,30.0,1,84440.1,2,1.0,1.0,60485.98,0
660,0,1,35.0,7,0.0,2,1.0,0.0,13218.6,0
790,2,1,42.0,1,85839.62,1,1.0,0.0,198182.73,0
753,0,0,40.0,0,3768.69,2,1.0,0.0,177065.23,1
418,0,1,35.0,7,0.0,2,1.0,1.0,88878.15,0
547,2,1,50.0,3,81290.02,3,0.0,1.0,177747.03,1
630,1,0,31.0,1,0.0,2,1.0,1.0,169802.73,0
572,0,1,33.0,9,68193.72,1,1.0,0.0,19998.31,0
587,0,1,39.0,10,0.0,2,1.0,1.0,170409.45,0
628,1,0,33.0,3,0.0,1,1.0,1.0,188193.25,0
560,1,0,26.0,3,116576.45,1,1.0,0.0,157567.38,0
558,0,1,38.0,8,113000.92,1,1.0,1.0,152872.39,0
590,0,1,32.0,5,0.0,2,1.0,0.0,59249.83,0
694,2,0,58.0,1,143212.22,1,0.0,0.0,102628.56,1
709,0,0,40.0,9,131569.62,1,1.0,1.0,103970.58,0
703,0,1,43.0,8,0.0,2,1.0,0.0,9704.66,0
584,0,1,35.0,3,146311.58,1,1.0,1.0,105443.47,0
619,0,1,44.0,3,116967.68,1,1.0,0.0,5075.17,1
687,2,0,29.0,4,78939.15,1,1.0,0.0,122134.56,1
662,0,0,37.0,5,0.0,2,1.0,0.0,151871.84,0
504,0,0,73.0,8,0.0,1,1.0,1.0,34595.58,0
710,1,1,23.0,6,0.0,2,1.0,1.0,134188.11,0
730,0,1,39.0,1,116537.6,1,0.0,0.0,145679.6,0
717,1,0,39.0,6,0.0,2,1.0,0.0,93275.61,0
639,1,0,27.0,8,133806.55,2,1.0,0.0,6251.3,0
558,2,1,58.0,2,142537.19,1,1.0,1.0,88791.83,0
580,0,0,39.0,9,128362.59,1,1.0,0.0,86044.98,0
519,0,0,21.0,1,146329.56,2,1.0,1.0,194867.27,0
725,0,0,33.0,4,0.0,1,1.0,1.0,67879.8,0
514,0,0,46.0,3,106511.85,1,1.0,0.0,55072.32,0
635,2,0,28.0,3,81623.67,2,1.0,1.0,156791.36,0
576,0,1,39.0,1,0.0,2,1.0,1.0,68814.23,0
644,1,1,49.0,10,0.0,2,1.0,1.0,145089.64,0
717,2,0,64.0,10,98362.35,2,1.0,1.0,21630.21,0
509,1,1,41.0,7,126683.8,1,0.0,1.0,114775.53,0
763,0,0,23.0,2,0.0,2,1.0,0.0,153983.98,0
600,0,1,37.0,1,142663.45,1,0.0,1.0,88669.89,0
668,2,0,39.0,0,122104.79,1,1.0,0.0,112946.67,1
714,0,0,52.0,2,0.0,1,0.0,1.0,144045.08,1
775,0,1,52.0,8,109922.61,1,1.0,1.0,96823.32,1
729,0,1,44.0,6,0.0,2,1.0,0.0,151733.44,0
792,0,0,28.0,4,130142.79,1,1.0,0.0,38190.78,0
753,0,0,50.0,4,0.0,2,1.0,1.0,861.4,0
554,1,0,41.0,4,112152.89,1,0.0,1.0,36242.19,0
584,0,0,37.0,1,0.0,2,1.0,1.0,180363.56,0
850,0,1,40.0,6,0.0,1,1.0,0.0,136985.08,1
457,0,0,38.0,7,164496.98,1,1.0,1.0,163327.27,0
602,0,0,35.0,5,0.0,2,1.0,0.0,31050.02,0
601,2,1,48.0,9,163630.77,1,0.0,1.0,41816.49,1
667,1,1,71.0,4,137260.78,1,0.0,1.0,94433.08,1
682,1,0,64.0,9,0.0,2,1.0,1.0,103318.44,0
772,2,0,48.0,6,108736.52,1,1.0,0.0,184564.67,1
638,1,0,34.0,7,0.0,2,0.0,0.0,3946.29,0
602,1,1,37.0,3,107592.89,2,0.0,1.0,153122.73,0
626,0,0,39.0,0,0.0,2,1.0,1.0,83295.09,0
836,2,0,32.0,4,109196.67,2,1.0,0.0,55218.02,0
714,2,1,26.0,3,119545.48,2,1.0,0.0,65482.94,0
652,0,0,40.0,4,79927.36,2,1.0,1.0,33524.6,0
679,1,1,33.0,4,96110.22,1,1.0,0.0,1173.23,0
655,0,0,51.0,3,0.0,2,0.0,1.0,15801.02,0
661,1,0,42.0,3,0.0,2,1.0,0.0,35989.41,0
805,2,0,45.0,9,116585.97,1,1.0,0.0,189428.75,1
696,0,0,33.0,4,0.0,2,1.0,1.0,73371.65,0
658,0,0,29.0,8,0.0,2,0.0,1.0,130461.09,0
696,0,1,27.0,4,87637.26,2,0.0,0.0,196111.34,0
692,2,1,45.0,6,142084.05,4,1.0,0.0,188305.84,1
708,1,0,41.0,5,0.0,1,0.0,1.0,157003.98,0
706,0,1,34.0,8,0.0,2,1.0,1.0,37479.97,0
799,0,0,30.0,9,0.0,2,1.0,0.0,136827.95,0
625,2,1,31.0,4,77743.01,2,1.0,0.0,75335.68,0
771,1,0,47.0,3,72664.0,2,1.0,1.0,107874.39,0
590,0,1,40.0,8,0.0,2,1.0,0.0,62933.03,0
561,0,0,49.0,8,0.0,2,1.0,1.0,12513.07,0
664,2,1,33.0,7,97286.16,2,1.0,0.0,143433.33,0
705,2,1,41.0,4,72252.64,2,1.0,1.0,142514.66,0
750,2,1,42.0,8,151836.36,2,1.0,0.0,68695.38,0
479,0,0,35.0,2,113090.4,1,1.0,0.0,195649.8,0
620,2,1,40.0,5,108197.11,2,1.0,0.0,49722.34,0
711,0,0,35.0,8,0.0,1,1.0,1.0,67508.01,0
527,1,0,35.0,8,0.0,1,1.0,0.0,98031.53,1
717,1,0,36.0,2,164557.95,1,0.0,1.0,82336.73,0
756,2,0,60.0,3,115924.89,1,1.0,0.0,93524.19,1
682,0,1,61.0,10,73688.2,1,1.0,1.0,172141.33,0
850,0,1,31.0,8,0.0,2,1.0,0.0,178667.7,0
722,0,0,47.0,2,88011.4,1,1.0,1.0,90655.94,1
714,0,0,72.0,3,0.0,1,1.0,1.0,86733.61,0
710,2,1,58.0,7,170113.0,2,0.0,1.0,10494.64,0
844,0,0,28.0,4,0.0,2,0.0,1.0,123318.37,0
743,1,1,25.0,6,0.0,2,1.0,0.0,129740.11,0
598,1,0,64.0,1,62979.93,1,1.0,1.0,152273.56,0
569,0,1,28.0,7,0.0,2,1.0,0.0,73977.23,0
715,0,0,33.0,3,85227.84,1,1.0,1.0,68087.15,0
724,0,0,28.0,5,0.0,1,1.0,0.0,59351.68,0
449,0,0,37.0,6,0.0,2,1.0,0.0,82176.48,0
566,1,1,44.0,5,0.0,2,1.0,0.0,66462.79,0
681,2,1,37.0,8,73179.34,2,1.0,1.0,25292.53,0
651,1,0,45.0,8,95922.9,1,1.0,0.0,84782.42,1
516,1,0,33.0,3,0.0,2,1.0,1.0,58685.59,0
508,0,0,38.0,3,166328.66,2,0.0,1.0,22614.19,0
773,0,0,50.0,4,0.0,2,1.0,0.0,129372.94,0
560,0,0,31.0,3,115141.18,1,1.0,0.0,39806.75,0
756,0,0,23.0,1,112568.31,1,1.0,1.0,113408.11,0
516,0,1,51.0,8,120124.35,2,0.0,1.0,168773.55,0
474,0,1,54.0,3,0.0,1,1.0,0.0,108409.17,1
645,0,1,25.0,0,174400.36,1,1.0,0.0,42669.37,0
653,1,0,30.0,2,88243.29,2,1.0,1.0,96658.26,0
599,1,0,28.0,4,126833.79,2,1.0,0.0,60843.09,1
681,1,1,30.0,2,111093.01,1,1.0,0.0,68985.99,0
642,2,0,19.0,3,113905.48,1,1.0,1.0,176137.2,0
666,1,1,43.0,5,0.0,2,1.0,0.0,29346.1,0
501,0,0,34.0,5,0.0,1,1.0,0.0,27380.99,0
523,2,1,27.0,8,61688.61,2,1.0,0.0,147059.16,0
606,1,1,35.0,7,0.0,1,1.0,0.0,106837.06,1
850,2,1,41.0,8,60880.68,1,1.0,0.0,31825.84,0
588,2,1,49.0,6,132623.77,3,1.0,0.0,36292.94,1
684,0,1,54.0,6,0.0,2,1.0,1.0,94888.6,0
725,2,1,45.0,8,116917.07,1,0.0,0.0,173464.44,1
681,2,1,31.0,4,97338.19,2,0.0,0.0,48226.76,0
675,1,1,32.0,10,0.0,2,1.0,0.0,191545.66,0
789,0,0,27.0,8,66201.96,1,1.0,1.0,79458.12,0
450,1,0,46.0,5,177619.7,1,1.0,0.0,54227.06,0
679,1,1,42.0,2,0.0,1,1.0,1.0,168294.27,0
683,2,0,35.0,5,95698.79,1,0.0,1.0,182566.77,0
494,1,1,67.0,5,0.0,2,1.0,1.0,85890.16,0
700,2,0,28.0,3,99705.69,2,0.0,0.0,146723.72,0
529,0,1,42.0,1,157498.9,1,1.0,1.0,82276.62,0
750,2,0,37.0,1,133199.7,2,1.0,1.0,27366.77,0
498,0,1,34.0,2,0.0,2,1.0,1.0,148528.23,0
702,0,1,34.0,4,100054.77,1,1.0,0.0,109496.45,0
629,1,1,36.0,1,161757.88,2,1.0,1.0,146371.72,0
603,0,1,44.0,9,0.0,1,1.0,0.0,138328.23,0
603,1,1,57.0,6,105000.85,2,1.0,1.0,87412.24,1
850,0,0,33.0,3,0.0,2,1.0,1.0,11159.19,0
763,2,0,32.0,1,108465.65,2,1.0,0.0,60552.44,1
534,1,1,51.0,3,0.0,2,0.0,1.0,20856.31,0
534,0,0,23.0,5,104822.45,1,0.0,1.0,160176.47,0
690,1,1,26.0,8,116318.23,1,1.0,1.0,83253.05,0
579,2,1,31.0,6,139729.55,1,0.0,1.0,135815.38,0
680,0,0,25.0,4,123816.5,1,1.0,1.0,90162.35,0
628,2,1,40.0,5,181768.31,2,1.0,1.0,129107.97,0
749,2,1,22.0,4,94762.16,2,1.0,1.0,42241.54,0
651,0,1,45.0,2,165901.6,2,1.0,0.0,23054.51,1
730,0,1,33.0,0,0.0,2,1.0,0.0,1474.79,0
658,1,1,36.0,1,0.0,2,0.0,1.0,84927.42,0
769,2,1,27.0,7,188614.06,1,1.0,0.0,171344.1,0
410,2,0,50.0,2,102278.79,2,1.0,0.0,89822.48,0
850,0,1,35.0,2,0.0,2,1.0,1.0,56991.66,0
539,0,0,29.0,4,0.0,2,1.0,1.0,100919.19,0
745,0,0,32.0,2,0.0,4,0.0,1.0,179705.12,1
741,1,1,35.0,6,74371.49,1,0.0,0.0,99595.67,0
636,1,1,36.0,1,0.0,3,1.0,1.0,74048.1,1
519,1,1,39.0,4,111900.14,1,1.0,1.0,97577.17,0
631,0,1,35.0,9,112392.45,2,1.0,0.0,24472.23,0
733,0,0,44.0,6,168165.84,1,0.0,1.0,197193.48,0
532,1,0,37.0,5,0.0,2,0.0,1.0,6761.84,0
632,0,0,49.0,5,167962.7,1,0.0,0.0,140201.2,0
682,1,0,48.0,9,101198.01,1,1.0,1.0,49732.9,0
572,0,1,43.0,2,140431.98,1,1.0,0.0,26450.57,1
599,2,1,61.0,1,124737.96,1,0.0,1.0,90389.61,1
734,1,0,37.0,2,130404.92,1,0.0,0.0,34548.74,0
757,2,1,33.0,1,122088.67,1,1.0,0.0,42581.09,0
667,2,1,27.0,2,138032.16,1,1.0,0.0,166317.7,0
643,1,1,48.0,8,0.0,2,1.0,0.0,174729.3,0
746,0,1,35.0,2,172274.02,1,1.0,0.0,22374.97,0
573,0,1,27.0,2,128243.03,1,1.0,1.0,11631.34,0
764,0,0,24.0,7,0.0,2,1.0,0.0,186105.98,0
601,0,1,40.0,10,127847.86,1,0.0,0.0,173245.69,0
750,1,0,33.0,3,161801.47,1,0.0,1.0,153288.97,1
717,0,0,28.0,1,90537.16,1,0.0,1.0,74800.99,0
705,0,1,25.0,0,97544.29,1,0.0,1.0,59887.15,0
741,1,1,25.0,4,0.0,2,1.0,1.0,73873.65,0
680,0,1,49.0,10,0.0,2,1.0,0.0,187008.45,0
554,0,0,43.0,10,0.0,2,1.0,0.0,149629.12,1
850,0,1,20.0,7,0.0,2,1.0,0.0,31288.77,0
632,0,0,21.0,1,0.0,2,1.0,0.0,84008.66,0
523,0,1,45.0,5,0.0,2,1.0,1.0,121428.2,0
782,1,1,23.0,10,98052.66,1,1.0,1.0,142587.31,0
806,2,1,36.0,8,167983.17,2,1.0,1.0,106714.28,0
673,2,0,77.0,10,76510.52,2,0.0,1.0,59595.66,0
628,2,1,29.0,3,113146.98,2,0.0,1.0,124749.08,0
648,2,0,39.0,3,126935.98,2,0.0,1.0,57995.74,0
833,0,0,34.0,3,144751.81,1,0.0,0.0,166472.81,0
850,0,0,39.0,2,0.0,2,1.0,0.0,179451.42,0
599,1,1,34.0,2,101506.66,1,0.0,0.0,198030.23,0
558,1,0,31.0,7,0.0,2,1.0,0.0,166720.28,0
747,0,0,21.0,4,81025.6,2,1.0,0.0,167682.56,0
762,0,1,29.0,6,141389.06,1,1.0,0.0,54122.89,0
773,0,0,41.0,7,190238.94,1,1.0,1.0,57549.65,0
752,0,1,38.0,0,145974.8,2,1.0,1.0,137694.23,0
667,2,0,27.0,3,106116.5,2,1.0,0.0,3674.71,0
656,0,1,30.0,3,0.0,2,0.0,1.0,17104.0,0
564,0,1,35.0,4,0.0,1,1.0,0.0,158937.55,0
608,0,0,34.0,4,88772.87,1,1.0,1.0,168822.02,0
647,0,1,28.0,8,0.0,2,1.0,1.0,91055.27,0
526,2,1,31.0,5,145537.2,1,1.0,0.0,132404.64,0
709,1,0,35.0,1,111827.27,2,1.0,0.0,12674.68,0
694,1,1,57.0,8,116326.07,1,1.0,1.0,117704.65,0
826,0,1,55.0,4,115285.85,1,1.0,0.0,140126.17,0
457,0,1,41.0,8,73700.12,3,1.0,1.0,185750.02,1
633,2,1,43.0,3,144164.3,1,1.0,1.0,158646.45,0
738,0,1,31.0,9,82674.15,1,1.0,0.0,41970.72,0
685,0,1,23.0,8,0.0,2,1.0,1.0,112239.03,0
850,2,1,61.0,3,141784.02,1,1.0,1.0,92053.75,0
580,1,0,57.0,0,136820.98,1,0.0,1.0,108528.74,0
706,2,1,32.0,5,88348.43,2,1.0,1.0,104181.78,0
722,1,1,43.0,1,0.0,1,1.0,0.0,44560.17,1
676,0,1,23.0,1,107787.47,1,0.0,1.0,116378.82,0
646,0,0,30.0,5,0.0,2,1.0,0.0,13935.32,0
681,0,1,38.0,3,0.0,2,1.0,1.0,112491.96,0
743,0,1,37.0,8,69143.91,2,0.0,1.0,105780.18,0
524,0,1,22.0,9,0.0,2,1.0,0.0,74405.34,0
446,0,1,32.0,8,0.0,2,0.0,0.0,133292.94,0
699,0,1,39.0,9,0.0,1,1.0,0.0,80963.92,0
850,2,0,43.0,8,92244.83,2,1.0,0.0,54949.73,0
536,2,0,44.0,4,121898.82,1,0.0,0.0,131007.18,0
730,0,1,23.0,8,0.0,2,1.0,0.0,183284.53,0
679,0,0,33.0,6,0.0,2,1.0,1.0,98015.85,0
591,0,1,40.0,2,99886.42,2,1.0,1.0,88695.19,0
653,0,0,27.0,9,0.0,2,1.0,0.0,96429.29,0
541,0,1,37.0,9,212314.03,1,0.0,1.0,148814.55,0
476,2,0,34.0,8,111905.43,1,0.0,1.0,197221.81,1
655,1,1,38.0,9,0.0,1,0.0,1.0,90490.33,0
516,1,1,50.0,5,0.0,1,0.0,1.0,146145.94,1
740,0,1,36.0,7,0.0,1,1.0,1.0,13177.4,0
607,2,1,47.0,4,148826.31,1,1.0,1.0,79450.61,0
753,2,0,46.0,3,111512.75,3,1.0,0.0,159576.75,1
812,2,1,33.0,2,127154.14,2,0.0,1.0,105383.49,0
701,2,1,63.0,3,120916.52,3,0.0,0.0,144727.45,1
478,1,1,43.0,1,0.0,2,1.0,1.0,197916.44,0
712,2,1,37.0,7,93978.96,2,1.0,0.0,60651.77,0
602,0,1,32.0,10,0.0,2,1.0,1.0,116052.92,0
495,1,0,42.0,7,0.0,2,0.0,0.0,130404.53,0
605,0,1,52.0,7,0.0,2,1.0,1.0,173952.5,0
590,1,1,22.0,7,125265.61,1,1.0,1.0,161253.08,0
699,0,1,40.0,7,0.0,1,0.0,1.0,152876.12,1
543,1,1,23.0,5,0.0,2,1.0,0.0,117832.39,0
642,0,0,39.0,4,0.0,1,1.0,1.0,76821.24,0
727,2,1,40.0,1,93051.64,2,1.0,0.0,71865.31,1
731,0,1,30.0,7,0.0,2,1.0,1.0,184581.69,0
807,0,1,33.0,10,101952.97,2,1.0,0.0,178153.66,0
688,0,1,40.0,6,0.0,1,1.0,1.0,47886.44,0
687,0,1,34.0,5,128270.56,1,1.0,0.0,191092.62,0
588,1,1,34.0,6,121132.26,2,1.0,0.0,86460.28,0
811,0,1,31.0,7,117799.28,1,1.0,1.0,182372.34,0
745,0,1,46.0,2,122220.19,1,1.0,1.0,118024.1,0
749,0,1,42.0,2,56726.83,2,0.0,1.0,185543.34,0
645,0,0,36.0,8,0.0,2,1.0,1.0,12096.61,1
697,0,1,35.0,5,133087.77,1,1.0,0.0,64771.61,0
600,0,0,26.0,6,108909.12,1,1.0,0.0,82547.01,0
672,0,0,43.0,4,92599.55,2,1.0,1.0,167336.78,0
591,1,1,31.0,8,0.0,1,1.0,1.0,141677.33,0
667,2,1,32.0,0,103846.65,1,1.0,0.0,20560.69,0
614,0,0,41.0,8,121558.46,1,1.0,1.0,598.8,0
736,0,0,30.0,9,0.0,2,1.0,0.0,34180.33,0
726,0,1,37.0,2,132057.92,2,1.0,0.0,34743.98,0
731,1,1,25.0,8,96950.21,1,1.0,0.0,97877.92,0
615,2,1,39.0,5,113193.51,2,1.0,1.0,52166.25,0
755,2,0,38.0,1,82083.52,1,0.0,1.0,10333.78,0
555,1,1,32.0,10,0.0,2,0.0,1.0,168605.95,0
802,2,0,41.0,4,90757.64,2,0.0,1.0,169183.66,0
503,1,0,36.0,9,0.0,2,1.0,1.0,16274.67,0
655,2,0,36.0,10,122314.39,1,1.0,0.0,9181.66,0
714,0,1,37.0,9,148466.94,2,0.0,1.0,151280.95,0
457,2,1,42.0,4,126772.57,1,0.0,1.0,126106.4,0
756,2,1,41.0,6,149049.92,1,0.0,1.0,50422.36,1
589,0,1,38.0,2,0.0,1,1.0,0.0,79915.28,0
657,2,1,57.0,8,107174.58,1,1.0,1.0,126369.55,1
672,1,0,56.0,2,209767.31,2,1.0,1.0,150694.42,1
641,2,1,42.0,3,121765.37,2,1.0,1.0,166516.84,0
542,1,1,54.0,8,105770.14,1,0.0,1.0,140929.98,1
694,0,0,30.0,9,0.0,2,1.0,1.0,26960.31,0
701,2,1,41.0,9,164046.1,1,1.0,0.0,49405.93,0
709,1,1,62.0,3,0.0,2,1.0,1.0,82195.15,0
601,0,1,44.0,1,100486.18,2,1.0,1.0,62678.53,0
579,1,1,37.0,5,152212.88,2,0.0,0.0,120219.14,0
634,1,1,25.0,9,0.0,2,1.0,1.0,8227.91,0
621,1,0,36.0,7,116338.68,1,1.0,1.0,155743.48,0
584,0,0,40.0,4,82441.75,1,0.0,0.0,80852.11,0
637,0,1,33.0,0,132255.98,2,0.0,1.0,74588.41,0
630,2,0,51.0,0,108449.23,3,0.0,0.0,88372.69,1
460,2,0,35.0,8,102742.91,2,1.0,1.0,189339.6,0
461,2,0,34.0,5,63663.93,1,0.0,1.0,167784.28,0
590,0,0,54.0,4,0.0,2,1.0,1.0,93820.49,1
592,0,0,34.0,9,0.0,2,1.0,1.0,20460.2,0
452,1,1,44.0,3,88915.85,1,1.0,0.0,69697.74,0
551,0,1,43.0,7,0.0,2,1.0,0.0,178393.69,0
359,0,0,44.0,6,128747.69,1,1.0,0.0,146955.7,1
552,0,0,41.0,9,124349.34,1,1.0,0.0,135635.25,0
667,2,1,33.0,9,124573.33,2,0.0,0.0,683.37,0
698,2,1,56.0,1,112414.81,2,0.0,0.0,93982.02,1
677,0,1,36.0,4,0.0,2,1.0,0.0,7824.31,0
430,2,0,66.0,6,135392.31,2,1.0,1.0,172852.06,1
627,2,0,37.0,7,147361.56,1,1.0,1.0,133031.95,0
639,0,0,35.0,1,103015.12,2,1.0,1.0,139094.12,0
732,0,1,55.0,9,136576.02,1,0.0,1.0,3268.17,1
557,0,1,36.0,3,0.0,1,0.0,1.0,144078.02,0
597,2,0,22.0,6,101528.61,1,1.0,0.0,70529.0,1
545,2,0,44.0,2,127536.44,1,1.0,0.0,108398.63,0
625,0,1,41.0,6,97663.16,2,1.0,0.0,57128.78,0
604,1,1,40.0,5,155455.44,1,0.0,1.0,113581.85,0
750,0,0,47.0,7,121376.15,2,1.0,0.0,54473.6,1
556,1,1,38.0,2,115463.16,1,1.0,0.0,150679.66,0
701,1,0,42.0,5,0.0,2,0.0,0.0,24210.56,0
603,2,0,40.0,8,148897.02,1,0.0,0.0,105052.9,0
554,0,0,45.0,6,0.0,2,1.0,1.0,181204.5,0
652,0,1,38.0,6,0.0,2,1.0,1.0,145700.22,0
686,0,0,41.0,7,152105.56,2,0.0,1.0,132374.4,0
685,2,1,38.0,4,111798.06,2,1.0,1.0,102184.66,0
507,1,0,34.0,4,0.0,2,1.0,1.0,60688.38,0
687,0,0,24.0,3,110495.27,1,1.0,0.0,158615.4,0
784,1,0,40.0,8,0.0,2,1.0,0.0,108891.3,0
652,2,0,47.0,0,126597.89,2,1.0,1.0,38798.79,1
542,0,0,31.0,3,0.0,2,1.0,1.0,115217.59,0
706,2,0,44.0,2,185932.19,2,1.0,0.0,65413.41,0
694,2,1,37.0,1,95668.82,2,1.0,0.0,100335.55,0
582,0,1,29.0,0,0.0,1,1.0,0.0,142516.34,0
772,1,1,36.0,3,112029.83,1,1.0,1.0,186948.34,0
603,1,0,39.0,5,162390.52,2,1.0,0.0,54702.66,0
639,0,0,60.0,5,162039.78,1,1.0,1.0,84361.72,1
793,1,1,63.0,0,0.0,2,0.0,1.0,27166.75,0
758,0,0,34.0,1,154139.45,1,1.0,1.0,60728.89,0
796,2,0,40.0,1,99745.95,1,1.0,0.0,177524.19,0
534,0,1,62.0,2,0.0,2,0.0,0.0,42763.12,1
704,0,1,31.0,0,0.0,2,1.0,0.0,183038.33,0
629,0,0,37.0,6,129101.3,1,1.0,1.0,23971.33,0
542,0,1,67.0,10,129431.36,1,0.0,1.0,21343.74,0
548,0,0,35.0,10,0.0,1,1.0,1.0,31299.71,0
764,1,0,33.0,9,168964.77,1,0.0,1.0,118982.51,0
678,0,0,28.0,4,0.0,2,1.0,1.0,144423.17,1
657,1,1,34.0,5,154983.98,1,1.0,0.0,27738.01,0
671,0,0,38.0,6,132129.72,1,0.0,1.0,76068.95,0
664,2,1,36.0,6,71142.77,2,1.0,0.0,122433.09,0
850,2,0,31.0,4,164672.66,1,0.0,1.0,61936.1,0
715,0,1,28.0,7,160376.61,1,0.0,0.0,196853.11,0
624,0,1,42.0,3,145155.38,1,1.0,0.0,72169.95,1
783,1,0,37.0,1,136689.66,1,1.0,0.0,197890.66,0
575,0,1,27.0,3,139301.69,1,1.0,0.0,99843.98,0
795,2,1,37.0,2,139265.62,2,1.0,1.0,198745.94,0
641,1,1,32.0,7,0.0,2,1.0,1.0,24267.28,0
621,1,1,42.0,8,68683.68,1,1.0,1.0,74157.71,0
723,0,1,48.0,7,0.0,2,1.0,1.0,150694.58,0
698,2,1,52.0,8,96781.39,1,1.0,1.0,153373.7,0
688,1,0,46.0,3,0.0,2,0.0,1.0,104902.68,0
690,1,0,48.0,2,0.0,2,1.0,1.0,3149.1,0
790,1,1,46.0,8,182364.53,1,0.0,0.0,139266.48,1
648,0,0,44.0,2,0.0,2,1.0,1.0,58652.23,0
718,1,1,40.0,9,0.0,2,0.0,0.0,121537.91,0
540,1,1,67.0,1,88382.01,1,0.0,1.0,59457.0,0
634,1,0,36.0,1,0.0,1,1.0,1.0,143960.72,0
761,0,1,31.0,7,0.0,3,1.0,1.0,166698.19,0
712,0,1,24.0,2,0.0,1,0.0,1.0,121232.51,0
562,0,1,33.0,6,0.0,2,1.0,0.0,111590.35,0
645,2,1,47.0,9,152076.94,1,1.0,0.0,121840.2,1
659,0,0,38.0,3,0.0,2,1.0,0.0,158553.1,0
756,0,1,62.0,3,0.0,1,1.0,1.0,11199.04,1
641,2,1,41.0,7,104405.54,3,1.0,0.0,17384.21,0
722,2,0,37.0,0,125977.81,1,0.0,0.0,160162.42,0
806,0,1,34.0,5,113958.55,1,0.0,1.0,32125.98,0
580,2,0,42.0,2,123331.36,1,0.0,0.0,103516.08,1
524,1,0,32.0,6,0.0,1,1.0,1.0,132861.9,1
741,0,0,36.0,3,0.0,2,1.0,1.0,89804.83,0
663,0,1,43.0,4,87624.03,2,1.0,0.0,149401.33,0
597,1,0,33.0,2,0.0,2,1.0,1.0,4700.66,0
565,2,0,32.0,4,90322.99,2,0.0,1.0,118740.37,0
550,0,0,40.0,7,114354.95,1,1.0,0.0,54018.93,0
599,2,1,46.0,9,123444.72,1,1.0,1.0,31368.08,1
577,1,0,40.0,1,0.0,2,1.0,1.0,108787.0,0
652,2,0,58.0,3,116353.2,2,0.0,1.0,193502.9,0
561,0,1,37.0,1,100443.36,2,0.0,1.0,101693.73,0
658,0,1,32.0,8,0.0,1,1.0,1.0,80410.68,0
648,1,1,35.0,7,0.0,2,0.0,0.0,122899.01,0
502,2,0,33.0,6,125241.17,2,1.0,1.0,158736.06,0
657,2,0,38.0,5,123770.46,1,0.0,0.0,47019.66,1
683,2,0,57.0,5,162448.69,1,0.0,0.0,9221.78,1
608,0,1,37.0,5,146093.39,2,0.0,0.0,160593.4,0
850,0,0,62.0,1,124678.35,1,1.0,0.0,70916.0,1
703,0,1,28.0,9,0.0,2,0.0,1.0,2151.17,0
661,1,1,39.0,6,132628.98,1,0.0,0.0,38812.67,0
709,0,1,31.0,6,0.0,2,1.0,1.0,71009.84,0
650,1,0,50.0,7,129667.77,1,0.0,0.0,42028.16,0
700,0,0,44.0,2,58781.76,1,1.0,0.0,16874.92,0
646,0,0,46.0,4,0.0,3,1.0,0.0,93251.42,1
682,0,0,33.0,8,74963.5,1,1.0,1.0,32770.56,0
616,0,1,44.0,5,102016.38,1,0.0,1.0,178235.38,1
713,1,1,42.0,0,109121.71,1,0.0,1.0,167873.48,0
563,0,1,30.0,7,90727.79,1,1.0,0.0,122268.75,0
675,0,1,34.0,8,0.0,2,1.0,1.0,184842.2,0
599,0,1,58.0,4,0.0,1,0.0,0.0,176407.16,1
593,0,1,36.0,2,70181.48,2,1.0,0.0,80608.12,0
632,0,1,41.0,0,106134.46,1,0.0,1.0,105570.39,0
551,2,1,31.0,9,82293.82,2,1.0,1.0,91565.25,0
485,2,0,30.0,5,156771.69,1,1.0,1.0,141148.2,0
691,0,1,30.0,9,0.0,1,1.0,0.0,49594.02,0
527,1,1,53.0,8,0.0,1,1.0,1.0,51711.57,0
736,1,0,26.0,4,135889.12,1,1.0,1.0,165692.03,0
603,2,0,35.0,9,145623.36,1,1.0,0.0,163181.62,0
557,0,0,32.0,6,184686.4,2,1.0,0.0,14956.44,0
715,1,1,31.0,7,0.0,1,1.0,1.0,149970.6,0
634,0,1,26.0,8,0.0,1,1.0,0.0,21760.96,0
678,0,1,26.0,3,0.0,2,1.0,0.0,4989.33,0
719,1,1,40.0,4,128389.12,1,1.0,1.0,176091.31,0
760,1,0,32.0,2,0.0,1,1.0,1.0,114565.35,0
677,2,1,34.0,3,126729.41,1,1.0,1.0,26106.39,1
524,1,0,64.0,5,0.0,1,1.0,0.0,136079.64,1
618,2,0,40.0,1,133245.52,2,1.0,1.0,54495.82,0
636,0,1,34.0,8,0.0,2,1.0,0.0,38570.13,0
809,0,1,43.0,2,0.0,2,1.0,1.0,132908.06,0
679,2,1,38.0,7,110555.37,2,1.0,0.0,46522.68,0
762,2,1,34.0,4,88815.56,2,1.0,0.0,68562.26,1
653,0,0,42.0,1,0.0,2,1.0,1.0,5768.32,0
721,2,1,28.0,9,154475.55,2,0.0,1.0,101300.94,1
425,0,1,39.0,4,0.0,2,1.0,0.0,197226.31,0
648,2,0,45.0,5,118886.55,1,0.0,0.0,51636.7,0
841,1,1,41.0,1,0.0,2,0.0,1.0,193093.77,0
603,0,0,24.0,3,0.0,1,1.0,1.0,198826.03,1
581,1,0,44.0,7,189318.16,2,1.0,0.0,45026.23,1
647,2,1,52.0,7,130013.12,1,1.0,1.0,190806.36,1
784,1,1,23.0,2,0.0,1,1.0,1.0,6847.73,0
556,0,0,39.0,9,89588.35,1,1.0,1.0,94898.1,0
636,0,0,34.0,3,0.0,2,1.0,1.0,44756.25,0
644,1,1,18.0,8,0.0,2,1.0,0.0,59172.42,0
495,2,1,39.0,8,120252.02,2,1.0,1.0,10160.23,0
736,0,0,29.0,9,0.0,2,0.0,0.0,176152.7,0
525,0,1,51.0,10,0.0,3,1.0,0.0,171045.34,1
717,0,0,36.0,2,99472.76,2,1.0,0.0,94274.72,1
591,1,1,30.0,8,124857.69,2,0.0,0.0,50485.7,0
523,1,1,32.0,4,0.0,2,1.0,0.0,167848.02,0
637,0,0,41.0,9,0.0,2,1.0,0.0,145477.36,0
442,0,1,34.0,4,0.0,2,1.0,0.0,68343.08,0
691,0,1,28.0,1,0.0,2,0.0,0.0,92865.41,0
520,0,1,34.0,3,0.0,2,1.0,1.0,104703.96,0
666,0,1,40.0,5,0.0,2,1.0,0.0,147878.05,0
739,0,0,27.0,6,0.0,1,1.0,1.0,57572.38,0
637,1,0,44.0,0,157622.58,1,1.0,1.0,120454.2,0
579,1,1,33.0,6,0.0,1,1.0,0.0,94993.04,1
709,0,0,45.0,3,104118.5,1,0.0,1.0,174032.0,0
744,2,1,29.0,6,123737.04,2,1.0,0.0,141558.05,0
568,0,0,47.0,7,0.0,2,1.0,1.0,45978.39,0
494,1,1,27.0,2,0.0,2,1.0,0.0,22404.64,0
664,0,0,31.0,7,104158.84,1,1.0,0.0,134169.84,0
583,1,0,40.0,4,0.0,2,1.0,0.0,114093.73,0
711,2,1,34.0,4,133467.77,2,1.0,1.0,42976.64,0
600,0,0,27.0,3,0.0,2,0.0,1.0,125698.97,0
507,2,1,31.0,9,111589.67,1,1.0,0.0,150037.19,0
594,0,0,31.0,9,0.0,1,0.0,1.0,5719.11,0
589,2,0,41.0,7,92618.62,1,1.0,1.0,101178.85,0
735,1,1,50.0,9,0.0,1,0.0,0.0,166677.34,1
534,0,0,55.0,8,116973.26,3,1.0,0.0,122066.5,1
427,1,1,40.0,8,0.0,2,1.0,1.0,82870.75,0
527,0,0,31.0,1,112203.25,1,1.0,0.0,182266.02,0
515,2,1,37.0,2,90432.92,1,1.0,1.0,188366.05,1
706,1,0,29.0,1,209490.2,1,1.0,1.0,133267.69,1
694,0,1,30.0,2,0.0,3,0.0,1.0,15039.41,0
699,2,1,59.0,3,106819.65,1,0.0,1.0,163570.25,0
660,0,0,35.0,6,100768.77,1,1.0,0.0,19199.61,0
833,0,1,37.0,8,151226.19,2,1.0,1.0,136129.48,0
630,2,1,50.0,3,129370.91,4,1.0,1.0,47775.34,1
622,0,1,32.0,5,179305.1,1,1.0,1.0,149043.78,0
602,2,0,43.0,2,113641.49,4,1.0,0.0,115116.35,1
649,0,0,35.0,4,108306.44,1,1.0,1.0,192486.23,0
727,1,0,52.0,1,154733.97,1,1.0,0.0,80259.67,1
746,0,1,36.0,7,142400.77,1,1.0,1.0,193438.69,0
536,0,1,35.0,8,0.0,2,1.0,0.0,64833.28,0
750,0,1,43.0,6,113882.31,1,1.0,1.0,74564.41,0
724,1,1,36.0,1,0.0,2,1.0,0.0,52462.25,0
617,0,0,24.0,4,137295.19,2,1.0,1.0,91195.12,0
756,2,0,39.0,5,149363.12,2,1.0,1.0,109098.39,0
850,2,0,70.0,1,96947.58,3,1.0,0.0,62282.99,1
609,2,1,33.0,6,94126.67,1,0.0,0.0,93718.16,0
593,1,1,31.0,8,112713.34,1,1.0,1.0,176868.89,0
696,0,1,33.0,2,163139.27,1,1.0,1.0,7035.36,0
656,2,1,27.0,4,118627.16,2,1.0,1.0,160835.3,0
712,1,0,39.0,5,163097.55,2,1.0,1.0,23702.42,0
686,1,1,22.0,5,0.0,2,1.0,0.0,158974.45,0
608,2,1,28.0,4,96679.71,1,1.0,1.0,49133.45,0
724,0,1,28.0,5,97612.12,1,1.0,1.0,96498.14,0
581,1,1,34.0,1,0.0,2,0.0,1.0,81175.25,0
788,0,1,32.0,4,112079.58,1,0.0,0.0,89368.59,0
519,0,1,39.0,1,97700.02,1,1.0,1.0,30709.03,0
688,2,0,34.0,9,91025.58,2,0.0,1.0,163783.0,0
637,0,1,36.0,2,152606.81,1,1.0,1.0,71692.8,0
496,0,0,29.0,4,0.0,2,1.0,0.0,164806.89,0
593,0,1,43.0,9,0.0,2,1.0,1.0,76357.43,0
766,0,0,27.0,7,158786.67,2,0.0,1.0,47579.25,0
691,0,1,38.0,7,0.0,2,0.0,0.0,81617.4,0
773,1,1,52.0,2,0.0,2,1.0,0.0,57337.79,0
661,1,0,28.0,7,95357.49,1,0.0,0.0,102297.15,0
850,0,0,46.0,3,0.0,2,1.0,1.0,187980.2,0
701,1,0,33.0,7,123870.07,1,1.0,0.0,97794.71,0
584,0,0,39.0,2,112687.69,1,1.0,1.0,127749.61,0
663,0,0,33.0,2,0.0,2,1.0,0.0,153295.0,0
706,1,0,53.0,3,0.0,3,0.0,0.0,88479.02,1
778,2,1,31.0,9,182275.23,2,1.0,0.0,190631.23,0
637,2,0,39.0,3,109698.41,1,1.0,1.0,88391.29,1
583,0,1,39.0,1,129299.28,2,1.0,0.0,73107.6,0
625,0,0,45.0,3,0.0,1,1.0,1.0,184474.16,1
601,2,0,26.0,7,105514.69,2,1.0,0.0,50070.59,0
625,2,1,56.0,0,148507.23,1,1.0,0.0,46824.08,1
629,0,0,43.0,0,0.0,2,1.0,1.0,41263.69,0
627,0,1,41.0,3,0.0,2,1.0,0.0,132719.8,0
429,0,1,60.0,7,0.0,2,1.0,1.0,163691.48,0
798,0,1,34.0,9,154495.8,1,1.0,0.0,191395.88,0
573,0,1,35.0,9,0.0,2,1.0,0.0,11743.89,0
762,1,1,39.0,2,81273.13,1,1.0,1.0,18719.67,0
684,1,1,56.0,8,78707.16,1,1.0,1.0,99398.36,0
653,0,1,37.0,7,135847.47,1,1.0,0.0,144880.81,0
738,2,1,37.0,7,140950.92,2,1.0,0.0,195333.98,0
579,1,0,39.0,2,151963.27,2,1.0,0.0,158948.62,0
607,1,0,27.0,5,100912.19,1,0.0,0.0,7631.27,0
593,0,1,50.0,6,171740.69,1,0.0,0.0,20893.61,0
624,2,0,40.0,3,149961.98,2,1.0,0.0,104610.86,0
718,2,1,32.0,9,169947.4,2,1.0,1.0,27979.16,0
850,0,1,41.0,3,136416.81,1,0.0,1.0,57844.26,0
672,2,1,68.0,0,126061.51,2,1.0,1.0,184936.77,0
731,2,0,21.0,8,132312.06,1,1.0,0.0,106663.46,1
850,0,0,33.0,7,118004.26,1,1.0,0.0,183983.81,0
647,2,0,41.0,1,85906.65,3,1.0,0.0,189159.97,0
635,1,0,37.0,3,0.0,2,1.0,0.0,91086.73,0
551,1,0,48.0,5,95679.29,1,0.0,0.0,94978.1,0
612,2,1,42.0,5,141927.1,1,1.0,1.0,43018.98,0
714,1,1,44.0,7,0.0,1,0.0,1.0,6923.11,0
666,2,0,44.0,2,122314.5,1,0.0,0.0,68574.88,1
792,2,0,59.0,9,101609.77,1,0.0,0.0,161479.19,1
615,1,1,59.0,4,155766.05,1,1.0,1.0,110275.17,0
756,1,1,30.0,2,145127.84,1,0.0,0.0,7554.68,0
628,2,1,50.0,4,122227.71,1,0.0,1.0,14217.77,1
705,2,0,48.0,1,156848.12,2,1.0,1.0,99475.95,1
525,0,1,36.0,2,114628.4,1,0.0,1.0,168290.06,0
723,0,1,42.0,2,99095.73,1,1.0,1.0,17512.53,0
598,0,1,64.0,1,0.0,2,1.0,0.0,195635.3,1
712,0,1,32.0,9,100606.02,1,1.0,0.0,165693.06,0
850,0,0,31.0,4,0.0,2,1.0,1.0,33082.81,0
660,0,1,63.0,8,137841.53,1,1.0,1.0,42790.29,0
790,1,0,37.0,3,0.0,3,0.0,0.0,98897.32,0
562,0,1,38.0,5,0.0,1,1.0,0.0,115700.2,0
630,1,0,21.0,1,85818.18,1,1.0,1.0,133102.3,0
575,1,1,41.0,2,100062.39,1,0.0,0.0,126307.25,0
569,0,1,66.0,2,0.0,1,1.0,0.0,130784.2,1
598,1,0,39.0,5,0.0,2,1.0,1.0,83103.46,0
734,1,0,43.0,3,55853.33,2,0.0,1.0,94811.85,1
650,2,1,23.0,4,93911.3,2,1.0,0.0,69055.45,0
749,0,1,30.0,1,0.0,2,0.0,1.0,126551.65,0
634,0,0,36.0,1,69518.95,1,1.0,0.0,116238.39,0
627,0,1,33.0,5,0.0,2,1.0,1.0,103737.82,0
595,0,0,39.0,9,136422.4,1,1.0,1.0,151757.81,0
591,0,1,28.0,5,0.0,2,1.0,1.0,48606.92,0
636,0,0,39.0,3,118336.14,1,1.0,0.0,184691.77,0
679,0,0,36.0,3,0.0,2,1.0,1.0,2243.41,0
631,1,0,46.0,10,0.0,2,1.0,1.0,129508.96,0
626,0,1,34.0,7,113014.7,2,1.0,1.0,56646.28,0
685,2,1,43.0,9,108589.47,2,0.0,1.0,194808.52,0
665,0,0,41.0,8,96147.55,1,1.0,0.0,137037.97,0
630,0,1,40.0,8,0.0,2,1.0,1.0,42495.81,0
743,0,1,36.0,4,0.0,2,1.0,1.0,190911.02,0
850,0,1,49.0,5,122486.47,1,0.0,1.0,59748.19,0
569,2,0,28.0,3,100032.52,1,1.0,0.0,5159.21,1
651,2,1,34.0,2,90355.12,2,0.0,0.0,193597.94,0
643,2,1,33.0,7,98630.31,2,1.0,1.0,40250.82,0
434,1,1,33.0,3,0.0,1,1.0,1.0,2739.71,0
453,0,0,37.0,4,131834.77,2,1.0,0.0,8949.2,0
660,0,0,31.0,6,172325.67,1,0.0,1.0,45438.38,0
684,2,1,59.0,9,122471.09,1,0.0,1.0,15807.07,0
680,0,1,32.0,5,92961.61,1,1.0,0.0,116957.6,0
714,2,1,28.0,7,77776.39,1,1.0,0.0,177737.06,0
435,2,1,37.0,8,114346.3,1,0.0,1.0,980.93,1
601,1,0,44.0,4,0.0,2,1.0,0.0,58561.31,0
628,2,1,39.0,1,115341.19,1,1.0,1.0,107674.3,1
755,2,0,30.0,6,154221.38,2,0.0,1.0,62688.55,0
555,0,0,26.0,7,0.0,2,1.0,0.0,93122.41,0
522,2,1,32.0,8,124450.36,2,1.0,1.0,165786.1,0
850,0,1,38.0,1,0.0,2,1.0,1.0,80006.65,0
578,2,1,37.0,1,135650.88,1,1.0,0.0,199428.19,0
739,1,0,41.0,8,0.0,1,1.0,0.0,191694.77,1
679,2,0,50.0,6,132598.38,2,1.0,1.0,184017.98,0
769,0,0,38.0,2,0.0,2,0.0,0.0,75578.67,0
587,2,0,45.0,8,134980.73,1,1.0,1.0,123309.57,1
646,0,1,36.0,6,124445.52,1,1.0,0.0,88481.32,0
769,0,0,25.0,10,0.0,2,0.0,0.0,187925.75,0
419,1,0,27.0,2,121580.42,1,0.0,1.0,134720.52,0
647,0,0,42.0,9,0.0,2,1.0,1.0,51362.82,0
556,0,0,30.0,7,0.0,2,1.0,1.0,186648.19,0
588,2,1,35.0,3,104356.38,1,1.0,0.0,94498.82,0
718,0,1,29.0,2,0.0,1,1.0,0.0,126336.72,0
740,1,0,31.0,8,0.0,2,0.0,0.0,86657.48,0
842,0,1,58.0,1,63492.94,1,1.0,1.0,83172.19,0
684,0,0,26.0,5,87098.91,1,0.0,0.0,106095.82,0
613,0,1,42.0,7,115076.06,1,1.0,1.0,79323.61,0
535,0,0,29.0,5,0.0,2,0.0,1.0,52709.55,0
546,0,1,28.0,8,0.0,1,1.0,0.0,159254.3,0
550,2,1,35.0,9,129847.75,2,1.0,0.0,197325.4,0
677,2,0,44.0,4,148770.61,2,1.0,1.0,191057.77,0
617,1,0,37.0,9,101707.8,1,1.0,0.0,123866.28,0
634,0,1,77.0,5,0.0,2,1.0,1.0,161579.84,0
846,0,0,38.0,5,0.0,1,1.0,1.0,187616.16,0
452,0,0,32.0,5,0.0,2,0.0,1.0,75279.39,0
582,0,1,39.0,5,0.0,2,1.0,1.0,129892.93,0
750,0,1,22.0,5,0.0,2,0.0,1.0,105125.65,0
627,0,1,31.0,8,128131.73,1,1.0,0.0,96131.47,0
543,1,0,41.0,4,0.0,1,0.0,0.0,194902.16,0
704,0,1,44.0,3,0.0,2,0.0,1.0,152884.84,0
640,0,0,66.0,9,116037.76,1,0.0,1.0,184636.05,0
663,0,1,34.0,7,0.0,2,1.0,1.0,180427.23,0
464,0,1,46.0,6,161798.53,1,1.0,0.0,182944.47,0
589,2,1,55.0,7,119961.48,1,1.0,0.0,65156.83,1
768,0,1,25.0,0,78396.08,1,1.0,1.0,8316.19,0
677,2,0,39.0,0,111213.64,2,1.0,1.0,147578.27,0
518,2,1,29.0,9,125961.74,2,1.0,0.0,160303.08,1
580,2,1,39.0,3,119688.81,1,1.0,0.0,137041.27,0
717,0,1,40.0,0,98241.04,1,1.0,0.0,110887.14,0
639,1,0,28.0,8,97840.72,1,1.0,1.0,178222.77,0
559,1,1,38.0,3,145874.34,1,1.0,0.0,56311.39,1
527,1,1,33.0,9,132168.28,1,0.0,0.0,98734.15,0
671,2,0,23.0,9,123943.18,1,1.0,1.0,159553.27,0
727,0,1,18.0,4,133550.67,1,1.0,1.0,46941.41,0
628,0,1,32.0,9,149136.31,2,1.0,1.0,16402.11,0
652,2,0,26.0,1,131908.34,1,1.0,1.0,179269.8,0
741,0,1,32.0,8,0.0,2,1.0,0.0,143598.7,0
767,0,0,34.0,8,0.0,2,1.0,0.0,94767.77,0
624,0,1,51.0,10,123401.43,2,1.0,1.0,127825.25,0
775,2,0,77.0,6,135120.56,1,1.0,0.0,37836.64,0
679,0,1,48.0,8,0.0,2,1.0,0.0,23344.94,0
660,2,0,52.0,4,86891.84,1,1.0,0.0,90877.76,0
850,2,0,36.0,3,169025.83,1,1.0,0.0,174235.06,0
776,0,0,31.0,2,0.0,2,1.0,1.0,112349.51,0
577,0,0,39.0,10,0.0,2,1.0,0.0,10553.31,0
631,0,0,31.0,8,137687.72,1,1.0,0.0,190067.12,0
752,2,0,38.0,10,101648.5,2,1.0,0.0,172001.44,0
748,0,1,40.0,0,0.0,1,0.0,0.0,60416.76,0
771,2,0,36.0,5,77846.9,1,0.0,0.0,99805.99,0
511,1,0,40.0,1,0.0,1,1.0,1.0,184118.73,0
547,0,1,62.0,10,127738.75,2,1.0,1.0,85153.0,0
559,1,0,40.0,5,139129.44,1,0.0,1.0,32635.54,0
581,0,1,54.0,4,89299.81,1,0.0,0.0,5558.47,1
618,1,1,41.0,4,115251.64,1,0.0,0.0,136435.75,0
427,0,1,37.0,5,0.0,2,1.0,1.0,121485.1,0
652,0,0,37.0,4,0.0,2,1.0,0.0,143393.23,0
707,0,1,33.0,2,0.0,2,0.0,0.0,130866.95,0
640,1,0,32.0,6,118879.35,2,1.0,1.0,19131.71,0
553,2,1,41.0,9,110112.54,2,0.0,0.0,81898.81,0
850,2,0,39.0,5,114491.82,1,1.0,0.0,99689.48,0
586,2,0,47.0,5,157099.47,2,1.0,1.0,65481.86,0
512,0,1,43.0,1,0.0,2,1.0,1.0,52471.36,0
748,0,1,60.0,0,152335.7,1,1.0,0.0,126743.33,1
525,0,1,26.0,7,153644.39,1,1.0,1.0,63197.88,0
808,1,1,25.0,7,0.0,2,0.0,1.0,23180.37,0
613,0,0,27.0,5,125167.74,1,1.0,0.0,199104.52,0
668,2,0,37.0,6,167864.4,1,1.0,0.0,115638.29,0
510,2,0,44.0,4,123070.89,1,1.0,0.0,28461.29,1
596,1,1,60.0,7,121907.97,1,0.0,1.0,30314.04,0
765,0,1,42.0,4,123311.39,2,1.0,1.0,82868.34,0
787,0,0,35.0,1,106266.8,1,1.0,1.0,16607.15,0
598,1,0,23.0,6,0.0,2,1.0,0.0,153229.19,0
687,2,1,33.0,9,135962.4,2,1.0,0.0,121747.96,0
444,0,0,45.0,4,0.0,2,1.0,0.0,161653.5,1
678,1,0,39.0,6,0.0,1,0.0,1.0,185366.56,0
802,1,1,41.0,5,0.0,2,1.0,1.0,134626.3,0
628,0,0,31.0,5,0.0,1,0.0,0.0,147963.06,1
714,2,1,54.0,4,137986.58,2,0.0,1.0,51308.54,1
670,2,0,42.0,5,49508.79,3,1.0,1.0,100324.01,0
677,1,0,43.0,3,133214.88,2,1.0,1.0,95936.84,0
771,1,0,56.0,2,0.0,1,1.0,1.0,25222.6,1
760,1,1,43.0,6,175735.5,1,1.0,1.0,157337.3,0
612,2,1,46.0,9,161450.03,1,1.0,1.0,96961.0,1
602,0,0,25.0,0,0.0,2,1.0,1.0,101274.17,0
663,0,1,34.0,10,0.0,1,1.0,1.0,114083.73,0
670,0,1,25.0,7,0.0,2,1.0,1.0,144723.38,0
605,1,0,48.0,10,150315.92,1,0.0,1.0,133486.36,0
616,1,0,36.0,6,0.0,1,1.0,1.0,12916.32,1
685,0,1,35.0,9,0.0,1,1.0,0.0,167033.83,0
487,1,0,31.0,1,0.0,2,1.0,0.0,158750.12,0
640,1,1,37.0,5,158024.38,1,1.0,0.0,81298.09,0
629,0,1,46.0,1,130666.2,1,1.0,1.0,161125.67,1
696,1,1,28.0,8,0.0,1,0.0,0.0,176713.47,0
850,1,1,38.0,7,115378.94,1,0.0,1.0,162087.81,0
468,0,1,36.0,3,61636.97,1,0.0,0.0,107787.42,0
550,0,1,44.0,9,0.0,2,1.0,0.0,26257.01,0
608,2,0,40.0,8,121729.42,1,0.0,0.0,61164.45,0
587,1,1,51.0,3,83739.32,1,0.0,1.0,148798.45,0
776,0,1,37.0,2,0.0,1,0.0,1.0,8065.0,0
693,0,1,21.0,1,0.0,2,1.0,1.0,3494.02,0
512,0,0,75.0,2,0.0,1,1.0,0.0,123304.62,0
602,0,1,23.0,7,113758.48,2,0.0,0.0,84077.6,0
427,0,1,33.0,8,0.0,1,1.0,1.0,13858.95,0
658,0,0,40.0,7,140596.95,1,0.0,1.0,135459.02,1
711,0,1,28.0,8,0.0,2,1.0,1.0,64286.39,0
583,0,0,31.0,4,158978.8,1,1.0,0.0,12538.92,0
748,2,0,27.0,2,90971.85,1,1.0,1.0,131662.47,0
704,2,1,41.0,4,109026.8,2,1.0,1.0,43117.1,0
562,0,1,29.0,9,0.0,1,1.0,1.0,25858.68,0
738,2,1,35.0,6,101744.84,1,0.0,0.0,85185.44,0
603,0,1,30.0,8,0.0,2,1.0,1.0,47536.46,0
665,2,0,45.0,5,155447.66,2,1.0,0.0,51871.95,1
540,0,1,41.0,3,0.0,2,1.0,0.0,121098.65,0
711,0,0,25.0,7,0.0,3,1.0,1.0,9679.28,0
662,1,1,33.0,3,0.0,2,0.0,1.0,68064.83,0
600,0,1,40.0,1,141136.8,1,1.0,1.0,67803.83,0
733,0,1,22.0,5,0.0,2,1.0,1.0,117202.19,0
642,0,1,30.0,8,117494.27,1,0.0,0.0,61977.82,0
581,2,1,40.0,0,101016.53,1,0.0,1.0,7926.35,1
539,1,1,28.0,5,0.0,2,1.0,0.0,48382.4,0
746,0,0,21.0,8,166883.06,2,0.0,1.0,194563.66,0
645,1,1,38.0,1,68079.8,1,0.0,1.0,166264.89,0
636,0,1,44.0,2,0.0,2,0.0,0.0,86414.41,0
610,0,1,33.0,4,111582.11,1,0.0,0.0,113943.17,0
619,1,0,41.0,8,0.0,3,1.0,1.0,79866.73,1
799,1,1,35.0,7,0.0,2,0.0,1.0,140780.8,0
785,0,0,36.0,4,135438.4,1,0.0,0.0,190627.02,0
421,2,1,28.0,8,122384.22,3,1.0,1.0,89017.38,1
811,1,1,39.0,7,0.0,2,1.0,1.0,177519.39,0
551,0,0,36.0,5,0.0,1,1.0,0.0,183479.12,0
601,0,1,44.0,3,0.0,2,1.0,0.0,30607.11,0
513,0,1,29.0,10,0.0,2,0.0,1.0,25514.77,0
708,2,1,32.0,3,151691.44,2,1.0,1.0,172810.52,0
594,2,1,28.0,5,185013.02,1,1.0,0.0,16481.12,0
415,0,1,32.0,5,145807.6,1,1.0,1.0,3064.65,0
581,0,1,38.0,1,0.0,2,1.0,0.0,46176.22,0
745,0,0,40.0,6,131184.67,1,1.0,1.0,49815.62,0
704,0,1,39.0,5,0.0,1,1.0,0.0,6416.92,0
709,0,1,37.0,7,0.0,1,1.0,0.0,159486.77,0
792,2,0,50.0,4,146710.77,1,1.0,0.0,16528.4,1
583,0,0,29.0,10,0.0,2,1.0,1.0,111285.85,0
667,0,1,44.0,2,122806.95,1,0.0,0.0,15120.86,0
774,0,0,42.0,3,137781.66,1,0.0,0.0,199316.19,0
729,2,0,42.0,4,97495.8,2,0.0,0.0,2002.5,0
544,0,1,30.0,4,73218.89,1,0.0,1.0,126796.69,0
704,0,1,23.0,6,166594.78,1,1.0,1.0,155823.2,0
697,0,1,63.0,7,148368.02,1,0.0,0.0,118862.08,1
657,1,0,37.0,0,163607.19,1,0.0,1.0,44203.55,0
678,1,0,40.0,4,113794.22,1,1.0,0.0,16618.76,0
474,2,0,37.0,5,142688.56,2,1.0,1.0,110953.33,0
558,0,0,47.0,9,0.0,2,1.0,0.0,103787.28,0
661,0,1,41.0,5,0.0,1,0.0,1.0,88279.6,0
726,0,0,44.0,2,0.0,2,1.0,1.0,26733.86,0
510,0,0,52.0,6,191665.2,1,1.0,1.0,131312.56,1
486,1,1,27.0,7,0.0,2,1.0,0.0,28823.04,0
606,1,1,37.0,8,154712.58,2,1.0,0.0,89099.18,0
850,1,0,50.0,10,0.0,2,1.0,1.0,33741.84,0
687,1,1,31.0,3,0.0,2,0.0,0.0,48228.1,0
715,0,1,37.0,9,165252.52,1,1.0,0.0,85286.3,0
683,0,1,30.0,8,110829.52,2,0.0,0.0,24938.84,0
850,0,1,31.0,4,0.0,2,0.0,0.0,152298.28,0
539,0,1,37.0,2,127609.59,1,1.0,0.0,98646.22,0
850,0,1,30.0,6,86449.39,1,1.0,1.0,188809.23,0
714,1,0,31.0,6,152926.6,1,1.0,1.0,50899.91,0
579,1,1,33.0,1,0.0,2,1.0,1.0,54816.57,0
516,0,0,43.0,2,112773.73,2,1.0,1.0,139366.58,0
549,0,0,38.0,8,107283.4,1,0.0,0.0,157442.75,0
535,1,0,49.0,7,115309.75,1,1.0,0.0,111421.77,0
676,0,0,61.0,8,0.0,2,1.0,1.0,118522.73,0
691,0,1,24.0,6,0.0,2,1.0,1.0,92811.2,0
621,0,0,40.0,6,0.0,1,1.0,0.0,155155.25,0
546,1,0,36.0,7,85660.96,1,0.0,0.0,134778.02,0
721,0,1,69.0,2,108424.19,1,1.0,1.0,178418.34,0
623,0,0,44.0,6,0.0,2,0.0,0.0,167162.44,0
513,0,1,30.0,5,0.0,2,1.0,0.0,162523.66,0
630,2,0,23.0,4,137964.52,1,0.0,1.0,174570.55,0
630,1,0,39.0,7,135483.17,1,1.0,0.0,140881.2,1
664,1,1,32.0,5,133705.73,1,0.0,0.0,134455.84,0
494,2,0,38.0,7,174937.64,1,1.0,0.0,40084.32,0
632,0,1,40.0,3,193354.86,2,1.0,0.0,149188.4,0
552,0,1,49.0,4,0.0,1,1.0,1.0,190296.77,1
701,0,1,51.0,9,0.0,2,0.0,0.0,61961.57,0
654,0,1,29.0,2,91955.61,1,1.0,0.0,37065.66,0
620,1,1,21.0,9,0.0,2,0.0,0.0,154882.8,0
696,1,1,40.0,3,153639.11,1,1.0,1.0,138351.69,0
561,0,1,34.0,1,78829.53,1,1.0,1.0,12148.2,0
594,0,1,36.0,6,153880.16,1,0.0,0.0,135431.72,0
606,0,1,40.0,5,0.0,2,1.0,1.0,70899.27,0
568,1,0,27.0,1,116320.68,1,0.0,1.0,45563.94,0
575,0,1,36.0,7,0.0,1,1.0,1.0,55868.97,1
748,0,1,38.0,4,115221.36,1,0.0,1.0,70956.75,0
639,0,1,43.0,6,99610.92,2,1.0,0.0,187296.78,0
802,0,0,60.0,3,92887.06,1,1.0,0.0,39473.63,1
704,0,1,42.0,8,129735.3,2,1.0,1.0,179565.56,0
707,1,1,44.0,3,0.0,2,1.0,1.0,135077.02,0
598,2,0,50.0,5,88379.81,3,0.0,1.0,64157.24,1
806,0,1,31.0,9,0.0,2,0.0,1.0,140168.36,0
781,0,0,19.0,3,0.0,2,1.0,1.0,124297.32,0
538,0,1,31.0,1,0.0,2,1.0,0.0,1375.46,0
582,2,0,40.0,3,110150.43,1,1.0,1.0,191757.66,1
785,0,1,55.0,5,0.0,2,1.0,1.0,7008.65,0
643,1,0,35.0,6,0.0,2,1.0,1.0,41549.64,0
582,0,0,43.0,5,153313.67,1,0.0,0.0,170563.73,0
643,2,1,41.0,7,154902.66,1,1.0,1.0,49667.28,0
837,2,1,37.0,6,94001.61,2,1.0,0.0,140723.05,0
628,1,1,50.0,8,0.0,1,0.0,0.0,144366.83,1
503,1,1,31.0,4,0.0,2,1.0,1.0,21645.06,0
709,0,0,32.0,2,0.0,2,0.0,0.0,109681.29,0
443,0,0,35.0,9,108308.0,1,1.0,0.0,129031.19,1
662,0,1,26.0,0,0.0,2,0.0,1.0,72929.96,0
611,0,1,38.0,7,0.0,1,1.0,1.0,63202.0,0
671,2,0,34.0,6,37266.67,2,0.0,0.0,156917.12,0
598,2,1,53.0,10,167772.95,1,1.0,1.0,136886.86,0
638,1,0,55.0,2,155828.22,1,0.0,1.0,108987.25,1
666,0,1,30.0,7,109805.3,1,0.0,1.0,163625.56,0
575,1,0,37.0,0,0.0,2,0.0,0.0,30114.32,0
661,2,1,35.0,2,117212.18,1,1.0,1.0,83052.03,0
494,0,1,28.0,9,114731.76,2,0.0,1.0,79479.74,0
577,0,0,34.0,2,0.0,2,1.0,1.0,84033.35,0
672,1,1,43.0,5,0.0,2,1.0,1.0,64515.5,0
573,1,1,56.0,3,154669.77,1,0.0,1.0,115462.27,1
565,0,1,55.0,4,118803.35,2,1.0,1.0,128124.7,1
421,1,1,34.0,6,90723.36,1,1.0,1.0,12162.76,0
809,2,1,50.0,10,118098.62,1,1.0,1.0,100720.02,1
536,0,0,61.0,8,65190.29,1,1.0,1.0,64308.49,1
785,0,0,47.0,9,122031.55,1,1.0,1.0,33823.5,1
834,0,0,49.0,8,160602.25,2,1.0,0.0,129273.94,0
592,0,0,66.0,5,149950.19,1,1.0,1.0,76267.59,0
639,1,1,34.0,7,149940.05,2,0.0,0.0,156648.81,0
670,1,1,43.0,1,97792.21,1,0.0,0.0,120225.62,0
784,2,1,28.0,2,70233.74,2,1.0,1.0,179252.73,0
701,0,0,43.0,2,160416.56,1,0.0,1.0,37266.43,0
498,0,1,33.0,1,198113.86,1,1.0,0.0,69664.35,0
647,1,0,26.0,8,109958.15,1,1.0,1.0,136592.23,1
850,2,0,27.0,8,111837.78,2,1.0,1.0,110805.79,0
608,2,0,44.0,5,126147.84,1,0.0,1.0,132424.69,1
614,1,0,37.0,9,0.0,2,1.0,1.0,62023.1,0
553,0,1,33.0,4,118082.89,1,0.0,0.0,94440.45,0
625,0,0,51.0,4,124620.01,2,1.0,0.0,92243.94,1
690,2,1,31.0,2,137260.45,2,1.0,0.0,55387.28,0
647,2,1,30.0,6,143138.9,2,1.0,0.0,2955.46,0
602,2,1,35.0,7,90602.42,2,1.0,1.0,51695.41,0
655,0,0,32.0,2,0.0,1,1.0,1.0,71047.51,0
501,0,1,42.0,9,114631.23,1,0.0,1.0,91429.74,0
791,0,0,52.0,7,0.0,1,1.0,1.0,122782.5,0
586,1,1,41.0,3,63873.56,1,1.0,0.0,83753.64,0
674,2,1,43.0,8,85957.88,2,1.0,0.0,8757.39,0
663,0,1,35.0,9,0.0,2,1.0,1.0,195580.28,0
703,1,1,36.0,7,135095.47,1,1.0,0.0,143859.66,0
726,0,0,24.0,6,0.0,2,1.0,1.0,54724.03,0
417,0,1,34.0,7,0.0,2,1.0,0.0,55003.79,0
529,1,1,35.0,5,0.0,2,1.0,1.0,187288.5,0
669,1,1,22.0,10,0.0,2,1.0,0.0,176163.73,0
575,1,0,37.0,9,133292.45,1,1.0,0.0,111175.09,0
748,0,1,32.0,5,154737.88,2,1.0,1.0,172638.12,0
621,2,1,40.0,8,174126.75,3,1.0,0.0,172490.78,1
492,2,0,52.0,8,125396.24,1,1.0,0.0,10014.72,1
520,0,1,49.0,5,121197.64,1,1.0,0.0,72577.33,1
453,0,1,29.0,6,0.0,1,0.0,0.0,198376.02,1
659,2,0,32.0,3,150923.73,2,0.0,1.0,174652.52,0
608,0,1,31.0,7,79962.92,2,1.0,0.0,60901.72,0
689,1,1,38.0,5,75075.14,1,1.0,1.0,8651.92,1
850,2,0,26.0,8,123126.29,1,1.0,0.0,74425.41,0
787,2,1,43.0,0,132217.45,1,1.0,0.0,20955.03,1
797,0,0,29.0,1,0.0,2,1.0,1.0,132975.39,0
561,1,1,24.0,8,143656.55,1,0.0,1.0,180932.45,0
599,0,1,30.0,9,105443.68,1,1.0,1.0,121124.53,0
614,1,0,40.0,3,113348.5,1,1.0,1.0,77789.01,0
588,2,0,40.0,10,125534.51,1,1.0,0.0,121504.18,1
609,0,1,53.0,7,0.0,2,0.0,1.0,52332.85,0
608,0,0,47.0,6,0.0,1,1.0,1.0,126012.57,0
678,1,1,28.0,5,138668.19,1,1.0,1.0,54144.01,0
694,0,1,32.0,0,91956.49,1,1.0,1.0,59961.81,0
673,2,0,41.0,9,98612.1,1,1.0,0.0,151349.34,0
696,2,1,32.0,8,101160.99,1,1.0,1.0,115916.55,0
510,2,1,31.0,0,113688.63,1,1.0,0.0,33099.41,1
505,0,0,36.0,2,79951.9,1,0.0,1.0,174123.16,1
588,2,1,33.0,9,150186.22,2,1.0,1.0,65611.01,0
714,1,1,29.0,4,0.0,2,1.0,1.0,37605.9,0
544,0,0,33.0,6,0.0,2,1.0,1.0,124113.04,0
696,1,0,36.0,7,0.0,2,1.0,1.0,82298.59,0
676,0,1,30.0,1,128207.23,1,1.0,1.0,55400.17,0
623,0,1,28.0,7,0.0,1,0.0,0.0,129526.57,0
697,1,1,56.0,5,110802.03,1,1.0,1.0,50230.31,1
557,0,0,27.0,2,0.0,2,0.0,1.0,4497.55,0
640,2,1,45.0,8,120591.19,1,0.0,0.0,195123.94,0
689,1,0,31.0,3,139799.62,1,0.0,1.0,120663.57,0
682,0,0,42.0,0,0.0,1,0.0,1.0,91981.85,1
850,1,1,28.0,9,97408.03,1,1.0,1.0,175853.64,0
555,0,1,29.0,4,128744.04,1,1.0,1.0,47454.93,0
648,1,0,43.0,7,81153.82,1,1.0,1.0,144532.84,1
685,2,1,57.0,7,101868.51,1,0.0,1.0,113483.96,0
677,1,0,25.0,8,130866.19,1,1.0,0.0,42410.21,0
727,2,1,39.0,5,80615.46,2,0.0,0.0,180962.31,0
629,0,0,39.0,10,0.0,2,1.0,1.0,43174.49,1
533,2,1,43.0,4,80442.06,2,0.0,1.0,12537.42,0
805,2,1,50.0,9,130023.38,1,1.0,0.0,62989.82,1
664,0,0,38.0,4,74306.19,2,1.0,0.0,154395.56,0
702,0,1,50.0,3,0.0,2,0.0,0.0,94949.84,0
598,0,1,35.0,8,114212.6,1,1.0,1.0,74322.85,0
507,0,1,42.0,6,0.0,2,1.0,0.0,34777.23,0
681,1,0,32.0,3,0.0,2,1.0,1.0,59679.9,0
676,2,0,48.0,2,124442.38,1,1.0,0.0,15068.53,1
850,2,1,44.0,3,140393.66,2,0.0,1.0,186285.52,0
628,2,1,33.0,8,152143.89,1,1.0,1.0,32174.03,0
835,0,1,28.0,2,163569.61,2,1.0,1.0,154559.28,0
717,0,0,22.0,5,112465.06,1,1.0,1.0,92977.75,0
744,1,1,44.0,5,120654.68,1,1.0,0.0,82290.81,0
688,2,1,26.0,8,146133.39,1,1.0,1.0,175296.77,0
774,1,1,32.0,9,0.0,2,1.0,0.0,10604.48,0
636,2,1,30.0,8,141787.31,2,1.0,1.0,109685.61,0
762,0,0,44.0,7,159316.64,1,0.0,0.0,24780.13,0
700,2,0,39.0,5,144550.83,2,1.0,1.0,189664.44,0
717,0,0,59.0,4,0.0,2,1.0,1.0,170528.62,0
758,0,0,33.0,7,0.0,1,1.0,0.0,188156.34,0
723,0,1,30.0,3,124119.54,1,1.0,0.0,162198.31,0
738,0,0,38.0,7,0.0,2,0.0,0.0,69227.42,0
694,0,0,22.0,4,0.0,2,1.0,1.0,11525.72,0
528,1,1,23.0,7,104744.89,1,1.0,0.0,170262.97,0
678,1,0,61.0,8,0.0,2,1.0,1.0,159938.81,0
586,2,1,32.0,1,149814.55,1,1.0,0.0,31830.06,0
655,1,0,28.0,3,113811.85,2,0.0,1.0,76844.23,0
693,2,0,43.0,1,121927.92,1,1.0,0.0,87994.95,1
670,2,0,35.0,2,79585.96,1,0.0,1.0,198802.9,0
732,0,1,26.0,7,0.0,2,1.0,0.0,154364.66,0
637,2,1,51.0,1,104682.83,1,1.0,0.0,55266.96,1
625,0,1,43.0,8,201696.06,1,1.0,0.0,133020.9,1
611,0,0,40.0,2,125879.29,1,1.0,0.0,93203.43,0
695,1,1,63.0,1,146202.94,1,1.0,1.0,126688.83,1
595,0,1,31.0,4,0.0,2,1.0,0.0,189995.86,0
584,0,1,36.0,9,0.0,1,1.0,1.0,105818.51,0
626,0,1,43.0,4,137638.69,1,1.0,0.0,130442.08,1
700,0,1,26.0,4,119009.57,1,1.0,0.0,141926.44,0
694,2,0,37.0,8,98218.04,2,1.0,0.0,182354.45,1
745,2,1,36.0,8,145071.23,1,0.0,0.0,6078.46,0
636,2,0,37.0,9,157098.52,1,1.0,1.0,153535.27,0
724,2,0,33.0,9,119278.44,1,1.0,1.0,197148.23,0
730,0,0,36.0,8,148749.3,2,1.0,0.0,91830.75,0
702,0,0,46.0,9,98444.19,1,0.0,1.0,109563.28,0
651,2,0,41.0,4,133432.6,1,0.0,1.0,151303.48,0
627,1,0,30.0,6,0.0,1,1.0,1.0,113408.47,0
583,0,0,40.0,4,55776.39,2,1.0,0.0,26920.43,0
624,2,0,45.0,5,151855.33,1,1.0,0.0,68794.15,0
581,0,0,27.0,5,102258.11,2,1.0,0.0,194681.6,0
610,1,0,46.0,5,116886.59,1,0.0,0.0,107973.44,0
510,0,1,63.0,8,0.0,2,1.0,1.0,115291.86,0
727,0,1,62.0,5,0.0,2,0.0,1.0,38652.96,0
850,2,0,31.0,3,51293.47,1,0.0,0.0,35534.68,0
645,2,0,37.0,2,136925.1,2,0.0,1.0,153400.23,0
673,2,0,29.0,4,99097.36,1,1.0,1.0,9796.69,0
634,0,0,37.0,7,51582.5,2,1.0,1.0,184312.88,0
548,2,0,36.0,2,108913.84,2,1.0,1.0,140460.02,0
667,0,1,28.0,6,165798.1,1,1.0,0.0,147090.9,0
674,0,0,31.0,1,0.0,1,1.0,0.0,128954.05,0
598,2,1,59.0,8,118210.42,2,0.0,0.0,60192.14,1
692,0,0,42.0,2,0.0,2,1.0,0.0,145222.94,0
714,2,1,33.0,3,35016.6,1,1.0,0.0,53667.08,0
679,0,0,44.0,3,118742.74,2,1.0,0.0,1568.91,0
501,0,0,29.0,8,0.0,2,1.0,0.0,112664.24,0
684,0,1,35.0,3,137179.39,1,1.0,1.0,37264.11,0
633,1,1,32.0,5,163340.12,2,1.0,1.0,74415.2,0
653,1,0,27.0,6,107751.68,2,1.0,1.0,33389.42,0
611,0,0,49.0,2,88915.37,3,0.0,0.0,161435.02,1
750,0,1,37.0,3,0.0,2,1.0,0.0,16870.2,0
698,1,1,27.0,6,125427.37,2,0.0,0.0,27654.44,0
554,1,1,46.0,4,0.0,2,0.0,1.0,57320.92,0
847,0,1,51.0,5,97565.74,1,0.0,0.0,144184.06,1
753,0,0,62.0,6,0.0,2,1.0,1.0,136398.9,0
719,1,1,37.0,10,145382.61,1,1.0,0.0,80408.59,0
570,2,1,42.0,0,107856.57,2,1.0,0.0,127528.84,0
705,2,0,33.0,5,116765.7,1,0.0,0.0,190659.17,1
363,1,0,28.0,6,146098.44,3,1.0,0.0,100615.14,1
531,0,1,31.0,3,0.0,1,1.0,1.0,42589.33,0
413,2,1,39.0,1,130969.77,2,1.0,1.0,158891.8,0
616,1,1,31.0,7,76665.71,2,1.0,1.0,163809.08,0
686,0,0,35.0,8,105419.73,1,1.0,0.0,35356.46,0
850,2,0,66.0,0,127120.62,1,0.0,1.0,118929.64,1
837,1,1,31.0,9,104678.62,1,0.0,1.0,50972.6,0
578,2,0,36.0,8,129745.1,1,1.0,1.0,143683.75,0
555,1,1,27.0,5,0.0,2,0.0,0.0,96398.51,0
756,2,1,44.0,10,137452.1,1,1.0,0.0,189543.9,0
584,1,1,32.0,9,85534.83,1,0.0,0.0,169137.23,0
626,1,1,29.0,7,0.0,2,1.0,0.0,49361.84,0
611,0,1,27.0,7,0.0,2,1.0,1.0,157474.1,0
724,2,1,36.0,6,94615.11,2,1.0,1.0,10627.21,0
745,2,1,45.0,10,117231.63,3,1.0,1.0,122381.02,1
710,2,0,24.0,7,103099.17,2,1.0,0.0,173276.62,0
724,0,1,34.0,2,154485.73,2,0.0,0.0,78560.64,0
596,0,1,47.0,6,0.0,1,1.0,0.0,74835.65,0
526,2,1,50.0,5,124233.24,1,0.0,1.0,159456.88,1
570,2,1,35.0,6,85668.59,1,1.0,0.0,105525.36,0
576,2,1,28.0,1,119336.29,2,0.0,1.0,58976.85,0
628,0,1,45.0,9,0.0,2,1.0,1.0,96862.56,0
622,0,1,26.0,9,0.0,2,1.0,1.0,153237.6,0
563,1,0,36.0,4,143680.47,2,1.0,1.0,63531.19,0
415,0,1,46.0,9,134950.19,3,0.0,0.0,178587.36,1
725,2,1,40.0,8,104149.66,1,1.0,0.0,62027.9,0
607,1,0,36.0,4,98266.3,1,1.0,1.0,46416.36,0
724,2,1,37.0,6,125489.4,1,1.0,0.0,118570.53,0
690,0,1,54.0,5,0.0,1,1.0,0.0,12847.61,1
525,0,1,35.0,7,165358.77,1,0.0,1.0,94738.54,0
609,0,1,40.0,6,0.0,2,1.0,1.0,97416.34,0
609,0,1,37.0,1,39344.83,1,1.0,1.0,178291.89,1
559,0,1,62.0,6,118756.62,1,1.0,1.0,20367.68,0
667,1,0,40.0,1,146502.06,1,1.0,0.0,19162.89,0
629,1,1,39.0,5,0.0,2,0.0,0.0,116748.14,0
525,1,0,37.0,0,0.0,1,0.0,1.0,131521.72,0
754,0,1,38.0,2,0.0,2,1.0,0.0,180698.31,0
682,0,1,26.0,8,0.0,2,1.0,0.0,178373.44,0
553,1,1,42.0,7,0.0,2,1.0,0.0,7680.23,0
790,2,0,25.0,5,152885.77,1,1.0,0.0,58214.79,0
728,2,1,32.0,5,61825.5,1,1.0,1.0,156124.94,0
690,0,1,33.0,5,0.0,2,1.0,0.0,138017.69,0
633,0,0,60.0,8,69365.25,1,1.0,1.0,10288.24,0
605,1,0,29.0,3,116805.82,1,0.0,0.0,4092.75,0
647,1,1,32.0,9,80958.36,1,1.0,1.0,128590.73,0
561,0,1,28.0,7,0.0,2,1.0,0.0,7797.01,0
555,0,1,51.0,5,0.0,3,1.0,0.0,189122.89,1
705,1,0,39.0,8,144102.31,1,1.0,1.0,11682.36,0
675,0,1,39.0,7,0.0,2,0.0,1.0,36267.21,0
733,1,1,35.0,8,102918.38,1,1.0,1.0,45959.86,0
622,1,0,46.0,4,107073.27,2,1.0,1.0,30984.59,1
622,0,1,59.0,5,119380.37,1,1.0,1.0,60429.43,0
693,0,1,36.0,8,178111.81,1,0.0,0.0,58719.63,1
511,2,0,41.0,8,153895.66,1,1.0,1.0,39087.42,0
655,2,1,41.0,8,125561.97,1,0.0,0.0,164040.94,1
673,0,1,47.0,1,0.0,2,0.0,0.0,108762.16,0
639,1,1,38.0,9,130233.14,1,1.0,1.0,81861.1,0
597,2,0,39.0,8,162532.14,3,1.0,0.0,36051.46,1
474,0,1,33.0,5,0.0,2,1.0,0.0,181945.52,1
808,0,1,24.0,4,122168.65,1,1.0,0.0,174107.05,0
705,0,0,38.0,3,123894.43,1,1.0,0.0,21177.1,0
552,0,0,38.0,9,134105.02,1,0.0,0.0,57850.1,0
535,0,1,47.0,0,160729.1,1,0.0,1.0,145986.34,0
803,1,0,37.0,1,0.0,2,0.0,0.0,7455.2,0
656,0,1,39.0,10,0.0,2,1.0,1.0,98894.64,0
667,0,1,33.0,4,0.0,2,1.0,1.0,131834.75,0
721,0,1,41.0,7,0.0,2,0.0,1.0,61018.85,0
770,2,1,45.0,4,110765.68,1,1.0,0.0,26163.74,1
594,0,1,27.0,0,197041.8,1,0.0,0.0,151912.48,0
564,0,1,31.0,0,110527.17,1,1.0,1.0,87060.77,0
850,2,0,35.0,2,80931.75,1,0.0,0.0,12639.67,1
497,2,1,41.0,5,80542.81,1,0.0,0.0,88729.22,1
774,0,1,40.0,9,93017.47,2,1.0,0.0,191608.97,0
701,1,1,35.0,10,159693.9,2,1.0,1.0,71173.64,0
814,0,0,48.0,7,0.0,2,1.0,1.0,132870.16,0
571,0,1,32.0,5,131354.25,1,1.0,0.0,125256.53,0
833,2,1,29.0,1,96462.25,2,0.0,1.0,48986.18,0
634,1,1,63.0,10,0.0,2,1.0,0.0,30772.86,1
762,1,0,43.0,5,134204.67,1,1.0,1.0,139971.02,0
702,0,1,45.0,0,80793.58,1,1.0,1.0,27474.81,0
689,2,1,26.0,4,120727.97,1,0.0,1.0,149073.88,0
845,1,0,38.0,2,112803.92,1,1.0,0.0,179631.84,0
686,0,0,41.0,10,0.0,1,1.0,1.0,144272.7,1
567,0,1,39.0,5,0.0,2,0.0,0.0,168521.72,0
585,1,0,33.0,8,0.0,2,1.0,0.0,114182.07,0
770,2,0,46.0,5,141788.62,2,0.0,0.0,164967.2,0
733,2,1,40.0,5,125725.02,2,1.0,1.0,50783.1,0
712,0,0,29.0,8,140170.61,1,1.0,1.0,38170.04,0
840,1,0,36.0,6,0.0,2,1.0,0.0,141364.27,0
699,0,0,49.0,2,0.0,1,0.0,0.0,105760.01,0
734,0,0,29.0,0,139994.66,1,1.0,0.0,17744.72,0
554,2,0,43.0,2,120847.11,1,1.0,0.0,7611.61,1
633,2,0,29.0,8,104944.1,1,1.0,1.0,97684.46,0
435,0,1,54.0,3,0.0,1,1.0,0.0,156910.45,1
430,0,1,38.0,9,0.0,2,1.0,1.0,12050.77,0
680,0,0,32.0,5,0.0,1,1.0,1.0,150684.23,0
445,0,1,64.0,2,136770.67,1,0.0,1.0,43678.06,0
700,0,1,38.0,8,134811.3,1,1.0,0.0,1299.75,0
524,0,0,36.0,10,0.0,2,1.0,0.0,109614.57,0
748,0,0,26.0,1,77780.29,1,0.0,1.0,183049.4,0
599,2,1,38.0,9,89111.63,1,0.0,0.0,157239.6,0
491,2,0,68.0,1,95039.12,1,0.0,1.0,116471.14,1
721,2,0,45.0,7,138523.2,1,0.0,0.0,59604.45,1
599,0,0,43.0,4,0.0,1,1.0,0.0,170347.1,0
794,0,1,33.0,0,0.0,2,0.0,0.0,178122.7,0
584,2,0,36.0,4,109646.83,1,1.0,1.0,70240.79,0
600,0,1,35.0,4,143744.77,2,1.0,0.0,104076.51,0
593,1,1,26.0,9,76226.9,1,1.0,0.0,167564.81,0
554,1,0,46.0,7,87603.35,3,0.0,1.0,96929.24,1
703,0,0,32.0,6,0.0,2,0.0,0.0,33606.52,0
685,1,1,34.0,6,83264.28,1,0.0,0.0,9663.28,0
660,0,1,41.0,3,0.0,2,1.0,1.0,108665.89,0
697,2,0,74.0,3,108071.36,2,1.0,1.0,16445.79,0
740,0,0,37.0,5,0.0,2,1.0,1.0,27528.4,0
627,1,1,48.0,1,132759.8,1,1.0,0.0,78899.22,0
501,0,0,39.0,9,117301.66,1,0.0,0.0,182025.95,0
713,0,0,42.0,3,0.0,2,0.0,0.0,82565.01,0
482,0,0,35.0,2,133111.73,1,0.0,1.0,79957.95,0
721,2,1,37.0,4,98459.6,1,0.0,0.0,90821.66,0
561,0,1,21.0,4,0.0,1,1.0,1.0,36942.35,0
526,2,1,61.0,6,133845.28,2,1.0,1.0,45180.8,0
705,1,1,44.0,0,184552.12,1,1.0,0.0,68860.3,1
799,2,1,28.0,7,167658.33,2,1.0,1.0,111138.25,0
635,2,0,48.0,4,81556.89,2,1.0,0.0,191914.38,0
611,1,0,37.0,4,0.0,2,1.0,0.0,125696.26,0
623,0,0,35.0,0,130557.24,1,1.0,1.0,47880.71,0
624,1,1,33.0,6,0.0,2,0.0,0.0,76551.7,0
756,0,0,42.0,9,0.0,2,1.0,0.0,35673.42,0
611,0,1,68.0,5,82547.11,2,1.0,1.0,146448.02,0
597,0,0,29.0,5,0.0,2,1.0,1.0,174825.56,0
696,2,1,49.0,5,97036.22,2,1.0,0.0,152450.84,1
681,0,1,38.0,6,153722.47,1,1.0,0.0,101319.76,0
679,2,1,39.0,2,146186.28,2,1.0,1.0,193974.47,0
720,0,1,29.0,2,0.0,2,1.0,0.0,39925.52,0
459,2,1,48.0,4,133994.52,1,1.0,1.0,19287.06,1
547,0,0,38.0,5,167539.97,1,0.0,1.0,159207.34,0
772,0,1,43.0,6,0.0,2,1.0,1.0,57675.88,0
643,1,1,34.0,3,83132.09,1,1.0,1.0,21360.88,0
512,1,1,36.0,1,0.0,1,0.0,1.0,135482.27,1
614,0,0,19.0,5,97445.49,2,1.0,0.0,122823.34,0
779,1,0,26.0,4,174318.12,2,0.0,1.0,38296.21,0
480,2,1,44.0,10,129608.57,1,1.0,0.0,5472.7,1
776,1,1,33.0,2,0.0,2,1.0,1.0,176921.0,0
552,0,1,33.0,5,140931.56,1,0.0,1.0,10921.5,0
802,0,1,29.0,9,127414.55,1,1.0,1.0,134459.12,0
759,0,0,33.0,9,160541.36,2,0.0,0.0,93541.14,0
751,2,0,37.0,0,151218.98,1,1.0,1.0,109309.29,0
606,0,0,36.0,10,0.0,2,0.0,1.0,155641.45,0
482,2,0,48.0,2,69329.47,1,0.0,0.0,102640.52,1
575,1,1,52.0,8,123925.23,1,0.0,0.0,111342.66,1
699,0,1,34.0,2,117468.67,1,1.0,0.0,185227.42,0
733,0,1,39.0,1,0.0,2,1.0,1.0,141841.31,0
604,0,1,53.0,8,144453.75,1,1.0,0.0,190998.95,1
619,0,0,55.0,0,0.0,3,0.0,0.0,60810.64,1
677,2,1,28.0,0,143988.0,2,1.0,0.0,8755.69,1
812,0,1,29.0,6,0.0,2,0.0,0.0,168023.6,0
651,0,1,35.0,2,86911.8,1,1.0,0.0,174094.23,0
574,0,1,41.0,1,0.0,2,0.0,0.0,70550.0,0
793,0,1,56.0,8,119496.25,2,1.0,0.0,29880.99,0
659,2,0,39.0,1,104502.11,1,1.0,0.0,20652.69,0
691,2,1,38.0,9,163965.69,2,0.0,1.0,103511.26,0
608,2,0,48.0,2,127924.25,2,1.0,0.0,32202.61,0
685,1,0,25.0,10,128509.63,1,1.0,0.0,121562.33,0
777,0,0,58.0,4,0.0,1,1.0,1.0,62449.07,1
785,2,0,32.0,3,124493.03,2,0.0,1.0,52583.79,1
628,0,0,31.0,6,175443.75,1,1.0,0.0,113167.17,1
717,0,1,48.0,7,123764.95,1,1.0,1.0,169952.81,0
848,1,1,35.0,5,120046.74,2,1.0,0.0,84710.65,0
621,1,0,40.0,7,0.0,2,0.0,1.0,131283.6,1
769,0,0,27.0,2,0.0,1,1.0,1.0,57876.05,0
559,2,0,36.0,1,104356.94,2,0.0,1.0,54184.06,0
706,1,1,53.0,7,0.0,2,0.0,1.0,117939.17,0
620,0,1,28.0,8,0.0,2,1.0,1.0,199909.31,0
664,1,1,41.0,7,123428.69,1,1.0,1.0,164924.11,0
668,0,1,32.0,7,0.0,2,1.0,1.0,777.37,0
829,0,0,22.0,7,150126.44,1,1.0,0.0,152107.94,1
726,1,0,56.0,8,123110.9,3,0.0,1.0,130113.78,1
635,0,0,78.0,6,47536.4,1,1.0,1.0,119400.08,0
542,2,1,25.0,8,139330.1,1,0.0,0.0,54372.37,0
521,0,1,38.0,5,110641.18,1,0.0,1.0,136507.69,1
646,1,0,50.0,5,142644.64,2,1.0,1.0,142208.5,1
528,2,0,62.0,7,133201.17,1,0.0,0.0,168507.69,1
738,1,1,38.0,5,177997.06,1,0.0,1.0,19233.41,0
754,1,1,40.0,2,160625.17,1,0.0,1.0,3554.63,0
730,0,0,47.0,7,0.0,1,1.0,0.0,33373.26,1
667,1,0,39.0,2,0.0,2,1.0,0.0,40721.24,1
692,1,1,28.0,9,118945.09,1,0.0,0.0,16064.25,1
803,0,1,42.0,5,0.0,1,1.0,0.0,196466.83,1
850,0,0,41.0,5,0.0,2,1.0,1.0,34827.43,0
783,0,1,38.0,9,114135.17,1,1.0,0.0,153269.98,0
850,2,1,53.0,2,94078.97,2,1.0,0.0,36980.54,0
614,1,0,41.0,7,179915.84,1,0.0,0.0,14666.35,1
656,0,1,40.0,2,0.0,2,1.0,1.0,180553.48,0
752,1,1,36.0,2,0.0,2,1.0,1.0,45570.84,0
705,1,1,33.0,7,68423.89,1,1.0,1.0,64872.55,0
809,0,0,24.0,4,0.0,2,1.0,0.0,193518.77,0
814,2,1,29.0,1,131968.56,2,1.0,1.0,147693.92,0
651,0,1,40.0,4,0.0,2,1.0,1.0,147715.83,0
575,0,0,54.0,9,68332.96,1,1.0,1.0,144390.75,0
530,1,0,36.0,2,0.0,2,1.0,1.0,14721.8,0
671,0,1,30.0,2,0.0,1,0.0,1.0,102057.86,0
492,2,0,38.0,8,57068.43,2,1.0,0.0,188974.81,0
702,0,1,37.0,10,150525.8,1,1.0,1.0,94728.49,0
607,0,1,31.0,8,0.0,2,1.0,1.0,43196.5,0
781,0,0,42.0,3,156555.55,1,1.0,1.0,175674.02,0
676,1,1,27.0,4,0.0,1,0.0,1.0,107955.67,0
775,2,0,33.0,1,118897.1,2,1.0,1.0,26362.4,0
495,1,0,45.0,3,89158.94,3,1.0,0.0,135169.77,1
748,0,0,49.0,7,29602.08,1,0.0,0.0,163550.58,1
522,1,1,34.0,9,126436.29,1,1.0,0.0,174248.52,1
579,2,0,42.0,3,137560.38,2,1.0,1.0,85424.34,0
828,1,1,28.0,8,134766.84,1,1.0,0.0,79355.87,0
690,2,1,44.0,9,100368.63,2,0.0,0.0,35342.33,0
696,2,1,30.0,4,114027.7,1,1.0,1.0,193716.56,0
472,1,0,28.0,4,0.0,2,1.0,0.0,1801.77,0
623,0,0,34.0,9,0.0,1,1.0,0.0,24255.21,0
606,2,1,45.0,5,63832.43,1,1.0,1.0,93707.8,0
659,0,0,32.0,2,155584.2,1,0.0,1.0,153662.88,0
472,1,1,40.0,4,0.0,1,1.0,0.0,70154.22,0
690,1,0,26.0,2,0.0,2,1.0,1.0,93255.85,0
699,1,1,47.0,1,0.0,2,0.0,1.0,30117.44,0
569,1,1,35.0,3,116969.35,1,0.0,0.0,94488.82,0
635,2,1,43.0,5,78992.75,2,0.0,0.0,153265.31,0
731,0,0,38.0,10,123711.73,2,1.0,0.0,171340.69,1
629,1,1,41.0,10,150148.52,1,0.0,0.0,6936.27,0
508,0,1,35.0,1,86893.28,1,0.0,0.0,59374.82,0
657,1,1,36.0,8,188241.05,2,0.0,0.0,183058.52,1
671,1,0,29.0,6,0.0,2,0.0,0.0,12048.67,0
600,2,1,53.0,7,106261.63,1,1.0,0.0,93629.66,1
796,0,1,44.0,8,165326.2,1,1.0,1.0,57205.55,0
690,2,1,43.0,2,166522.78,1,0.0,0.0,119644.59,1
492,0,0,28.0,9,0.0,2,1.0,0.0,95957.09,0
711,0,0,28.0,8,0.0,2,0.0,0.0,105159.89,0
725,2,1,39.0,1,50880.98,2,1.0,1.0,184023.55,0
640,0,1,33.0,7,154575.77,1,1.0,0.0,25722.28,1
846,0,0,37.0,6,127103.97,1,1.0,1.0,41516.44,0
631,0,0,33.0,8,0.0,2,0.0,0.0,117374.22,0
651,0,0,65.0,0,0.0,2,1.0,1.0,190454.05,0
512,2,0,32.0,2,123403.85,2,1.0,0.0,80120.19,0
489,2,1,38.0,2,126444.08,2,1.0,1.0,82662.73,0
487,1,1,33.0,8,145729.7,1,1.0,0.0,41365.85,0
799,2,0,39.0,7,167395.6,2,0.0,1.0,139537.44,0
561,0,0,22.0,6,186788.95,2,1.0,0.0,73286.8,0
704,1,0,37.0,9,155619.58,1,1.0,1.0,135088.58,0
790,2,1,50.0,8,121438.58,1,1.0,1.0,176471.78,1
710,1,1,22.0,8,0.0,2,0.0,0.0,99645.04,0
687,1,0,72.0,4,0.0,2,1.0,1.0,50267.69,0
462,2,1,34.0,1,94682.56,2,1.0,0.0,138478.2,0
656,0,1,33.0,7,138705.02,2,1.0,0.0,37136.15,0
557,1,1,42.0,4,0.0,2,0.0,1.0,86642.38,0
655,1,0,36.0,1,135515.77,1,1.0,0.0,86013.96,0
529,1,1,31.0,6,0.0,1,1.0,0.0,10625.91,0
521,2,0,29.0,2,87212.8,1,1.0,1.0,994.86,0
560,0,0,27.0,5,0.0,2,1.0,0.0,131919.48,0
673,0,1,39.0,7,82255.51,2,1.0,0.0,109545.56,0
617,0,1,41.0,7,0.0,2,0.0,1.0,14496.67,0
816,2,0,40.0,9,109003.26,1,1.0,1.0,79580.56,0
561,1,0,33.0,6,0.0,2,1.0,0.0,45261.47,0
572,1,1,35.0,4,152390.27,1,1.0,0.0,128123.66,0
585,0,0,38.0,5,0.0,1,1.0,1.0,87363.56,0
592,1,1,35.0,6,80285.16,1,1.0,0.0,72678.75,1
666,2,1,71.0,1,53013.29,2,1.0,1.0,112222.64,0
520,0,1,38.0,5,0.0,2,1.0,0.0,163185.77,0
705,0,1,38.0,1,189443.72,1,0.0,1.0,106648.58,0
678,0,1,54.0,7,128914.97,1,0.0,0.0,191746.23,1
697,1,0,25.0,5,82931.85,2,1.0,1.0,128373.88,0
672,0,1,37.0,5,153195.6,1,1.0,1.0,162763.02,0
479,1,1,37.0,6,118433.94,1,0.0,1.0,160060.9,0
775,0,0,30.0,10,191091.73,2,1.0,1.0,96170.38,0
603,1,0,42.0,8,91611.12,1,0.0,0.0,144675.3,1
757,1,0,55.0,9,117294.12,4,1.0,0.0,94187.47,1
701,2,1,36.0,7,95448.32,2,1.0,0.0,189085.06,0
699,0,1,64.0,9,113109.52,1,1.0,0.0,27980.8,1
540,0,1,37.0,6,0.0,2,1.0,0.0,141998.89,0
670,1,0,32.0,3,0.0,2,1.0,0.0,46175.7,0
741,2,1,38.0,4,128015.83,1,1.0,0.0,58440.43,0
637,2,1,41.0,2,138014.4,2,1.0,0.0,140298.23,0
825,0,1,32.0,9,0.0,2,0.0,0.0,9751.03,0
693,1,1,28.0,1,145118.83,1,0.0,1.0,77742.38,0
458,2,0,43.0,1,106870.12,2,1.0,0.0,100564.37,0
850,0,1,33.0,8,73059.38,1,1.0,1.0,186281.0,0
638,2,0,39.0,0,122501.28,2,1.0,1.0,95007.8,0
502,2,0,42.0,0,132002.7,1,0.0,1.0,28204.98,1
553,1,1,47.0,3,116528.15,1,0.0,0.0,145704.19,1
526,0,1,32.0,7,125540.05,1,0.0,0.0,86786.41,0
625,2,0,35.0,5,86147.46,2,1.0,0.0,163440.8,1
628,1,1,43.0,3,184926.61,1,1.0,0.0,122937.57,0
613,0,0,46.0,8,167795.6,1,0.0,1.0,44390.38,0
519,2,0,21.0,1,151701.45,3,1.0,1.0,170138.69,1
506,0,0,57.0,6,0.0,2,0.0,1.0,194421.12,1
634,2,0,56.0,3,116251.24,1,0.0,1.0,42429.88,1
651,0,1,34.0,3,0.0,2,1.0,1.0,105599.65,0
520,1,0,63.0,5,162278.31,1,1.0,1.0,34765.33,0
681,2,0,48.0,8,139480.19,1,1.0,1.0,163581.67,0
709,0,0,43.0,8,0.0,2,0.0,0.0,168035.62,1
607,0,0,39.0,10,0.0,3,1.0,0.0,132741.12,1
623,0,0,24.0,5,0.0,2,1.0,0.0,116160.04,0
646,2,1,32.0,8,105397.8,1,1.0,0.0,78111.84,1
769,0,0,31.0,6,117852.26,2,1.0,0.0,147668.64,0
602,0,0,29.0,3,88814.4,2,1.0,1.0,62487.97,0
593,1,1,27.0,10,0.0,3,0.0,0.0,94620.0,1
625,0,0,40.0,7,141267.67,1,0.0,1.0,177397.48,0
437,0,0,43.0,6,0.0,1,1.0,0.0,148330.97,1
714,0,0,26.0,9,89928.99,1,1.0,0.0,46203.31,0
695,1,1,32.0,9,0.0,3,0.0,1.0,38533.79,0
649,0,0,41.0,3,130931.83,1,1.0,1.0,144808.38,0
641,0,0,53.0,0,123835.52,2,0.0,1.0,160110.66,0
627,0,1,27.0,1,62092.9,1,1.0,1.0,105887.04,0
667,1,1,56.0,2,168883.08,1,0.0,1.0,18897.78,0
813,1,1,27.0,1,137275.36,1,0.0,1.0,115733.16,0
733,2,1,45.0,2,113939.36,2,1.0,0.0,3218.71,0
673,1,0,57.0,4,0.0,2,1.0,1.0,49684.09,0
639,0,1,27.0,8,0.0,2,1.0,0.0,192247.34,0
582,2,1,41.0,6,70349.48,2,0.0,1.0,178074.05,0
790,1,1,37.0,8,0.0,2,1.0,1.0,149418.4,0
641,0,0,26.0,4,91547.84,2,0.0,1.0,28157.34,0
664,0,1,57.0,1,0.0,2,1.0,1.0,56562.57,0
812,2,1,39.0,5,115730.71,3,1.0,1.0,185599.34,1
684,0,0,41.0,6,135203.81,2,1.0,1.0,121967.88,0
796,1,1,41.0,8,107525.07,1,1.0,0.0,18510.41,0
590,1,0,34.0,6,0.0,2,1.0,0.0,171021.44,0
827,1,1,46.0,1,183276.31,1,1.0,1.0,13460.27,0
693,2,0,41.0,9,181461.48,3,1.0,1.0,187929.44,1
740,0,0,51.0,4,0.0,2,1.0,1.0,178929.84,0
652,1,1,31.0,1,132862.6,1,0.0,0.0,158054.48,0
632,0,1,32.0,6,111589.33,1,1.0,1.0,170382.98,0
734,0,1,45.0,2,0.0,2,1.0,0.0,99593.28,0
806,0,0,67.0,1,0.0,2,0.0,1.0,103945.58,0
823,0,1,34.0,3,105057.33,1,1.0,0.0,9217.92,0
739,0,1,34.0,9,0.0,1,1.0,0.0,60584.33,0
452,0,0,35.0,8,0.0,2,1.0,1.0,149614.81,0
548,1,1,39.0,7,131468.44,1,1.0,0.0,164975.81,0
568,0,1,33.0,7,0.0,2,1.0,0.0,143450.61,0
668,2,1,39.0,4,79896.0,1,1.0,0.0,38466.39,0
736,2,0,25.0,9,81732.88,2,1.0,0.0,136497.28,0
618,2,0,40.0,0,140306.38,1,1.0,0.0,160618.61,1
479,0,1,34.0,5,117593.48,2,0.0,0.0,113308.29,0
637,0,0,38.0,3,104339.56,1,0.0,0.0,119882.86,0
653,2,1,58.0,1,132602.88,1,1.0,0.0,5097.67,1
710,0,0,36.0,4,116085.06,1,1.0,0.0,58601.61,0
524,1,1,29.0,3,159035.45,1,1.0,0.0,2705.31,1
625,0,0,58.0,10,53772.73,1,1.0,1.0,192072.1,1
668,2,1,37.0,10,152958.3,2,1.0,1.0,159585.61,0
573,1,0,44.0,4,0.0,1,1.0,1.0,94862.93,0
679,1,1,39.0,5,0.0,2,1.0,1.0,100060.54,0
579,0,0,45.0,2,0.0,2,0.0,0.0,11514.39,0
737,2,1,50.0,4,127552.85,2,1.0,0.0,4225.11,0
705,2,0,54.0,3,125889.3,3,1.0,0.0,96013.5,1
724,0,0,34.0,3,132352.69,1,1.0,0.0,80320.3,0
651,0,1,35.0,0,181821.95,2,0.0,1.0,36923.67,1
708,2,1,21.0,8,133974.36,2,1.0,0.0,50294.09,0
617,0,1,34.0,1,61687.33,2,1.0,0.0,105965.25,0
690,0,1,39.0,6,0.0,2,1.0,0.0,160532.88,0
561,0,0,35.0,5,0.0,2,1.0,0.0,59981.62,0
564,0,0,53.0,2,45472.28,1,1.0,1.0,41055.71,1
792,2,1,36.0,5,115725.24,2,0.0,0.0,1871.25,0
551,1,1,49.0,1,150777.72,2,1.0,1.0,135757.27,0
457,0,0,33.0,7,127837.54,1,0.0,1.0,60013.17,0
465,2,1,53.0,1,117438.17,1,0.0,0.0,74898.8,1
850,1,0,32.0,5,0.0,1,1.0,1.0,3830.59,0
592,0,1,42.0,1,147249.3,2,1.0,1.0,63023.02,0
749,0,1,40.0,1,139290.4,1,1.0,0.0,182855.42,1
672,2,0,23.0,10,110741.56,1,1.0,0.0,80778.5,0
431,2,1,42.0,8,120822.86,2,1.0,0.0,126153.24,0
557,1,1,34.0,3,0.0,1,0.0,1.0,123427.98,0
849,2,1,41.0,10,84622.13,1,1.0,1.0,198072.16,0
533,2,0,22.0,10,115743.6,1,0.0,0.0,43852.05,0
466,0,0,36.0,5,119540.15,1,0.0,1.0,80603.99,0
730,0,0,35.0,0,155470.55,1,1.0,1.0,53718.28,0
489,1,1,40.0,3,221532.8,1,1.0,0.0,171867.08,0
641,0,0,36.0,5,66392.64,1,1.0,0.0,31106.67,0
787,0,1,51.0,0,58137.08,1,0.0,1.0,142538.31,0
497,1,1,24.0,3,0.0,2,1.0,0.0,76390.01,0
525,1,0,47.0,6,118560.0,1,1.0,0.0,82522.61,1
646,2,1,48.0,8,169023.33,2,1.0,1.0,175657.55,0
502,0,1,37.0,10,0.0,1,1.0,1.0,76642.68,0
593,0,0,35.0,6,133489.12,2,1.0,1.0,78101.29,0
444,0,1,45.0,6,0.0,1,1.0,0.0,130009.85,1
616,0,1,40.0,9,0.0,2,0.0,0.0,93717.55,0
632,1,0,39.0,5,97854.37,2,1.0,0.0,93536.38,0
850,0,1,36.0,7,0.0,1,1.0,1.0,40812.9,0
658,0,0,40.0,5,143566.12,1,1.0,1.0,189607.7,0
666,0,1,47.0,2,0.0,1,1.0,0.0,35046.97,1
642,0,0,40.0,7,0.0,2,1.0,0.0,10712.82,0
726,0,0,48.0,4,0.0,1,1.0,0.0,114020.06,1
756,0,1,40.0,1,94773.11,1,1.0,0.0,114279.63,0
412,0,1,29.0,5,0.0,2,0.0,0.0,12510.53,0
763,1,1,37.0,8,0.0,2,1.0,1.0,933.38,0
839,2,1,47.0,2,136911.06,1,1.0,1.0,168184.62,1
634,1,1,52.0,1,0.0,2,1.0,1.0,176913.42,0
591,0,1,43.0,3,0.0,2,0.0,1.0,198926.36,0
640,2,1,26.0,5,90402.77,1,1.0,1.0,3298.65,0
474,0,1,37.0,3,98431.37,1,0.0,0.0,75698.44,0
605,2,0,43.0,8,125338.8,2,1.0,0.0,23970.13,0
640,0,0,33.0,1,167298.42,1,0.0,1.0,145381.66,0
670,0,1,36.0,7,0.0,2,0.0,0.0,59571.5,0
675,0,0,57.0,8,0.0,2,0.0,1.0,95463.29,0
593,0,1,31.0,9,0.0,2,0.0,1.0,20492.16,0
564,0,1,42.0,7,99824.45,1,1.0,1.0,36721.4,0
733,0,1,42.0,9,150507.2,1,0.0,1.0,169964.12,0
775,0,1,40.0,9,126212.64,1,1.0,0.0,70196.57,0
614,1,1,36.0,5,0.0,2,1.0,0.0,130610.78,0
783,0,0,72.0,5,121215.9,2,1.0,1.0,105206.48,0
728,1,0,37.0,4,0.0,1,0.0,0.0,4539.38,0
809,0,1,24.0,7,109558.36,1,1.0,0.0,183515.12,0
485,0,0,39.0,2,75339.64,1,1.0,1.0,70665.16,0
721,1,0,46.0,7,137933.39,1,1.0,1.0,67976.57,0
698,0,1,37.0,5,98400.61,2,0.0,0.0,25017.28,0
844,0,0,29.0,8,0.0,2,0.0,0.0,147342.03,0
507,2,1,31.0,2,134237.06,1,1.0,1.0,166423.66,1
603,2,1,44.0,6,108122.39,2,1.0,0.0,108488.33,1
653,0,1,41.0,8,102768.42,1,1.0,0.0,55663.85,0
642,2,1,41.0,4,157777.58,1,1.0,0.0,67484.6,0
437,0,0,26.0,1,120923.52,1,0.0,1.0,78854.57,0
679,0,1,36.0,6,147733.64,1,0.0,1.0,172501.38,0
732,2,1,38.0,5,178787.55,1,1.0,1.0,195760.53,0
651,1,0,63.0,8,129968.67,1,1.0,1.0,11830.53,0
548,1,1,37.0,4,0.0,1,1.0,0.0,121763.68,0
556,0,1,36.0,7,154872.08,2,1.0,1.0,32044.64,0
586,1,0,33.0,7,0.0,2,1.0,1.0,168261.4,0
667,2,0,36.0,1,114391.62,1,1.0,1.0,53412.54,0
759,0,0,39.0,6,0.0,2,1.0,1.0,140497.67,0
623,0,0,37.0,4,140211.88,1,1.0,1.0,93832.33,0
525,1,1,33.0,5,0.0,2,1.0,0.0,161002.3,0
582,0,1,30.0,2,0.0,2,1.0,1.0,132029.95,0
649,0,1,46.0,5,0.0,2,1.0,1.0,76946.6,0
609,1,1,32.0,4,99883.16,1,1.0,1.0,120594.85,0
754,0,0,45.0,6,0.0,1,1.0,0.0,73881.68,1
687,0,1,28.0,7,108116.66,1,1.0,1.0,27411.19,0
531,2,0,42.0,6,88324.31,2,1.0,0.0,75248.75,0
557,0,0,27.0,3,87739.08,1,1.0,1.0,123096.56,0
648,2,1,33.0,7,135310.4,2,0.0,1.0,171668.2,0
644,0,1,30.0,5,44928.88,1,1.0,1.0,10771.46,0
583,0,1,38.0,8,0.0,1,1.0,0.0,47848.56,0
778,0,1,44.0,8,123863.64,1,1.0,0.0,144494.94,0
751,1,0,34.0,8,127095.14,2,0.0,0.0,479.54,0
755,2,1,40.0,2,137430.81,2,0.0,0.0,176768.6,0
562,0,0,51.0,7,122822.0,2,0.0,0.0,32626.21,0
539,0,1,20.0,0,83459.86,1,1.0,1.0,146752.67,0
697,0,0,39.0,6,151553.19,1,1.0,1.0,44946.29,0
672,0,0,53.0,7,0.0,1,1.0,1.0,136910.19,0
693,0,1,29.0,2,151352.73,1,0.0,0.0,197145.89,0
793,0,0,63.0,9,116270.72,1,1.0,1.0,184243.25,0
480,0,1,40.0,6,148790.61,1,0.0,1.0,79329.7,0
692,0,1,27.0,1,125547.53,1,0.0,0.0,7900.46,0
716,2,1,66.0,5,121411.9,1,0.0,0.0,10070.4,1
754,2,1,27.0,7,117578.35,2,0.0,1.0,87908.01,0
828,0,1,34.0,8,129433.34,2,0.0,0.0,38131.77,0
516,1,0,65.0,9,102541.1,1,1.0,0.0,181490.42,0
648,0,1,38.0,10,82697.28,1,1.0,0.0,74846.67,0
791,0,0,31.0,10,75499.24,1,1.0,0.0,22184.14,0
774,2,1,42.0,2,132193.94,2,1.0,1.0,162865.52,0
850,0,1,39.0,4,127771.35,2,0.0,1.0,151738.55,0
792,1,1,36.0,5,92140.15,1,0.0,1.0,67468.67,0
754,2,1,65.0,1,136186.44,1,1.0,1.0,121529.59,1
741,0,0,64.0,2,69311.16,1,1.0,1.0,59237.72,0
563,2,1,41.0,2,100520.92,1,1.0,1.0,19412.8,1
652,1,1,37.0,7,0.0,2,1.0,0.0,68789.93,0
568,2,0,29.0,2,129177.01,2,0.0,1.0,104617.99,0
673,1,1,39.0,8,138160.0,1,1.0,1.0,110468.51,0
699,1,1,43.0,2,136487.86,2,1.0,0.0,82815.93,0
649,2,1,24.0,7,101195.23,1,0.0,0.0,133091.31,0
715,0,1,21.0,6,76467.16,1,1.0,1.0,173511.72,0
690,0,1,29.0,5,0.0,2,1.0,0.0,108577.97,0
701,1,1,36.0,8,0.0,2,1.0,0.0,169161.45,0
549,2,0,45.0,3,143734.02,2,1.0,1.0,96404.38,0
686,2,0,56.0,5,111642.08,1,1.0,1.0,80553.87,0
632,0,1,50.0,2,0.0,2,0.0,0.0,57942.88,0
746,1,0,25.0,3,104833.79,1,0.0,0.0,71911.3,0
655,1,1,34.0,1,116114.93,1,1.0,1.0,49492.15,0
541,0,1,46.0,4,124547.13,2,1.0,0.0,94499.06,0
627,1,1,40.0,10,0.0,2,1.0,1.0,194792.42,0
710,2,1,34.0,8,147833.3,2,0.0,1.0,1561.58,0
646,0,0,43.0,8,143061.88,1,1.0,0.0,61937.6,0
597,2,0,60.0,0,78539.84,1,0.0,1.0,48502.88,0
479,2,0,30.0,7,143964.36,2,1.0,0.0,41879.99,0
822,0,1,37.0,3,105563.0,1,1.0,0.0,182624.94,0
486,2,1,37.0,9,115217.99,2,1.0,0.0,144995.33,0
678,0,1,66.0,8,0.0,2,1.0,1.0,47117.03,0
486,0,1,26.0,2,0.0,2,1.0,1.0,31399.4,0
660,1,1,33.0,4,0.0,1,1.0,0.0,29664.45,0
686,1,1,34.0,9,0.0,2,1.0,0.0,127569.8,0
710,0,1,30.0,6,0.0,2,1.0,1.0,8991.17,0
628,0,0,51.0,3,123981.31,2,1.0,1.0,40546.15,0
505,1,1,37.0,0,134006.39,1,1.0,1.0,93736.69,0
437,2,1,35.0,6,126803.34,2,1.0,1.0,161133.4,0
794,1,0,28.0,5,0.0,2,0.0,1.0,86699.98,0
593,2,0,38.0,5,85626.6,1,1.0,1.0,125079.65,0
704,1,1,48.0,8,167997.6,1,1.0,1.0,173498.45,0
694,1,1,39.0,3,0.0,1,1.0,1.0,95625.03,0
674,2,0,38.0,10,83727.68,1,1.0,0.0,45418.12,0
668,1,1,43.0,1,147167.25,1,0.0,0.0,141679.73,0
537,2,0,41.0,3,138306.34,1,1.0,0.0,106761.47,0
592,0,0,38.0,4,0.0,2,1.0,0.0,35338.96,0
705,0,1,32.0,3,0.0,2,0.0,0.0,129576.99,0
643,0,1,36.0,0,148159.7,1,0.0,0.0,55835.66,0
667,2,0,42.0,10,64404.26,2,0.0,0.0,26022.37,0
725,0,1,31.0,8,0.0,2,1.0,1.0,59650.42,0
625,1,1,32.0,7,106957.28,1,1.0,1.0,134794.02,0
655,2,1,34.0,7,118028.35,1,1.0,0.0,51226.32,1
493,0,0,46.0,4,0.0,2,1.0,0.0,1907.66,0
648,0,1,42.0,4,0.0,2,1.0,0.0,19283.14,0
780,1,1,47.0,7,86006.21,1,1.0,1.0,37973.13,0
612,2,1,30.0,9,142910.16,1,1.0,0.0,105890.55,1
521,1,0,22.0,10,0.0,1,1.0,1.0,101311.95,0
538,2,0,42.0,4,80380.24,1,1.0,0.0,119216.46,0
401,2,1,48.0,8,128140.17,1,1.0,0.0,175753.55,1
540,2,1,39.0,4,127278.31,1,1.0,1.0,16150.34,0
706,1,1,57.0,7,0.0,1,1.0,0.0,17941.16,1
643,0,1,62.0,9,0.0,2,0.0,0.0,155870.81,0
850,0,0,28.0,2,0.0,2,1.0,1.0,38773.74,0
613,0,1,36.0,9,131307.11,1,0.0,0.0,83343.73,0
633,1,0,39.0,2,0.0,2,0.0,0.0,191207.03,0
441,0,1,60.0,1,140614.16,1,0.0,1.0,174381.23,0
608,0,0,30.0,8,85859.76,1,0.0,0.0,142730.27,0
682,1,1,36.0,5,0.0,2,1.0,1.0,147758.52,0
633,1,0,46.0,3,0.0,2,1.0,0.0,120250.58,0
620,0,1,41.0,3,0.0,2,1.0,1.0,137309.06,0
666,2,1,31.0,3,123212.08,2,1.0,1.0,112157.31,0
624,0,0,32.0,2,79368.87,2,1.0,1.0,145471.94,0
545,1,0,39.0,6,0.0,1,0.0,0.0,38410.74,1
673,0,0,34.0,8,42157.08,1,1.0,0.0,20598.59,1
850,1,1,22.0,3,0.0,1,1.0,1.0,144385.55,0
549,2,0,31.0,9,135020.2,2,1.0,1.0,23343.18,0
783,1,1,39.0,9,0.0,2,1.0,0.0,143752.77,0
576,2,1,29.0,7,130575.26,1,0.0,1.0,173629.78,0
483,0,1,27.0,1,77805.66,1,1.0,1.0,2101.89,0
732,0,1,36.0,7,126195.81,1,1.0,1.0,133172.48,0
405,0,1,39.0,10,0.0,1,1.0,0.0,160810.84,1
605,1,0,36.0,9,0.0,2,0.0,1.0,35521.63,0
645,2,1,33.0,8,149564.61,1,0.0,0.0,149913.84,0
550,0,0,30.0,4,0.0,2,1.0,0.0,89216.29,0
647,2,0,35.0,3,166518.62,2,1.0,0.0,147930.45,0
674,1,1,39.0,6,120193.42,1,0.0,0.0,100130.95,0
612,0,1,24.0,1,182705.05,1,1.0,1.0,171837.06,0
720,0,1,26.0,10,51962.91,2,1.0,0.0,45507.24,0
517,0,1,37.0,5,113308.84,1,0.0,1.0,31517.16,0
565,0,1,38.0,5,0.0,2,0.0,1.0,80630.32,0
740,2,0,40.0,2,122295.17,2,1.0,1.0,30812.84,0
675,0,1,69.0,1,0.0,2,1.0,0.0,157097.1,0
625,1,0,49.0,2,80816.45,1,1.0,1.0,20018.79,0
559,0,0,70.0,9,0.0,1,1.0,1.0,122996.76,0
766,2,0,34.0,6,106434.94,1,0.0,1.0,137995.66,1
554,2,0,54.0,6,108755.0,1,1.0,0.0,40914.32,1
490,1,1,40.0,6,156111.08,1,0.0,0.0,190889.12,0
676,0,1,29.0,7,131959.86,1,0.0,0.0,189268.81,0
710,1,1,33.0,1,0.0,2,1.0,0.0,168313.17,0
744,0,0,39.0,6,0.0,1,0.0,0.0,10662.58,0
514,2,0,45.0,3,109032.23,1,0.0,1.0,155407.2,1
662,0,1,38.0,0,105271.56,1,0.0,1.0,179833.45,0
644,0,1,40.0,8,93183.19,1,1.0,0.0,73882.49,0
649,0,1,41.0,0,0.0,2,0.0,1.0,130567.02,0
669,0,1,23.0,1,0.0,2,0.0,0.0,66088.83,0
524,0,1,44.0,10,118569.03,2,0.0,0.0,82117.2,0
672,2,0,21.0,3,165878.77,2,1.0,1.0,164537.17,0
596,2,1,47.0,5,140187.1,2,1.0,1.0,174311.3,0
737,2,0,40.0,2,162485.8,2,1.0,0.0,149381.31,0
520,0,1,30.0,3,143396.55,2,1.0,1.0,898.51,0
770,0,1,24.0,9,101827.07,1,1.0,0.0,167256.34,0
549,2,0,49.0,6,124829.16,1,0.0,1.0,93551.36,0
751,0,1,47.0,5,142669.94,2,1.0,0.0,162760.95,0
635,1,1,24.0,4,0.0,2,1.0,1.0,70668.77,0
756,0,1,31.0,10,122647.32,1,0.0,0.0,61666.87,0
702,2,1,28.0,1,103033.83,1,1.0,1.0,40321.87,0
707,0,1,37.0,1,0.0,2,0.0,1.0,6035.51,0
591,0,1,42.0,9,161651.38,2,1.0,1.0,131753.97,0
469,2,1,38.0,9,113599.42,1,0.0,0.0,11950.29,0
636,0,1,35.0,9,95478.17,1,0.0,0.0,169286.73,0
625,0,1,31.0,5,0.0,2,0.0,1.0,90.07,0
850,0,0,71.0,4,0.0,2,1.0,1.0,107236.87,0
581,2,1,41.0,2,127913.71,2,1.0,1.0,44205.95,0
652,1,1,58.0,6,0.0,2,0.0,1.0,170025.44,0
774,0,0,47.0,6,94722.88,1,0.0,1.0,61450.96,0
619,0,1,29.0,5,0.0,2,1.0,0.0,194310.1,0
832,1,1,29.0,8,93833.86,1,0.0,1.0,10417.87,0
435,2,1,32.0,2,57017.06,2,1.0,1.0,5907.11,0
685,0,1,33.0,6,174912.72,1,1.0,1.0,43932.54,0
778,2,0,37.0,0,105617.73,2,1.0,1.0,133699.81,1
488,0,1,43.0,10,112751.13,1,1.0,1.0,28332.0,0
458,1,0,35.0,5,166492.48,1,1.0,0.0,135287.73,0
679,0,1,42.0,1,0.0,2,0.0,0.0,71823.15,0
651,0,1,35.0,7,74623.5,3,1.0,0.0,129451.29,1
638,0,0,29.0,9,103417.74,1,1.0,1.0,15336.4,0
589,0,1,46.0,9,0.0,2,1.0,0.0,170676.67,0
650,1,1,55.0,9,119618.42,1,1.0,1.0,29861.13,0
632,2,0,38.0,6,86569.76,2,1.0,0.0,98090.91,0
654,0,1,29.0,4,132954.64,1,1.0,1.0,146715.06,0
747,0,1,27.0,10,0.0,2,0.0,0.0,13007.89,0
692,0,1,54.0,5,0.0,2,1.0,1.0,88721.84,0
713,0,1,38.0,9,72286.84,2,1.0,1.0,26136.89,0
531,2,0,31.0,7,117052.82,1,1.0,0.0,118508.09,1
705,2,0,43.0,7,79974.55,1,1.0,1.0,103108.33,0
496,0,0,36.0,7,0.0,2,0.0,0.0,108098.28,0
710,1,0,36.0,8,0.0,2,0.0,0.0,83206.19,0
737,2,0,22.0,10,111543.26,2,0.0,0.0,106327.85,0
531,1,1,31.0,2,118899.45,2,0.0,0.0,41409.36,0
643,2,0,45.0,2,150842.94,1,0.0,1.0,2319.96,1
765,0,1,34.0,9,91835.16,1,0.0,0.0,138280.17,0
639,1,0,39.0,1,141789.16,1,1.0,0.0,92455.96,0
602,1,0,22.0,7,141604.77,1,1.0,0.0,30379.6,0
668,2,1,56.0,9,110993.79,1,1.0,0.0,134396.64,1
547,2,0,30.0,9,72392.41,1,1.0,0.0,77077.14,0
711,0,1,38.0,3,0.0,2,1.0,0.0,68487.51,0
748,0,1,44.0,4,112610.77,1,0.0,1.0,2048.55,0
654,0,1,29.0,1,0.0,1,1.0,0.0,180345.44,0
743,0,1,39.0,6,0.0,2,1.0,0.0,44265.28,0
519,1,0,57.0,2,119035.35,2,1.0,1.0,29871.79,0
624,2,1,27.0,9,94667.29,2,0.0,1.0,4470.52,0
637,0,0,36.0,9,166939.88,1,1.0,1.0,72504.76,0
603,2,1,35.0,1,105346.03,2,1.0,1.0,130379.5,0
544,0,0,29.0,1,118560.55,1,1.0,1.0,164137.36,0
590,0,0,45.0,2,81828.22,1,1.0,0.0,52167.97,0
794,0,1,35.0,6,0.0,2,1.0,1.0,68730.91,0
640,1,1,47.0,6,89047.14,1,1.0,0.0,116286.25,0
656,0,1,38.0,10,0.0,1,1.0,1.0,136521.81,0
742,1,1,24.0,8,0.0,2,1.0,0.0,4070.28,0
676,0,1,40.0,8,114005.78,1,1.0,1.0,67998.45,0
796,1,0,23.0,3,146584.19,2,0.0,0.0,125445.8,0
835,2,1,20.0,4,124365.42,1,0.0,0.0,180197.73,1
626,0,0,32.0,0,0.0,2,0.0,0.0,187172.55,0
675,0,1,54.0,2,0.0,1,1.0,0.0,149583.67,1
498,2,1,37.0,8,108432.88,2,1.0,1.0,14865.05,0
795,2,0,33.0,9,104552.72,1,1.0,1.0,120853.83,1
726,0,0,32.0,8,0.0,2,0.0,0.0,185075.62,0
703,0,0,41.0,6,109941.51,1,1.0,0.0,116267.28,0
601,2,0,54.0,1,131039.97,2,1.0,1.0,199661.5,0
657,0,0,39.0,4,80293.81,1,1.0,0.0,97192.76,0
790,2,1,24.0,7,107418.27,1,0.0,1.0,160450.2,0
850,1,0,55.0,7,0.0,1,0.0,0.0,171762.88,1
696,1,0,51.0,5,0.0,2,1.0,0.0,55022.43,0
619,1,0,38.0,6,0.0,2,1.0,1.0,117616.29,0
720,2,1,23.0,0,187861.19,2,1.0,1.0,104120.17,0
699,1,1,40.0,2,0.0,1,1.0,0.0,78387.32,0
622,0,0,35.0,5,0.0,2,1.0,0.0,51112.8,0
546,1,1,42.0,7,139070.52,1,1.0,1.0,86945.0,0
639,0,1,38.0,3,0.0,1,1.0,0.0,42862.82,0
693,0,1,38.0,7,198338.77,2,1.0,1.0,14278.18,0
625,0,0,51.0,7,136294.97,1,1.0,0.0,38867.46,1
699,0,0,32.0,4,110559.46,1,1.0,1.0,127429.56,0
733,0,1,36.0,5,0.0,2,1.0,1.0,109127.54,0
642,1,1,32.0,7,100433.8,1,1.0,1.0,39768.59,0
439,0,0,43.0,8,0.0,1,0.0,1.0,104889.3,0
526,1,1,66.0,7,132044.6,2,1.0,1.0,158365.89,0
676,2,1,28.0,1,69459.05,2,1.0,1.0,128461.29,0
528,2,1,22.0,5,93547.23,2,0.0,1.0,961.57,0
675,1,1,32.0,8,197436.81,1,1.0,1.0,52710.7,0
537,1,0,38.0,1,0.0,2,0.0,1.0,41233.97,0
806,1,1,25.0,7,0.0,2,1.0,0.0,18461.9,0
765,0,1,40.0,6,138033.55,1,1.0,1.0,67972.45,0
614,2,1,32.0,7,99462.8,2,1.0,1.0,51117.06,0
503,0,0,37.0,8,0.0,2,1.0,1.0,97893.32,0
528,1,0,32.0,0,68138.37,1,1.0,1.0,170309.19,0
539,1,0,39.0,6,62052.28,1,0.0,1.0,59755.14,0
595,2,1,46.0,5,142360.62,2,1.0,0.0,48421.4,1
502,0,0,42.0,8,159660.8,3,1.0,0.0,113931.57,1
730,1,0,52.0,7,0.0,2,0.0,1.0,122398.84,0
677,0,0,29.0,3,86616.35,1,0.0,0.0,91903.9,1
668,2,0,28.0,1,124511.01,1,0.0,0.0,114258.18,0
831,2,1,32.0,9,80262.66,1,1.0,0.0,194867.78,0
647,2,0,43.0,3,122717.53,2,1.0,1.0,87000.39,0
743,1,0,48.0,5,118207.69,2,0.0,0.0,186489.14,1
538,1,1,40.0,8,0.0,2,1.0,1.0,25554.4,0
689,0,0,40.0,1,0.0,2,1.0,1.0,119446.64,0
670,1,1,35.0,2,124268.64,2,0.0,1.0,84321.03,0
720,2,0,57.0,1,162082.31,4,0.0,0.0,27145.73,1
731,0,1,29.0,5,179539.2,1,0.0,0.0,112010.02,0
552,1,1,55.0,3,0.0,1,1.0,1.0,40333.94,0
614,2,0,44.0,6,118715.86,1,1.0,0.0,133591.11,1
837,2,1,35.0,0,144037.6,1,1.0,0.0,145325.31,0
793,2,0,32.0,1,96408.98,1,1.0,1.0,138191.81,0
650,2,0,45.0,9,152367.2,3,1.0,0.0,150835.2,1
802,1,1,41.0,6,0.0,2,1.0,0.0,47322.05,0
527,1,0,46.0,10,131414.77,1,1.0,0.0,54947.51,0
712,1,1,53.0,2,111061.01,2,0.0,0.0,26542.17,0
627,2,1,23.0,5,184244.86,1,1.0,0.0,103099.22,0
548,0,0,41.0,4,82596.8,1,0.0,1.0,55672.09,0
684,1,0,42.0,3,103210.27,1,1.0,0.0,31002.03,0
551,2,0,30.0,2,143340.44,1,1.0,0.0,145796.48,0
376,2,0,29.0,4,115046.74,4,1.0,0.0,119346.88,1
665,0,0,55.0,8,136354.16,1,1.0,1.0,93769.89,0
850,0,0,37.0,7,153147.75,1,1.0,1.0,152235.3,0
639,1,1,29.0,4,133434.56,2,1.0,0.0,97983.44,0
683,0,1,39.0,4,0.0,2,1.0,0.0,171716.81,0
689,0,1,39.0,4,0.0,2,1.0,0.0,196112.45,0
811,0,0,35.0,7,0.0,1,1.0,1.0,178.19,0
422,0,1,41.0,6,153238.88,1,1.0,0.0,11663.09,0
728,0,1,37.0,3,122689.51,2,0.0,0.0,106977.53,1
652,1,0,38.0,1,103895.31,1,0.0,1.0,159649.44,0
757,2,0,34.0,9,101861.36,2,0.0,0.0,187011.95,0
629,0,0,33.0,6,0.0,2,1.0,1.0,59129.72,0
667,1,1,35.0,4,97585.32,2,0.0,0.0,57213.46,0
606,2,0,47.0,0,137138.2,2,0.0,1.0,53784.22,0
749,1,0,46.0,9,66582.81,1,1.0,0.0,78753.12,1
669,0,1,50.0,9,201009.64,1,1.0,0.0,158032.5,1
637,1,1,43.0,3,172196.23,1,1.0,1.0,104769.96,0
542,0,1,38.0,8,65942.26,1,1.0,1.0,68093.23,1
704,0,1,32.0,7,127785.17,4,0.0,0.0,184464.7,1
615,0,1,64.0,0,81564.1,2,0.0,1.0,35896.09,0
699,2,0,31.0,10,125837.86,2,1.0,0.0,189392.66,0
624,2,0,48.0,3,122388.38,2,0.0,0.0,30020.09,0
649,0,0,56.0,8,156974.27,1,1.0,0.0,89405.26,1
640,2,1,33.0,8,81677.22,2,0.0,0.0,34925.56,0
712,1,0,30.0,6,0.0,2,1.0,0.0,152417.97,0
620,1,1,31.0,2,166833.86,2,1.0,1.0,135171.6,0
724,0,1,30.0,10,0.0,2,1.0,1.0,54265.55,0
677,1,0,34.0,10,171671.9,1,1.0,1.0,50777.77,0
643,1,0,32.0,2,0.0,1,0.0,0.0,131301.73,0
728,2,0,32.0,9,127772.1,2,1.0,1.0,152643.48,0
731,2,0,49.0,4,88826.07,1,1.0,1.0,33759.41,1
679,0,1,30.0,9,0.0,2,1.0,0.0,157871.55,0
696,2,1,38.0,6,142316.14,1,1.0,1.0,8018.49,0
630,0,0,36.0,8,126598.99,2,1.0,1.0,134407.94,0
504,2,1,56.0,9,104217.3,1,0.0,0.0,55857.48,1
689,1,1,73.0,1,108555.07,1,0.0,1.0,167969.16,0
709,2,1,30.0,9,115479.48,2,1.0,1.0,134732.98,0
501,0,1,37.0,4,0.0,2,0.0,0.0,12470.3,0
515,0,0,66.0,6,0.0,2,1.0,1.0,160663.11,0
603,0,1,38.0,8,59360.77,1,1.0,1.0,191457.06,0
850,1,1,37.0,4,88141.1,1,1.0,0.0,109659.12,0
678,1,1,38.0,3,124483.53,1,1.0,0.0,126253.31,0
648,0,0,37.0,7,0.0,2,1.0,0.0,194238.92,0
670,0,1,37.0,4,170557.9,2,1.0,0.0,198252.88,0
712,0,0,30.0,1,89571.59,1,1.0,1.0,177613.19,0
638,0,0,42.0,7,165679.92,1,0.0,0.0,32916.29,0
490,0,0,37.0,3,116465.53,1,0.0,1.0,24435.77,0
437,0,1,49.0,9,111634.29,2,0.0,1.0,166440.31,0
535,0,0,40.0,8,0.0,1,1.0,1.0,27689.77,0
632,2,0,41.0,3,81877.38,1,1.0,1.0,33642.21,0
511,2,0,40.0,9,124401.6,1,1.0,0.0,198814.23,1
647,0,1,32.0,5,97041.16,1,1.0,1.0,23132.73,0
643,0,0,33.0,0,137811.75,1,1.0,1.0,184856.89,0
560,1,0,43.0,4,95140.44,2,1.0,0.0,123181.44,1
668,0,0,32.0,2,0.0,2,1.0,1.0,40652.33,0
567,1,1,35.0,8,153137.73,1,1.0,0.0,88659.07,0
727,2,0,18.0,2,93816.7,2,1.0,0.0,126172.11,0
682,1,0,59.0,0,122661.39,1,0.0,1.0,84803.76,0
773,1,1,37.0,2,103195.2,2,1.0,0.0,178268.36,0
689,2,0,30.0,5,136650.89,1,1.0,1.0,41865.72,1
633,2,1,42.0,3,126041.02,1,0.0,1.0,11796.89,0
753,2,0,46.0,9,113909.69,3,1.0,0.0,92320.37,1
818,0,0,31.0,1,186796.38,1,0.0,0.0,178252.62,0
669,0,0,41.0,0,150219.4,2,0.0,0.0,107839.03,0
657,0,1,38.0,7,0.0,2,1.0,0.0,185827.73,0
577,0,1,25.0,3,0.0,2,0.0,1.0,124508.29,0
663,2,1,42.0,7,115930.87,1,1.0,0.0,19862.78,0
453,2,0,40.0,1,111524.49,1,1.0,1.0,120373.84,1
446,2,1,25.0,3,136202.78,1,1.0,0.0,176743.52,0
711,0,0,29.0,9,0.0,2,0.0,1.0,3234.8,0
605,0,0,28.0,6,0.0,2,0.0,0.0,159508.52,0
701,2,1,23.0,5,186101.19,2,1.0,1.0,76611.33,0
633,2,0,29.0,0,138577.34,1,1.0,0.0,193362.98,0
641,0,0,37.0,2,0.0,2,1.0,0.0,3939.87,0
508,1,1,54.0,10,0.0,1,1.0,1.0,175749.36,0
726,1,0,35.0,9,0.0,2,0.0,1.0,100556.98,0
554,1,1,66.0,8,0.0,2,1.0,1.0,116747.62,0
850,0,1,38.0,7,80293.98,1,0.0,0.0,126555.74,0
689,1,1,38.0,2,0.0,1,1.0,1.0,82709.8,0
455,1,0,43.0,6,0.0,1,1.0,1.0,81250.79,0
618,0,1,30.0,3,133844.22,1,1.0,1.0,31406.93,0
501,0,0,41.0,3,144260.5,1,1.0,0.0,172114.67,0
579,1,0,31.0,9,0.0,2,1.0,0.0,112395.98,0
651,0,0,32.0,8,144581.95,1,1.0,1.0,87609.5,0
554,0,0,35.0,6,117707.18,2,0.0,0.0,95277.15,1
590,0,1,32.0,9,0.0,2,1.0,0.0,138889.16,0
711,0,0,21.0,0,82844.33,2,0.0,1.0,1408.68,0
589,0,1,36.0,8,114435.47,1,1.0,0.0,26955.72,0
533,0,1,36.0,7,85311.7,1,0.0,1.0,156731.9,0
573,0,0,30.0,6,0.0,2,1.0,0.0,66190.21,0
586,1,1,34.0,5,168094.02,1,0.0,0.0,20058.61,0
584,0,0,26.0,0,146286.22,1,1.0,0.0,105105.35,0
497,2,0,55.0,7,131778.66,1,1.0,1.0,9972.64,0
676,0,0,34.0,1,63095.01,1,1.0,1.0,40645.81,0
850,0,1,81.0,5,0.0,2,1.0,1.0,44827.47,0
607,2,1,38.0,3,98205.77,1,1.0,0.0,176318.27,0
686,2,1,33.0,9,141918.1,2,0.0,1.0,184036.47,0
617,1,0,45.0,1,0.0,1,1.0,0.0,143298.06,0
568,2,1,40.0,1,99282.63,1,0.0,0.0,134600.94,1
650,1,1,32.0,1,132187.73,2,1.0,1.0,178331.36,0
775,0,0,30.0,5,0.0,1,1.0,0.0,193880.6,1
652,0,0,36.0,6,112518.71,2,0.0,1.0,110421.31,0
622,0,0,30.0,2,158584.81,3,1.0,0.0,142342.55,1
589,1,0,45.0,1,0.0,1,0.0,0.0,125939.22,1
678,0,0,48.0,2,0.0,2,1.0,1.0,32301.88,0
850,1,1,39.0,0,141829.67,1,1.0,1.0,92748.16,0
753,0,0,31.0,6,106596.29,1,0.0,0.0,91305.77,0
726,1,1,36.0,2,0.0,1,1.0,0.0,195192.4,0
756,0,0,28.0,6,0.0,1,1.0,1.0,164394.66,0
635,0,0,33.0,5,0.0,2,1.0,0.0,122949.71,0
675,1,1,35.0,8,0.0,2,1.0,0.0,29062.25,0
524,2,0,37.0,9,127480.58,2,1.0,0.0,179634.69,0
665,0,1,51.0,2,0.0,1,0.0,0.0,53353.36,0
587,0,1,47.0,6,71026.77,1,1.0,0.0,57962.41,0
504,0,0,49.0,7,0.0,3,0.0,1.0,87822.14,1
611,0,1,28.0,2,0.0,2,0.0,0.0,25395.83,0
701,0,0,34.0,3,105588.66,1,0.0,1.0,74694.41,0
769,0,0,39.0,8,0.0,1,0.0,1.0,21016.0,0
619,0,0,28.0,3,0.0,2,1.0,0.0,53394.12,0
620,1,1,42.0,4,106920.91,1,0.0,1.0,119747.08,0
580,2,0,33.0,7,131647.02,2,0.0,0.0,79775.19,0
636,1,1,60.0,7,124447.73,1,1.0,1.0,141364.62,1
703,1,1,58.0,4,92930.92,1,0.0,1.0,85148.78,0
506,2,0,41.0,3,57745.76,1,1.0,0.0,4035.46,0
444,0,1,34.0,2,144318.97,1,1.0,0.0,112668.06,0
573,0,0,36.0,1,0.0,1,1.0,1.0,56905.38,0
504,2,0,43.0,7,102365.49,1,1.0,0.0,194690.77,1
524,2,0,31.0,10,67238.98,2,1.0,1.0,161811.23,0
850,1,1,36.0,6,0.0,2,0.0,1.0,41291.05,0
477,2,1,48.0,8,129250.0,2,1.0,1.0,157937.34,0
710,1,0,28.0,6,0.0,1,1.0,0.0,48426.98,0
612,1,0,52.0,5,144772.69,1,0.0,0.0,98302.57,1
671,0,0,48.0,8,115713.84,2,0.0,0.0,83210.84,0
749,0,1,37.0,10,185063.7,2,1.0,1.0,134526.88,0
590,0,0,29.0,4,0.0,2,1.0,0.0,121846.81,0
692,1,0,29.0,4,0.0,2,0.0,0.0,138880.23,0
591,2,0,51.0,8,132508.3,1,1.0,1.0,161304.69,1
635,1,0,48.0,2,0.0,2,1.0,1.0,136551.25,0
813,0,1,32.0,1,122889.88,1,1.0,1.0,26476.18,0
679,0,1,29.0,3,0.0,2,1.0,1.0,63687.06,0
571,0,0,33.0,9,0.0,2,0.0,1.0,77519.62,0
763,0,0,53.0,4,0.0,1,1.0,0.0,77203.72,1
767,2,1,20.0,3,119714.25,2,0.0,1.0,150135.38,0
712,1,0,29.0,7,77919.78,1,1.0,0.0,122547.58,0
677,2,0,36.0,10,68806.84,1,1.0,0.0,33075.24,0
679,0,0,33.0,1,0.0,2,0.0,0.0,69608.48,0
732,0,1,79.0,10,61811.23,1,1.0,1.0,104222.8,0
710,0,0,33.0,2,0.0,2,1.0,0.0,72945.32,0
767,0,1,43.0,1,76408.85,2,1.0,0.0,77837.63,0
697,1,0,40.0,7,130334.35,2,0.0,1.0,116951.1,0
777,2,0,46.0,0,107362.8,1,1.0,0.0,487.3,0
773,2,1,43.0,8,81844.91,2,1.0,1.0,35908.46,0
715,2,0,37.0,9,105489.31,1,0.0,0.0,143096.48,1
578,2,1,34.0,8,147487.23,2,1.0,0.0,66680.77,0
593,1,1,32.0,10,158537.42,1,1.0,0.0,166850.56,0
570,0,1,23.0,2,0.0,1,0.0,0.0,198830.98,0
529,1,1,35.0,5,95772.97,1,1.0,1.0,112781.5,0
668,2,0,46.0,7,161806.1,1,1.0,1.0,173052.19,0
625,2,1,42.0,6,100047.33,1,1.0,0.0,93429.95,0
771,2,0,38.0,5,137657.7,2,1.0,0.0,72985.61,0
850,1,0,31.0,3,121237.65,1,1.0,1.0,31022.56,0
744,1,0,46.0,1,0.0,3,1.0,1.0,177431.6,1
777,0,0,42.0,5,147531.81,1,1.0,1.0,38819.45,0
769,0,0,40.0,9,133871.05,1,1.0,1.0,50568.02,0
637,0,0,21.0,10,125712.2,1,0.0,0.0,175072.47,0
715,2,0,32.0,3,104857.19,2,1.0,0.0,114149.8,0
603,0,1,46.0,2,0.0,2,1.0,1.0,59563.49,0
736,0,1,29.0,4,0.0,2,0.0,0.0,51705.01,0
646,2,1,39.0,0,154439.86,1,1.0,0.0,171519.06,0
828,0,0,41.0,7,0.0,2,1.0,0.0,171378.77,0
647,0,0,35.0,6,112668.7,1,0.0,1.0,122584.29,0
728,2,0,33.0,9,150412.14,2,1.0,0.0,170764.08,0
758,1,1,56.0,1,0.0,2,1.0,1.0,10643.38,0
715,0,0,35.0,3,0.0,1,1.0,1.0,152012.36,0
712,2,1,53.0,6,134729.98,2,1.0,1.0,132702.64,0
706,2,0,28.0,6,124923.35,2,1.0,1.0,50299.14,0
601,2,1,43.0,3,141859.12,2,1.0,1.0,111249.62,0
845,0,0,28.0,9,0.0,2,1.0,1.0,56185.98,0
733,0,0,28.0,5,0.0,2,0.0,0.0,12761.16,0
729,0,1,44.0,5,0.0,2,0.0,1.0,9200.54,0
665,2,1,25.0,5,153611.83,2,1.0,0.0,35321.65,0
791,2,1,31.0,1,130240.33,1,0.0,0.0,96546.55,0
850,2,0,36.0,6,143644.16,1,1.0,0.0,22102.25,1
687,0,0,26.0,6,0.0,2,1.0,1.0,32909.13,0
849,0,0,41.0,9,115465.28,1,1.0,0.0,103174.5,0
593,0,0,46.0,7,98752.51,1,1.0,0.0,145560.38,0
628,2,0,30.0,9,132351.3,2,1.0,1.0,74169.13,0
477,1,0,48.0,2,129120.64,1,0.0,1.0,26475.79,0
760,2,1,29.0,5,103607.24,2,0.0,1.0,86334.64,0
521,0,0,41.0,2,0.0,2,1.0,1.0,113089.43,0
694,1,1,39.0,0,107042.74,1,1.0,1.0,102284.2,0
627,0,0,27.0,2,0.0,2,1.0,0.0,125451.01,0
718,1,0,49.0,10,82321.88,1,0.0,1.0,11144.4,0
589,2,1,48.0,5,126111.61,1,0.0,1.0,133961.19,0
706,2,0,56.0,3,139603.22,1,1.0,1.0,86383.61,0
502,0,1,30.0,4,0.0,2,1.0,1.0,66263.87,0
605,1,0,57.0,2,0.0,3,1.0,0.0,66652.75,1
815,1,0,57.0,5,0.0,3,0.0,0.0,38941.44,1
567,0,0,38.0,1,125877.65,2,1.0,1.0,107841.77,0
602,0,1,31.0,7,155271.83,1,1.0,1.0,179446.31,0
550,0,1,47.0,2,0.0,2,1.0,1.0,97057.28,0
684,2,0,26.0,2,114035.39,1,0.0,0.0,96885.19,0
728,0,1,30.0,10,114835.43,1,0.0,1.0,37662.49,0
796,1,1,67.0,5,0.0,2,0.0,1.0,54871.02,0
673,0,1,37.0,2,0.0,1,1.0,1.0,13624.02,0
715,1,0,35.0,4,40169.88,2,1.0,1.0,199857.47,0
492,2,1,51.0,8,117808.74,2,1.0,1.0,67311.12,0
782,0,1,36.0,1,148795.17,2,1.0,1.0,195681.44,0
637,0,0,33.0,9,113913.53,1,0.0,1.0,65316.5,0
583,0,0,27.0,1,125406.58,1,1.0,1.0,110784.42,0
652,2,1,27.0,2,166527.88,2,0.0,1.0,146007.7,0
732,0,1,36.0,7,0.0,2,1.0,1.0,60830.24,0
551,0,0,59.0,2,166968.28,1,1.0,0.0,159483.77,1
574,2,1,54.0,1,99774.5,1,0.0,0.0,4896.11,1
747,0,1,41.0,5,0.0,2,1.0,1.0,22750.17,0
689,1,0,31.0,4,0.0,2,1.0,1.0,136610.02,0
660,0,1,50.0,1,0.0,3,1.0,1.0,191849.16,1
647,1,1,28.0,6,149594.02,2,1.0,0.0,102325.19,0
569,0,0,44.0,4,0.0,2,0.0,0.0,134394.78,0
537,0,1,47.0,10,0.0,2,0.0,1.0,25482.62,0
600,0,0,43.0,5,134022.06,1,1.0,0.0,194764.83,0
677,1,1,40.0,5,0.0,2,1.0,0.0,88947.56,0
716,1,1,34.0,9,0.0,1,1.0,1.0,66695.71,0
706,2,1,67.0,1,123276.69,2,1.0,1.0,86507.88,1
798,1,0,58.0,9,0.0,2,0.0,0.0,119071.56,1
714,0,1,54.0,7,126113.28,1,1.0,0.0,112777.38,0
850,0,1,19.0,8,0.0,1,1.0,1.0,68569.89,0
683,1,1,29.0,0,133702.89,1,1.0,0.0,55582.54,1
605,1,1,47.0,7,142643.55,1,1.0,0.0,189310.27,0
707,0,0,40.0,5,0.0,2,1.0,0.0,41052.82,0
749,1,1,36.0,7,0.0,2,0.0,0.0,80134.65,0
516,0,0,33.0,7,127305.5,1,1.0,1.0,120037.36,0
798,0,0,60.0,6,96956.1,1,1.0,0.0,31907.44,1
530,1,1,44.0,6,0.0,2,0.0,0.0,55893.37,0
567,0,0,45.0,4,0.0,2,0.0,1.0,121053.19,0
583,2,0,26.0,10,72835.56,2,1.0,0.0,96792.15,0
584,1,0,59.0,1,0.0,1,0.0,1.0,130260.11,1
671,0,0,34.0,5,164757.56,1,1.0,0.0,110748.88,0
748,2,0,40.0,3,103499.09,2,0.0,0.0,38153.19,0
670,1,0,57.0,3,175575.95,2,1.0,0.0,99061.75,1
735,2,1,46.0,2,106344.95,1,1.0,0.0,114371.33,1
643,1,1,43.0,1,0.0,2,1.0,1.0,145764.4,0
606,0,0,71.0,8,0.0,2,1.0,1.0,169741.95,0
592,1,1,38.0,8,0.0,2,1.0,0.0,180426.2,0
603,0,1,31.0,4,0.0,2,0.0,1.0,9607.1,0
450,1,0,34.0,2,0.0,2,1.0,0.0,175480.94,0
599,2,1,36.0,3,128960.21,2,1.0,1.0,40318.33,0
687,1,1,38.0,8,69434.4,2,1.0,1.0,66580.13,1
534,0,0,53.0,7,0.0,2,1.0,1.0,80619.17,0
610,1,1,46.0,5,91897.8,1,1.0,0.0,54394.28,0
478,0,1,35.0,1,92474.05,1,1.0,0.0,178626.06,0
531,1,1,70.0,1,0.0,2,0.0,0.0,99503.19,0
743,0,0,46.0,9,0.0,1,1.0,0.0,113436.08,0
708,2,0,42.0,8,192390.52,2,1.0,0.0,823.36,0
545,1,0,47.0,5,0.0,2,1.0,1.0,38970.14,0
646,0,0,34.0,3,131283.11,1,0.0,0.0,130500.65,0
686,1,1,38.0,7,111484.88,1,1.0,1.0,76076.2,0
714,1,1,27.0,3,0.0,3,1.0,1.0,129130.09,0
802,1,1,40.0,4,0.0,2,1.0,1.0,81908.09,0
509,0,1,31.0,3,0.0,2,1.0,0.0,15360.91,0
764,1,1,29.0,5,0.0,2,1.0,0.0,65868.28,0
594,2,1,18.0,1,132694.73,1,1.0,0.0,167689.56,0
797,1,1,59.0,4,129321.44,1,1.0,1.0,93624.55,0
710,2,0,62.0,9,148214.36,1,1.0,0.0,48571.14,1
758,1,1,35.0,5,0.0,2,1.0,0.0,95009.6,0
766,2,1,44.0,3,116822.7,1,0.0,0.0,197643.23,0
681,1,1,65.0,7,134714.7,2,0.0,1.0,190419.81,0
625,0,0,28.0,3,0.0,1,0.0,0.0,183646.4,0
535,0,0,48.0,9,0.0,1,1.0,0.0,149892.8,1
576,1,1,45.0,5,133618.02,1,0.0,0.0,135244.88,0
532,0,1,60.0,5,76705.87,2,0.0,1.0,13889.73,0
765,2,0,34.0,8,136729.52,2,0.0,0.0,47058.21,0
710,0,0,31.0,3,0.0,2,1.0,1.0,112289.06,0
573,2,1,31.0,0,134644.19,1,1.0,1.0,70381.49,0
776,2,1,38.0,5,112281.7,1,0.0,1.0,89893.6,0
637,1,0,34.0,9,0.0,2,0.0,0.0,26057.08,0
710,0,1,43.0,9,128284.45,1,1.0,0.0,32996.89,1
611,1,1,51.0,1,122874.74,1,1.0,1.0,149648.45,0
588,0,0,24.0,0,0.0,2,1.0,1.0,140586.08,0
638,0,0,43.0,3,145860.98,1,1.0,1.0,142763.52,1
625,0,0,52.0,2,79468.96,1,1.0,1.0,84606.03,0
838,0,1,31.0,2,0.0,2,1.0,0.0,8222.96,0
796,1,1,56.0,6,94231.13,1,0.0,0.0,121164.6,1
643,0,1,37.0,6,0.0,2,0.0,0.0,142454.77,0
671,2,0,31.0,6,105864.6,2,1.0,0.0,145567.34,0
811,0,1,40.0,1,101514.89,1,1.0,1.0,121765.0,0
850,0,1,41.0,3,0.0,2,1.0,0.0,128892.36,0
650,1,1,25.0,7,160599.06,2,1.0,1.0,28391.52,0
669,0,0,44.0,8,96418.09,1,0.0,0.0,131609.48,1
676,0,1,20.0,1,80569.73,1,0.0,0.0,68621.98,0
523,2,1,35.0,8,138782.77,1,1.0,1.0,186118.94,0
840,0,0,39.0,1,94968.97,1,1.0,0.0,84487.62,0
743,0,1,42.0,7,77002.2,2,1.0,1.0,80428.42,0
673,0,1,72.0,1,0.0,2,0.0,1.0,111981.19,0
515,0,1,65.0,7,92113.61,1,1.0,1.0,142548.33,0
623,0,1,40.0,6,0.0,2,1.0,1.0,66119.07,0
554,1,1,30.0,6,135370.12,1,1.0,1.0,179689.05,1
616,2,0,45.0,4,122793.96,1,1.0,1.0,62002.04,0
751,2,0,36.0,6,169831.45,2,1.0,1.0,27758.36,0
600,0,0,37.0,4,0.0,3,1.0,0.0,7312.25,1
607,0,1,44.0,0,0.0,2,1.0,1.0,81140.09,0
646,0,1,18.0,10,0.0,2,0.0,1.0,52795.15,0
576,0,1,40.0,9,0.0,2,1.0,0.0,112465.19,1
678,2,1,23.0,10,115563.71,1,1.0,1.0,91633.53,0
760,1,1,28.0,1,141038.56,2,0.0,0.0,16287.38,0
748,1,1,39.0,3,0.0,2,1.0,1.0,123998.52,0
682,2,1,36.0,5,72373.62,2,1.0,0.0,36895.99,0
586,0,1,58.0,7,151933.62,1,1.0,0.0,162960.05,1
751,2,0,51.0,7,148074.8,1,1.0,0.0,146411.4,1
502,2,0,40.0,7,117304.29,1,0.0,0.0,196278.31,0
758,0,0,30.0,3,141581.08,1,1.0,0.0,156249.06,0
668,1,1,25.0,8,0.0,2,1.0,1.0,135112.1,0
742,2,1,35.0,5,136857.0,1,0.0,0.0,84509.57,0
506,0,0,41.0,1,0.0,2,1.0,0.0,31766.3,0
784,2,1,38.0,1,138515.02,1,1.0,1.0,171768.77,0
690,1,1,36.0,10,0.0,2,1.0,0.0,55902.93,0
570,0,0,36.0,3,0.0,2,1.0,0.0,92118.75,0
587,2,0,32.0,3,125445.04,2,1.0,1.0,130514.78,0
595,2,1,34.0,2,87967.42,2,0.0,1.0,156309.52,0
645,2,0,59.0,8,121669.93,2,0.0,0.0,91.75,1
737,1,1,38.0,6,146282.8,2,1.0,0.0,198516.2,0
576,1,1,33.0,3,0.0,2,0.0,1.0,190112.05,0
584,2,0,62.0,9,137727.34,2,0.0,1.0,121102.9,0
540,1,1,39.0,1,0.0,1,0.0,1.0,108419.41,0
639,0,0,38.0,4,81550.94,2,0.0,1.0,118974.77,0
850,0,0,34.0,6,101266.51,1,1.0,0.0,33501.98,0
694,0,0,33.0,4,129731.64,2,1.0,0.0,178123.86,0
710,2,1,49.0,10,129164.88,1,1.0,1.0,193266.72,0
717,0,1,35.0,4,0.0,1,1.0,1.0,167573.06,0
477,2,0,24.0,2,95675.62,2,0.0,0.0,162699.7,1
679,1,0,40.0,7,0.0,2,1.0,1.0,163757.3,0
667,1,1,38.0,1,87202.38,1,1.0,1.0,77866.91,0
781,0,1,20.0,0,125023.1,2,1.0,1.0,108301.45,0
681,0,0,41.0,0,120549.29,2,1.0,0.0,175722.31,0
592,0,0,31.0,2,84102.11,2,0.0,1.0,116385.24,0
787,0,1,25.0,5,0.0,2,1.0,0.0,47307.9,0
619,1,0,32.0,4,175406.12,2,1.0,1.0,172792.44,1
785,0,0,40.0,3,0.0,2,1.0,1.0,96832.82,0
734,1,0,39.0,3,92636.96,2,1.0,1.0,125671.29,0
518,2,0,35.0,8,141665.62,1,0.0,1.0,192776.64,0
795,2,0,33.0,9,130862.43,1,1.0,1.0,114935.21,0
624,2,0,52.0,0,133723.44,1,0.0,0.0,4859.59,1
559,0,0,34.0,5,68999.66,2,1.0,1.0,66879.27,0
700,2,1,35.0,4,95853.39,2,1.0,0.0,192933.38,0
731,0,0,41.0,9,152243.56,1,1.0,1.0,88783.59,0
651,2,1,31.0,7,138008.06,2,1.0,0.0,129912.74,0
822,0,1,38.0,6,128289.7,3,1.0,0.0,9149.96,1
850,1,0,29.0,7,0.0,2,1.0,0.0,23237.25,0
614,0,0,43.0,6,0.0,2,1.0,1.0,109041.53,0
506,0,0,40.0,3,0.0,1,1.0,1.0,144345.58,0
757,2,1,26.0,8,121581.56,2,1.0,1.0,127059.04,0
548,2,0,33.0,0,101084.36,1,1.0,0.0,42749.85,0
588,1,1,33.0,2,0.0,2,1.0,1.0,12483.56,0
829,1,1,50.0,7,0.0,2,0.0,1.0,178458.86,0
703,0,1,36.0,2,0.0,2,1.0,0.0,108790.95,0
666,0,0,40.0,2,0.0,2,0.0,0.0,36371.27,0
701,0,0,35.0,2,0.0,2,1.0,1.0,65765.22,0
751,0,1,42.0,4,0.0,2,1.0,1.0,81442.6,0
586,0,0,52.0,6,140900.97,1,1.0,1.0,67288.89,0
681,0,0,63.0,7,0.0,2,1.0,1.0,55054.48,0
470,1,1,34.0,9,0.0,2,0.0,1.0,89013.67,0
588,0,0,35.0,0,0.0,2,1.0,1.0,155485.23,0
788,0,0,41.0,6,0.0,1,1.0,1.0,25571.37,0
833,0,0,39.0,3,0.0,2,1.0,0.0,1710.89,0
634,1,1,35.0,3,0.0,2,1.0,1.0,19515.48,0
645,0,1,39.0,8,0.0,2,0.0,0.0,96864.36,0
682,2,1,24.0,9,57929.81,2,0.0,0.0,53134.3,0
540,2,1,64.0,1,91869.69,1,0.0,1.0,95421.0,0
632,0,0,34.0,2,0.0,2,0.0,0.0,165385.55,0
779,1,0,55.0,0,133295.98,1,1.0,0.0,22832.71,1
763,1,0,32.0,8,0.0,2,1.0,0.0,16725.53,0
557,0,1,39.0,8,146200.02,1,1.0,0.0,177944.64,0
766,0,0,45.0,6,0.0,2,0.0,0.0,147184.73,0
563,1,1,24.0,7,0.0,2,0.0,0.0,16319.56,0
698,0,0,46.0,0,0.0,2,1.0,1.0,125962.02,0
812,1,0,49.0,8,66079.45,2,0.0,0.0,91556.57,1
797,0,1,31.0,9,0.0,2,1.0,1.0,24748.89,0
683,0,0,42.0,8,0.0,2,0.0,1.0,198134.9,0
592,2,1,31.0,7,124593.23,1,1.0,0.0,86079.67,0
533,2,1,38.0,4,70362.52,2,1.0,1.0,104189.46,0
735,2,0,43.0,9,98807.45,1,0.0,0.0,184570.05,1
666,0,0,31.0,2,79589.43,1,0.0,0.0,4050.57,0
594,2,1,40.0,0,152092.44,2,1.0,1.0,83508.93,0
729,0,1,30.0,9,0.0,2,1.0,0.0,151869.34,0
452,2,1,33.0,7,153663.27,1,1.0,0.0,111868.23,0
570,0,0,33.0,8,0.0,1,1.0,1.0,124641.42,0
680,2,1,34.0,6,146422.22,1,1.0,0.0,67142.97,1
684,1,0,36.0,4,0.0,1,1.0,0.0,117038.96,0
705,1,0,40.0,5,203715.16,1,1.0,0.0,179978.69,1
706,1,1,30.0,6,87609.68,2,0.0,0.0,137674.55,1
485,1,0,21.0,5,113157.22,1,1.0,1.0,54141.5,0
500,2,1,44.0,9,160838.12,2,1.0,0.0,196261.64,0
575,1,0,26.0,7,0.0,2,1.0,0.0,112507.63,0
526,2,1,34.0,3,122726.56,1,1.0,1.0,46772.36,0
712,2,1,28.0,4,145605.44,1,0.0,1.0,93883.53,0
627,0,1,70.0,1,94416.78,1,0.0,1.0,145299.5,0
449,0,0,21.0,7,0.0,2,0.0,0.0,175743.92,0
567,0,0,37.0,7,0.0,2,1.0,1.0,28690.9,0
471,1,0,28.0,5,0.0,2,1.0,1.0,22356.97,0
721,1,1,57.0,1,0.0,1,1.0,1.0,195940.95,0
850,2,0,32.0,0,116968.91,1,0.0,0.0,175094.62,0
639,2,0,37.0,5,151242.48,1,0.0,1.0,49637.65,0
639,2,0,41.0,5,98635.77,1,1.0,0.0,199970.73,0
517,1,1,39.0,3,0.0,2,0.0,1.0,12465.51,0
635,0,1,42.0,1,146766.72,2,0.0,1.0,164357.1,0
670,0,0,42.0,1,115961.58,2,0.0,1.0,29483.87,0
850,0,0,35.0,1,211774.31,1,1.0,0.0,188574.12,1
724,0,0,40.0,6,110054.45,1,1.0,1.0,86950.72,0
733,2,1,74.0,3,106545.53,1,1.0,1.0,134589.58,0
642,0,1,72.0,1,160541.0,2,1.0,1.0,142223.94,0
543,1,1,35.0,10,59408.63,1,1.0,0.0,76773.53,0
467,1,1,39.0,5,0.0,2,1.0,1.0,7415.96,0
693,0,0,43.0,4,152341.55,1,1.0,0.0,9241.78,0
552,0,1,29.0,10,0.0,2,1.0,0.0,12186.83,0
615,2,1,58.0,3,72309.3,1,1.0,1.0,85687.09,1
561,0,1,33.0,6,0.0,2,0.0,0.0,173680.39,0
671,0,0,48.0,6,119769.77,1,0.0,1.0,66032.65,0
683,0,1,30.0,4,114779.35,1,0.0,0.0,183171.47,0
661,0,1,35.0,9,100107.99,1,1.0,0.0,83949.68,0
468,1,1,28.0,3,0.0,2,1.0,0.0,170661.02,0
660,1,0,42.0,5,0.0,3,1.0,1.0,189016.23,1
494,1,1,38.0,7,0.0,2,1.0,1.0,6203.66,0
696,0,1,29.0,8,0.0,2,1.0,0.0,191166.1,0
499,0,0,28.0,4,141792.61,1,1.0,1.0,22001.91,0
637,0,1,32.0,3,0.0,2,1.0,1.0,197827.06,0
825,0,0,36.0,3,146053.66,1,1.0,1.0,138344.7,0
805,1,1,37.0,5,0.0,2,1.0,0.0,21928.81,0
656,2,1,68.0,7,153545.11,1,1.0,1.0,186574.69,0
573,0,0,27.0,4,0.0,2,1.0,1.0,157549.6,0
673,0,1,32.0,8,121240.76,1,1.0,0.0,116969.73,0
491,2,1,70.0,6,148745.92,2,1.0,1.0,17818.33,0
564,0,1,40.0,4,0.0,1,1.0,0.0,85455.62,1
520,0,1,35.0,9,105387.89,1,1.0,1.0,25059.06,0
730,1,0,43.0,1,103960.38,1,1.0,1.0,193650.16,0
850,2,1,55.0,0,98710.89,1,1.0,1.0,83617.17,1
660,1,1,38.0,6,109869.32,1,1.0,1.0,154641.9,0
645,1,1,44.0,8,113755.78,2,1.0,0.0,149756.7,1
741,1,1,50.0,1,78737.61,1,1.0,1.0,13018.96,0
630,0,0,26.0,5,0.0,2,1.0,0.0,182612.38,0
513,1,1,72.0,3,98903.06,1,1.0,1.0,81251.24,0
574,0,0,33.0,3,134348.56,1,1.0,0.0,63163.99,0
686,0,0,41.0,10,0.0,1,1.0,0.0,133086.45,0
796,2,1,40.0,2,113228.38,2,1.0,1.0,46415.09,0
422,0,0,33.0,2,0.0,2,1.0,0.0,102655.31,0
726,0,0,38.0,4,0.0,2,0.0,0.0,6787.48,0
562,2,1,31.0,4,127237.25,2,0.0,1.0,143317.42,0
819,0,1,38.0,9,122334.26,2,1.0,1.0,181507.44,0
544,1,0,53.0,9,0.0,1,1.0,0.0,125692.07,1
687,2,1,26.0,2,142721.52,1,1.0,1.0,153605.75,0
658,0,1,25.0,3,0.0,2,0.0,1.0,173948.4,0
707,2,1,34.0,9,162691.16,2,1.0,0.0,94912.78,0
567,1,0,54.0,5,92316.31,2,1.0,0.0,158590.66,1
425,2,1,40.0,9,166776.6,2,0.0,1.0,172646.88,0
797,0,0,46.0,8,0.0,1,0.0,0.0,162668.33,0
649,2,1,40.0,4,95001.33,1,0.0,1.0,123202.99,0
567,0,0,47.0,2,0.0,1,0.0,0.0,110900.43,1
537,0,1,59.0,9,0.0,2,0.0,0.0,103799.77,1
628,2,0,61.0,1,97361.66,1,1.0,1.0,149922.38,1
726,0,1,34.0,9,0.0,2,0.0,0.0,14121.61,0
534,0,1,52.0,1,0.0,3,1.0,1.0,104035.41,1
613,2,0,45.0,9,142765.23,2,1.0,0.0,34749.65,0
461,2,0,74.0,1,186445.31,2,1.0,1.0,196767.83,0
663,1,1,30.0,4,0.0,3,1.0,0.0,101371.05,0
579,0,1,31.0,9,0.0,1,0.0,1.0,139048.0,0
613,0,0,45.0,1,187841.98,2,1.0,1.0,147224.27,0
674,0,1,37.0,3,0.0,1,1.0,0.0,158049.9,0
618,0,0,21.0,2,125682.79,1,0.0,0.0,57762.0,0
721,0,0,35.0,6,118273.83,1,0.0,1.0,3086.89,0
579,1,0,35.0,1,129490.36,2,0.0,1.0,8590.83,1
778,2,1,41.0,7,139706.31,1,1.0,0.0,63337.19,0
687,0,0,47.0,7,0.0,2,1.0,1.0,177624.02,0
582,2,1,35.0,8,121309.17,2,1.0,1.0,28750.67,0
624,0,1,26.0,9,74681.9,2,0.0,0.0,31231.35,0
816,2,0,38.0,5,130878.75,3,1.0,0.0,71905.77,1
791,0,1,34.0,7,0.0,2,1.0,0.0,96734.46,0
653,0,0,43.0,6,0.0,2,1.0,1.0,7330.59,0
531,0,0,53.0,5,127642.44,1,1.0,0.0,141501.45,1
577,0,0,26.0,1,180530.52,1,0.0,0.0,123454.62,0
850,1,1,51.0,3,109799.55,2,1.0,1.0,12457.76,1
758,0,1,26.0,4,155739.77,1,1.0,0.0,171552.02,0
744,0,0,44.0,3,0.0,2,1.0,1.0,189016.14,0
637,0,1,27.0,1,0.0,2,1.0,0.0,91291.2,0
665,0,0,34.0,5,67816.72,1,1.0,1.0,29641.58,0
501,0,1,40.0,4,125832.2,1,1.0,1.0,100433.83,0
671,0,0,29.0,3,0.0,2,1.0,0.0,158043.11,0
687,0,1,38.0,0,144450.58,1,0.0,1.0,137276.83,0
728,2,1,39.0,6,152182.83,1,0.0,0.0,161203.6,0
604,1,0,71.0,10,0.0,2,1.0,1.0,129984.2,0
561,1,1,37.0,4,101470.29,1,0.0,1.0,88838.14,0
640,0,1,28.0,7,0.0,2,1.0,1.0,131097.9,0
558,0,1,35.0,1,0.0,2,0.0,0.0,111687.57,0
745,1,1,34.0,9,0.0,2,1.0,0.0,50046.25,0
706,0,0,29.0,5,112564.62,1,1.0,0.0,42334.38,0
604,2,0,42.0,10,166031.45,1,1.0,0.0,98293.14,0
537,2,1,66.0,8,103291.25,2,1.0,1.0,130664.79,0
744,1,1,39.0,4,95161.75,1,1.0,0.0,19409.77,0
690,1,0,36.0,10,91760.11,1,1.0,1.0,135784.94,0
702,0,1,26.0,5,56738.47,2,1.0,1.0,100442.22,1
481,0,0,28.0,10,0.0,2,1.0,0.0,145215.95,0
602,0,0,35.0,8,0.0,2,1.0,1.0,152843.53,0
601,2,0,42.0,9,133636.16,1,0.0,1.0,103315.74,0
577,1,1,41.0,4,89015.61,1,0.0,1.0,135227.23,0
767,1,1,37.0,7,0.0,2,1.0,1.0,24734.25,0
744,0,1,29.0,1,0.0,1,0.0,0.0,82422.97,0
591,0,0,39.0,4,150500.64,1,1.0,0.0,14928.8,0
604,2,0,25.0,5,157780.84,2,1.0,1.0,58426.81,0
734,0,1,22.0,5,130056.23,1,0.0,0.0,121894.31,1
667,1,0,36.0,3,121542.57,2,1.0,1.0,186841.7,0
599,1,1,36.0,4,0.0,2,0.0,0.0,13210.56,0
739,2,1,29.0,3,59385.98,2,1.0,1.0,105533.96,0
499,2,0,29.0,6,148051.52,1,1.0,0.0,118623.94,0
850,0,1,40.0,1,76914.21,1,1.0,0.0,174183.44,0
466,0,0,30.0,3,0.0,1,1.0,0.0,193984.6,0
850,0,1,36.0,3,0.0,2,1.0,0.0,195033.06,0
703,0,0,33.0,8,190566.66,1,1.0,1.0,79997.14,0
465,0,1,25.0,2,78247.31,2,1.0,1.0,10472.31,0
766,2,0,45.0,6,97652.96,1,1.0,0.0,127332.33,0
577,0,1,42.0,9,0.0,1,1.0,0.0,74077.91,0
729,1,0,28.0,0,0.0,2,1.0,1.0,31165.06,1
762,0,1,53.0,1,102520.37,1,1.0,1.0,170195.4,0
716,0,0,52.0,7,65971.61,2,1.0,0.0,14608.0,1
595,2,0,41.0,2,138878.81,1,0.0,1.0,112269.67,0
764,1,0,48.0,1,75990.97,1,1.0,0.0,158323.81,1
782,2,1,35.0,7,98556.89,2,1.0,0.0,117644.36,0
648,2,0,28.0,8,90371.09,1,1.0,1.0,146851.73,0
427,2,1,42.0,1,75681.52,1,1.0,1.0,57098.0,0
550,2,1,52.0,5,121016.23,1,1.0,1.0,41730.37,1
556,2,0,31.0,1,128663.81,2,1.0,0.0,125083.29,0
665,0,1,36.0,1,0.0,2,0.0,1.0,121505.61,0
850,0,0,40.0,5,0.0,2,1.0,0.0,35034.15,0
850,2,1,56.0,1,169743.83,1,0.0,0.0,155850.4,1
667,0,1,34.0,5,0.0,2,1.0,1.0,102908.63,0
641,2,0,51.0,2,117306.69,4,1.0,1.0,26912.72,1
747,1,1,41.0,9,0.0,1,1.0,0.0,32430.94,1
727,1,0,41.0,10,0.0,2,0.0,1.0,47468.56,0
850,1,1,54.0,7,108185.81,2,0.0,0.0,24093.4,1
580,0,0,65.0,9,106804.26,3,1.0,0.0,107890.69,1
529,1,0,43.0,5,0.0,2,0.0,0.0,79476.63,0
660,2,1,35.0,9,113948.58,1,1.0,0.0,188891.95,1
777,0,1,36.0,7,0.0,1,1.0,0.0,106472.34,0
670,0,0,54.0,2,95507.12,1,1.0,1.0,63213.31,0
643,1,0,34.0,8,117451.47,1,1.0,0.0,65374.86,0
530,0,0,45.0,1,0.0,1,0.0,1.0,190663.89,1
622,0,0,30.0,4,107879.04,1,0.0,1.0,196894.62,0
755,2,1,43.0,6,165048.5,3,1.0,0.0,16929.41,1
567,1,1,34.0,10,0.0,2,0.0,1.0,161571.8,0
676,1,0,30.0,5,0.0,2,0.0,0.0,179066.58,0
701,1,0,34.0,6,107980.37,1,1.0,1.0,119374.74,0
712,0,0,33.0,6,0.0,2,1.0,1.0,190686.16,0
584,2,0,31.0,6,152622.34,1,1.0,0.0,99298.8,0
660,0,1,34.0,1,0.0,2,1.0,0.0,9692.58,0
705,0,1,33.0,3,144427.95,2,1.0,0.0,113845.19,0
609,1,1,37.0,5,129312.79,1,1.0,1.0,26793.82,0
655,0,0,45.0,0,0.0,2,1.0,0.0,166830.7,0
850,1,1,39.0,8,0.0,2,1.0,1.0,37090.44,0
662,1,0,35.0,6,0.0,2,0.0,0.0,2423.9,1
525,1,0,57.0,2,145965.33,1,1.0,1.0,64448.36,0
711,0,1,41.0,3,0.0,2,1.0,1.0,193747.56,0
553,1,1,38.0,1,181110.12,2,1.0,0.0,184544.6,0
694,0,1,34.0,5,127900.03,1,1.0,0.0,101737.8,0
535,0,1,30.0,6,103804.97,1,1.0,1.0,125710.53,0
542,0,1,39.0,3,135096.77,1,1.0,1.0,14353.43,1
680,0,1,33.0,10,183768.47,1,1.0,0.0,164119.34,0
680,0,1,27.0,3,0.0,1,1.0,0.0,32454.26,0
639,0,1,32.0,9,0.0,2,1.0,0.0,111340.36,0
628,0,0,29.0,9,71996.29,1,1.0,1.0,34857.46,0
684,2,1,18.0,9,90544.0,1,0.0,1.0,4777.23,0
641,0,1,35.0,5,0.0,2,1.0,0.0,93148.93,0
627,2,1,28.0,5,71097.23,1,1.0,1.0,130504.49,0
745,1,0,59.0,8,0.0,1,1.0,1.0,36124.98,0
481,2,1,44.0,3,163714.52,1,1.0,0.0,96123.72,0
576,2,1,30.0,7,132174.4,2,0.0,0.0,93767.03,0
729,2,1,29.0,5,109676.52,1,1.0,1.0,25548.47,0
594,0,1,38.0,4,0.0,2,0.0,0.0,186884.05,0
556,0,1,38.0,2,114756.14,1,1.0,0.0,193214.05,0
768,0,1,29.0,2,95984.69,2,1.0,1.0,73686.75,0
736,0,0,42.0,7,117280.23,3,0.0,0.0,41921.06,1
649,1,1,36.0,8,0.0,2,1.0,0.0,161668.16,0
850,0,1,28.0,8,99986.98,1,1.0,0.0,196582.55,0
578,2,0,31.0,5,102088.68,4,0.0,0.0,187866.2,1
741,0,1,37.0,9,105261.76,2,1.0,1.0,149503.55,0
616,1,0,32.0,6,0.0,2,1.0,1.0,43001.46,0
540,0,0,31.0,7,0.0,1,0.0,1.0,183051.6,1
543,0,1,64.0,4,0.0,2,1.0,1.0,148305.81,0
768,0,1,42.0,5,0.0,3,0.0,0.0,60686.4,0
523,2,1,60.0,1,163894.34,1,0.0,1.0,57061.71,0
676,0,1,33.0,6,171490.78,1,0.0,0.0,79099.64,0
758,0,1,51.0,8,81710.46,1,1.0,1.0,116520.07,0
668,1,1,45.0,4,102486.21,2,1.0,1.0,158379.25,0
545,0,0,32.0,6,0.0,2,1.0,1.0,52067.37,0
577,0,1,29.0,7,0.0,2,1.0,1.0,55473.15,0
510,0,1,44.0,6,0.0,2,1.0,1.0,175518.31,0
682,2,1,81.0,6,122029.15,1,1.0,1.0,50783.88,0
483,0,1,48.0,1,0.0,2,1.0,1.0,110059.38,0
575,1,0,22.0,8,105229.34,1,1.0,1.0,34397.08,0
676,1,1,35.0,0,0.0,2,0.0,0.0,139911.58,0
718,0,0,35.0,2,167924.95,1,1.0,0.0,43024.64,0
592,2,1,36.0,10,123187.51,1,0.0,1.0,146111.34,0
616,0,1,29.0,9,0.0,1,1.0,1.0,166984.44,0
600,0,0,28.0,6,0.0,2,0.0,1.0,52193.23,0
730,1,0,39.0,6,140094.6,1,1.0,0.0,172450.05,1
518,0,0,28.0,9,85146.36,1,0.0,0.0,2803.89,0
764,0,1,41.0,7,0.0,2,0.0,0.0,134878.34,0
585,0,0,28.0,6,105795.9,1,1.0,1.0,41219.09,0
736,1,0,28.0,2,0.0,2,1.0,1.0,117431.1,0
621,0,1,47.0,0,0.0,1,1.0,1.0,133831.38,1
687,0,1,38.0,9,122570.87,1,1.0,1.0,35608.88,0
780,0,1,76.0,10,121313.88,1,0.0,1.0,64872.33,0
681,0,1,34.0,3,0.0,2,0.0,0.0,55816.2,0
610,0,1,40.0,0,0.0,2,1.0,0.0,62232.6,0
645,0,0,40.0,3,129596.77,1,1.0,1.0,103232.6,0
728,2,0,35.0,8,125884.95,2,1.0,0.0,54359.02,1
703,0,1,28.0,2,81173.83,2,0.0,1.0,162812.16,0
503,0,1,29.0,3,0.0,2,1.0,1.0,143954.98,0
689,2,0,40.0,4,78119.59,4,1.0,0.0,119259.34,1
634,2,0,53.0,3,113781.5,2,1.0,1.0,106345.05,1
803,2,0,50.0,8,98173.02,1,0.0,0.0,22457.25,1
648,0,1,34.0,0,0.0,1,1.0,1.0,167931.81,0
646,2,0,36.0,6,144773.3,2,1.0,0.0,53217.3,0
777,0,0,53.0,10,0.0,2,1.0,0.0,189992.97,0
528,2,0,46.0,9,135555.66,1,1.0,0.0,133146.03,1
680,1,0,31.0,9,119825.75,2,1.0,1.0,101139.3,0
522,0,0,41.0,7,0.0,2,0.0,1.0,176780.39,0
671,2,1,51.0,3,96891.46,1,1.0,0.0,176403.33,1
671,1,0,34.0,5,130929.02,4,1.0,1.0,28238.25,1
650,0,0,47.0,9,0.0,1,1.0,0.0,187943.6,0
572,0,0,30.0,6,0.0,1,0.0,1.0,175025.27,0
638,2,1,25.0,4,148045.45,2,1.0,1.0,114722.42,0
545,0,1,38.0,1,88293.13,2,1.0,1.0,24302.95,0
560,0,1,57.0,0,0.0,2,0.0,1.0,116781.71,0
759,2,1,30.0,4,101802.67,1,0.0,0.0,8693.8,0
752,1,0,36.0,3,0.0,2,1.0,1.0,48505.1,0
645,2,1,49.0,4,160133.88,1,0.0,1.0,88391.97,0
637,2,1,50.0,4,126345.55,1,0.0,1.0,17323.0,1
564,2,0,30.0,0,100954.88,2,0.0,0.0,134175.16,0
555,2,1,42.0,6,107104.5,1,1.0,1.0,41304.44,1
610,0,0,57.0,7,72092.95,4,0.0,1.0,113228.82,1
554,2,0,55.0,0,108477.27,1,0.0,1.0,140003.0,1
706,0,1,38.0,1,0.0,2,1.0,0.0,122379.54,0
615,0,0,61.0,1,104267.7,1,1.0,0.0,62845.64,1
712,0,0,27.0,2,133009.52,1,1.0,0.0,126809.15,0
613,0,1,47.0,6,146034.73,1,1.0,1.0,77146.14,0
580,2,1,44.0,9,143391.06,1,0.0,0.0,146891.06,1
577,1,1,35.0,5,110080.3,1,1.0,1.0,109794.31,0
850,0,1,49.0,6,128663.9,1,1.0,0.0,65769.3,1
614,0,1,40.0,6,0.0,1,1.0,1.0,20339.79,1
665,2,0,51.0,9,110610.41,2,0.0,1.0,1112.76,1
493,0,0,33.0,8,90791.69,1,1.0,1.0,59659.53,0
481,0,1,40.0,3,0.0,1,1.0,1.0,32319.93,0
639,1,1,28.0,8,0.0,2,1.0,0.0,126561.07,0
738,0,1,49.0,6,106770.82,1,1.0,0.0,123499.27,0
769,0,1,29.0,8,0.0,2,1.0,1.0,172290.61,0
794,0,0,41.0,7,176845.4,3,1.0,0.0,166526.27,1
686,1,0,47.0,6,0.0,1,1.0,0.0,32080.69,1
465,2,1,24.0,5,117154.9,1,1.0,1.0,127744.02,0
829,1,0,26.0,8,101440.36,2,1.0,1.0,19324.5,0
637,2,1,40.0,9,154309.67,1,1.0,1.0,125334.16,1
761,0,0,26.0,1,0.0,2,1.0,1.0,199409.19,0
471,0,0,58.0,4,114713.57,1,1.0,1.0,36315.03,0
553,0,1,32.0,7,64082.09,1,0.0,1.0,109159.58,0
721,0,1,41.0,6,135071.12,1,1.0,1.0,64477.25,0
714,1,1,33.0,8,122017.19,1,0.0,0.0,162515.17,0
561,0,1,56.0,7,152759.0,2,1.0,0.0,133167.11,1
458,2,1,44.0,7,84386.57,1,1.0,0.0,178642.73,0
613,1,1,39.0,8,118201.41,1,1.0,0.0,23315.59,0
692,2,0,43.0,10,118588.83,1,1.0,1.0,161241.66,1
573,0,1,52.0,8,0.0,2,0.0,1.0,178229.05,0
628,0,0,45.0,8,0.0,2,1.0,0.0,193903.06,0
468,0,0,42.0,5,0.0,2,1.0,0.0,125305.34,0
464,2,0,42.0,3,85679.25,1,1.0,1.0,164104.73,0
739,0,1,42.0,2,141642.92,2,1.0,0.0,172149.77,0
665,0,1,33.0,2,101286.11,1,1.0,1.0,159840.52,0
684,1,0,38.0,3,134168.5,3,1.0,0.0,3966.5,1
735,0,0,21.0,1,178718.19,2,1.0,0.0,22388.0,0
704,0,1,39.0,2,111525.02,1,1.0,0.0,199484.95,0
594,1,0,38.0,7,96858.35,1,1.0,0.0,77511.45,0
574,1,0,28.0,7,0.0,2,0.0,0.0,185660.3,0
697,1,0,37.0,7,168066.88,1,1.0,0.0,35450.53,0
850,1,1,71.0,10,69608.14,1,1.0,0.0,97893.4,1
523,0,1,22.0,8,123374.46,1,1.0,1.0,124906.59,0
706,0,1,30.0,3,98415.37,1,1.0,1.0,110520.48,0
711,0,0,29.0,3,130181.47,2,1.0,0.0,31811.44,0
485,0,0,27.0,3,0.0,2,1.0,0.0,141449.86,0
477,1,1,31.0,9,0.0,2,0.0,1.0,184061.17,0
705,0,1,92.0,1,126076.24,2,1.0,1.0,34436.83,0
815,2,0,25.0,8,135161.67,1,1.0,1.0,136071.05,0
615,1,1,19.0,5,0.0,2,1.0,0.0,159920.92,0
608,0,0,30.0,8,0.0,2,1.0,0.0,128875.86,0
607,2,0,24.0,2,109483.54,2,0.0,1.0,127560.77,0
567,0,0,48.0,3,0.0,1,1.0,0.0,55362.45,0
610,0,1,26.0,8,0.0,2,1.0,0.0,166031.08,0
659,2,1,48.0,4,123593.22,2,1.0,0.0,82469.06,1
588,1,1,46.0,8,0.0,1,1.0,0.0,61931.21,0
813,2,1,27.0,6,111348.15,1,1.0,0.0,46422.46,0
617,1,0,36.0,7,115617.24,1,1.0,1.0,71519.4,0
745,2,1,48.0,10,96048.55,1,1.0,0.0,74510.65,0
570,2,1,29.0,4,122028.65,2,1.0,1.0,173792.77,0
695,0,1,46.0,7,49512.55,1,1.0,0.0,133007.34,0
545,0,1,26.0,7,0.0,2,0.0,1.0,156598.23,0
774,0,1,76.0,4,112510.89,1,1.0,1.0,143133.19,0
576,0,1,39.0,9,84719.98,1,0.0,0.0,191063.36,0
645,1,0,21.0,1,0.0,2,0.0,0.0,28726.07,0
748,0,1,66.0,8,0.0,1,1.0,1.0,163331.66,0
586,2,0,36.0,5,103700.69,1,1.0,0.0,194072.56,1
728,0,0,34.0,6,90425.15,2,1.0,1.0,11597.69,0
571,2,1,37.0,9,139592.98,3,1.0,0.0,104152.65,1
553,0,1,41.0,1,0.0,2,1.0,0.0,90607.31,0
516,0,1,35.0,10,104088.59,2,0.0,0.0,119666.0,0
648,2,1,37.0,6,131753.4,1,1.0,0.0,86894.67,0
552,2,1,50.0,4,121175.56,1,1.0,0.0,117505.07,1
772,2,1,30.0,6,99785.28,2,0.0,0.0,197238.03,0
710,0,1,54.0,6,171137.62,1,1.0,1.0,167023.95,1
850,0,0,28.0,9,0.0,2,1.0,1.0,164864.67,0
794,1,0,30.0,1,154970.55,1,0.0,1.0,156768.45,0
492,2,0,30.0,10,77168.87,2,0.0,1.0,146700.22,0
600,0,1,31.0,8,0.0,2,1.0,1.0,121555.51,0
681,2,1,42.0,3,118199.97,2,1.0,0.0,9452.88,1
614,0,1,51.0,3,0.0,2,1.0,1.0,5552.37,0
637,0,1,41.0,2,0.0,2,0.0,1.0,102515.42,0
615,0,1,49.0,3,0.0,2,1.0,1.0,49872.33,0
716,2,1,41.0,8,126145.54,2,1.0,1.0,138051.19,0
677,1,0,34.0,4,0.0,2,1.0,1.0,6175.53,0
624,1,1,38.0,7,123906.55,1,1.0,0.0,135096.78,0
547,0,0,35.0,4,0.0,1,1.0,1.0,133287.73,0
838,1,0,67.0,4,103267.8,1,1.0,1.0,78310.04,0
499,2,0,44.0,6,77627.33,2,1.0,0.0,108222.68,0
710,1,0,38.0,4,0.0,2,1.0,1.0,136390.88,0
571,0,0,42.0,4,108825.34,3,1.0,0.0,55558.51,1
606,2,0,32.0,1,106301.85,2,0.0,1.0,59061.25,0
566,1,1,32.0,10,147511.27,1,1.0,1.0,159891.03,0
590,1,0,44.0,3,139432.38,1,1.0,0.0,62222.81,0
667,0,1,48.0,2,0.0,1,1.0,0.0,43229.2,0
704,0,1,36.0,7,120026.98,2,0.0,1.0,100601.73,0
702,0,1,40.0,7,145536.9,1,0.0,1.0,135334.23,0
680,0,1,31.0,1,0.0,2,1.0,1.0,3148.2,0
791,0,0,44.0,5,0.0,2,1.0,1.0,123977.86,1
724,2,1,30.0,7,115315.04,1,1.0,0.0,15216.53,0
691,0,0,33.0,6,0.0,2,1.0,1.0,100408.31,0
648,0,1,23.0,9,168372.52,1,1.0,0.0,134676.72,0
689,2,0,55.0,1,76296.81,1,1.0,0.0,42364.75,1
678,1,0,49.0,8,0.0,2,0.0,1.0,98090.69,0
589,0,1,37.0,7,85146.48,2,1.0,0.0,86490.09,1
649,0,1,47.0,1,0.0,2,1.0,1.0,145593.84,0
780,0,1,34.0,1,0.0,1,1.0,1.0,64804.04,0
639,2,1,27.0,3,150795.81,1,0.0,1.0,85208.93,0
632,2,0,35.0,2,150561.03,2,0.0,0.0,64722.61,0
850,0,1,40.0,6,124788.18,1,1.0,0.0,65612.12,0
731,0,0,52.0,10,0.0,1,1.0,1.0,24998.75,1
696,2,0,35.0,4,174902.27,1,1.0,0.0,69079.85,0
581,1,0,24.0,10,159203.7,1,1.0,1.0,102517.83,1
681,2,1,49.0,8,142946.19,1,0.0,0.0,187280.52,1
719,1,0,40.0,9,0.0,2,1.0,0.0,182224.14,0
747,0,1,61.0,7,155973.12,1,0.0,1.0,147554.27,0
705,1,1,39.0,6,133261.12,1,1.0,1.0,78065.9,0
559,1,1,24.0,3,114739.92,1,1.0,0.0,85891.02,1
654,0,0,37.0,5,0.0,1,0.0,1.0,71492.28,0
648,1,0,54.0,7,118241.02,1,1.0,0.0,172586.89,1
698,1,0,47.0,6,0.0,1,1.0,0.0,50213.81,1
529,2,1,72.0,5,94216.05,1,1.0,1.0,78695.68,0
681,0,0,58.0,8,93173.88,1,1.0,1.0,139761.25,0
509,1,0,25.0,3,108738.71,2,1.0,0.0,106920.57,0
837,0,0,29.0,9,0.0,2,1.0,1.0,41866.26,0
635,0,0,27.0,8,127471.56,1,1.0,1.0,152916.05,1
726,2,1,50.0,9,94504.35,1,0.0,1.0,5078.9,0
497,1,1,37.0,8,128650.11,2,1.0,1.0,163641.53,0
718,1,0,39.0,2,0.0,1,1.0,1.0,52138.49,0
713,0,0,39.0,10,0.0,2,1.0,1.0,126263.97,0
618,0,1,37.0,2,168178.2,2,0.0,1.0,101273.23,0
587,0,1,40.0,2,0.0,4,0.0,1.0,106174.7,1
620,0,1,42.0,4,0.0,2,1.0,0.0,6232.31,0
486,0,1,63.0,9,97009.15,1,1.0,1.0,85101.0,0
541,2,1,51.0,7,90373.28,2,1.0,0.0,179861.8,0
622,0,1,31.0,5,106260.67,1,1.0,1.0,2578.43,0
601,1,1,28.0,6,0.0,2,1.0,0.0,14665.28,0
802,0,1,38.0,1,142557.11,1,1.0,1.0,172497.73,0
610,0,0,25.0,2,0.0,2,1.0,0.0,123723.83,0
815,1,0,39.0,6,0.0,1,1.0,1.0,85167.88,0
685,2,1,30.0,3,90536.81,1,0.0,1.0,63082.88,0
716,2,1,27.0,1,122552.34,2,1.0,0.0,67611.36,0
709,0,0,32.0,2,87814.89,1,1.0,0.0,138578.38,0
786,0,1,37.0,7,165896.22,2,1.0,1.0,66977.68,0
664,0,0,44.0,8,142989.69,1,1.0,1.0,115452.51,1
567,0,0,35.0,5,166118.45,2,1.0,0.0,127827.18,0
720,0,0,43.0,6,137824.03,2,1.0,0.0,172557.77,0
748,1,0,23.0,8,85600.08,1,0.0,0.0,134077.7,0
708,1,1,46.0,7,68799.72,1,1.0,1.0,39704.14,0
737,0,1,28.0,8,0.0,2,1.0,0.0,106390.01,0
707,1,0,35.0,3,56674.48,1,1.0,0.0,17987.4,1
653,0,1,44.0,8,0.0,2,1.0,1.0,154639.72,0
512,0,0,31.0,7,0.0,2,0.0,0.0,49326.07,0
764,0,0,44.0,1,0.0,2,1.0,1.0,11467.38,0
466,0,1,26.0,9,105522.06,1,1.0,0.0,10842.46,0
723,2,0,47.0,10,90450.0,2,0.0,0.0,103379.31,1
686,1,1,39.0,10,136258.06,1,0.0,0.0,89199.51,0
695,1,0,56.0,4,0.0,2,1.0,0.0,84644.76,0
541,0,1,37.0,9,118636.92,1,1.0,1.0,73551.44,0
788,0,0,39.0,3,135139.33,1,0.0,1.0,113086.08,0
692,0,0,36.0,3,0.0,2,1.0,1.0,8282.22,0
514,0,1,35.0,3,121030.9,1,1.0,0.0,10008.68,0
558,2,1,39.0,10,144757.02,1,1.0,0.0,22878.16,1
616,0,1,37.0,5,144235.73,2,0.0,0.0,154957.66,1
720,2,1,46.0,3,97042.6,1,1.0,1.0,133516.52,1
736,0,1,54.0,7,111729.47,2,0.0,1.0,84920.49,0
567,1,1,44.0,9,0.0,2,1.0,0.0,87677.15,0
528,1,1,43.0,7,97473.87,2,1.0,1.0,159823.16,0
677,2,0,26.0,3,102395.79,1,1.0,0.0,119368.99,0
692,1,0,47.0,3,0.0,2,1.0,0.0,150802.4,1
775,2,0,38.0,4,125212.65,2,1.0,1.0,15795.88,1
676,2,0,34.0,4,89437.03,1,1.0,1.0,189540.95,0
654,0,1,47.0,10,0.0,2,1.0,0.0,170481.98,0
542,0,0,29.0,7,0.0,2,0.0,1.0,196651.72,0
550,0,0,40.0,8,150490.31,1,0.0,0.0,166468.2,1
557,0,1,33.0,3,54503.55,1,1.0,1.0,371.05,0
695,0,1,29.0,5,0.0,2,1.0,1.0,6770.44,0
584,0,1,33.0,3,0.0,2,0.0,1.0,59103.13,0
554,1,0,45.0,4,0.0,2,1.0,1.0,193412.05,0
773,1,0,33.0,10,0.0,1,1.0,1.0,98820.09,0
632,0,1,38.0,4,0.0,2,0.0,0.0,192505.62,0
534,0,1,29.0,7,174851.9,1,1.0,1.0,79178.31,0
622,0,0,39.0,9,83456.79,2,0.0,0.0,38882.34,0
592,2,0,26.0,4,105082.07,2,1.0,0.0,132801.56,0
667,0,1,31.0,3,99513.91,1,1.0,1.0,189657.27,0
850,0,0,39.0,0,104386.53,1,1.0,0.0,105886.77,0
543,2,1,49.0,6,59532.18,1,1.0,0.0,104253.56,0
814,0,1,48.0,9,136596.84,1,1.0,1.0,185791.9,0
537,2,0,46.0,5,100727.5,1,0.0,1.0,140857.77,1
600,0,1,46.0,10,95502.21,1,0.0,0.0,19842.18,0
745,0,1,25.0,5,157993.16,2,1.0,0.0,146041.45,0
615,2,0,33.0,3,137657.25,2,1.0,1.0,171657.56,0
713,0,0,37.0,8,0.0,1,1.0,1.0,16403.41,0
706,2,0,39.0,8,112889.91,1,0.0,1.0,6723.66,0
709,0,0,36.0,7,0.0,1,0.0,1.0,42085.58,1
606,2,1,39.0,8,136000.45,2,1.0,0.0,31708.53,0
651,1,0,36.0,8,0.0,2,1.0,0.0,91652.43,0
607,0,1,35.0,2,0.0,2,1.0,1.0,114190.3,0
515,0,0,37.0,0,196853.62,1,1.0,1.0,132770.11,0
430,0,0,60.0,7,73937.02,1,1.0,0.0,161937.62,1
559,0,1,32.0,9,145303.52,1,1.0,0.0,103560.98,0
667,2,0,48.0,1,97133.92,2,0.0,0.0,113316.77,1
658,2,0,45.0,9,134562.8,1,1.0,1.0,159268.67,0
512,0,1,36.0,0,129804.17,1,1.0,0.0,53020.9,0
575,0,1,40.0,5,0.0,2,1.0,1.0,122488.59,0
588,1,1,34.0,10,0.0,2,1.0,0.0,79078.91,0
684,0,1,60.0,2,116563.58,1,1.0,0.0,120257.7,1
598,0,0,32.0,4,111156.52,1,1.0,1.0,167376.27,0
592,0,0,38.0,8,119278.01,2,0.0,1.0,19370.73,0
647,2,0,33.0,3,168560.45,2,0.0,0.0,90270.16,0
632,2,1,65.0,6,129472.33,1,1.0,1.0,85179.48,0
544,1,1,30.0,8,145241.62,1,1.0,1.0,80676.83,0
658,0,0,24.0,2,0.0,2,1.0,1.0,84694.49,0
650,1,1,61.0,1,152968.73,1,0.0,1.0,82970.69,0
786,1,0,34.0,9,0.0,2,1.0,0.0,117034.32,0
677,0,0,25.0,3,0.0,2,1.0,0.0,179608.95,0
680,0,1,44.0,7,108724.98,1,0.0,1.0,72330.46,0
692,1,1,46.0,2,0.0,2,1.0,1.0,105983.09,0
721,0,0,37.0,1,0.0,2,1.0,0.0,70810.8,0
651,0,0,41.0,4,38617.2,1,1.0,1.0,104876.8,0
708,0,0,47.0,0,126589.12,2,0.0,1.0,132730.06,1
755,0,1,34.0,3,0.0,2,1.0,1.0,158816.03,0
499,2,1,36.0,5,131142.53,2,1.0,0.0,174918.45,0
803,0,1,33.0,6,0.0,2,1.0,0.0,115676.61,0
430,0,0,33.0,8,0.0,1,1.0,1.0,69759.91,0
654,2,1,37.0,5,112146.12,1,1.0,0.0,75927.35,0
794,2,0,55.0,6,115796.7,1,1.0,0.0,160526.36,1
579,0,0,33.0,1,65667.79,2,0.0,0.0,164608.98,0
540,1,0,40.0,8,0.0,2,1.0,0.0,3560.0,0
571,0,0,30.0,4,85755.86,1,1.0,0.0,145115.95,0
656,1,1,28.0,8,120047.77,1,1.0,1.0,137173.39,0
746,0,1,58.0,3,0.0,3,1.0,1.0,80344.96,1
707,1,0,32.0,4,132835.56,1,0.0,0.0,136877.23,0
516,0,0,46.0,6,62212.29,1,0.0,1.0,171681.86,1
744,0,1,31.0,9,120718.28,1,1.0,1.0,58961.49,0
601,0,1,50.0,2,115625.07,1,1.0,0.0,185855.2,0
756,0,1,37.0,3,132623.6,1,1.0,1.0,58974.0,0
512,0,0,41.0,6,0.0,1,1.0,1.0,100507.81,0
580,2,1,76.0,2,130334.84,2,1.0,1.0,51672.08,0
708,0,1,34.0,3,0.0,1,0.0,1.0,121457.88,1
782,2,0,72.0,5,148666.98,1,1.0,0.0,2605.65,1
835,0,1,32.0,8,124993.29,2,1.0,1.0,27548.06,0
740,0,0,60.0,5,108028.08,2,0.0,0.0,25980.42,1
760,0,1,39.0,6,178585.45,1,1.0,0.0,67131.3,1
781,0,1,32.0,6,147107.9,1,1.0,1.0,40066.95,0
694,1,1,31.0,5,0.0,1,1.0,0.0,35593.18,0
794,0,1,46.0,6,0.0,2,1.0,0.0,195325.73,0
547,0,1,30.0,6,0.0,2,1.0,1.0,18471.86,0
622,2,1,42.0,9,115766.26,1,0.0,0.0,72155.85,1
642,0,1,35.0,2,133161.95,1,0.0,1.0,122254.86,0
686,2,1,29.0,3,185379.02,1,1.0,0.0,64679.07,0
686,0,1,60.0,9,0.0,3,1.0,1.0,75246.21,1
671,2,1,35.0,1,144848.73,1,1.0,1.0,179012.3,0
653,2,0,25.0,2,158266.42,3,1.0,1.0,199357.23,0
622,1,1,42.0,9,0.0,2,1.0,0.0,119127.06,0
645,0,1,30.0,1,125739.26,1,1.0,1.0,193441.23,0
520,0,0,39.0,1,73493.17,1,0.0,1.0,109626.13,1
601,0,1,46.0,2,99786.07,1,1.0,1.0,32683.88,1
494,0,1,69.0,9,93320.8,1,1.0,1.0,24489.44,0
644,0,1,38.0,3,0.0,2,1.0,1.0,79928.41,0
751,0,0,48.0,4,0.0,1,0.0,1.0,30165.06,1
714,1,1,25.0,2,0.0,1,1.0,1.0,132979.44,0
663,0,1,45.0,5,83195.12,1,1.0,1.0,48682.1,0
850,0,0,35.0,2,128548.49,4,1.0,0.0,75478.95,1
713,1,1,38.0,6,116980.78,2,0.0,1.0,76038.38,0
765,0,0,50.0,9,126547.8,1,1.0,1.0,79579.94,1
512,1,1,31.0,6,0.0,2,1.0,0.0,168462.27,0
468,2,1,42.0,9,181627.14,2,1.0,0.0,172668.39,0
632,2,1,41.0,8,127205.32,4,1.0,0.0,93874.87,1
724,2,1,33.0,4,88046.88,1,0.0,1.0,186942.48,1
450,1,1,25.0,9,74237.2,2,0.0,1.0,195463.34,0
792,1,0,40.0,7,0.0,1,1.0,0.0,141652.2,0
642,2,0,36.0,2,124495.98,3,1.0,1.0,57904.22,1
766,1,1,41.0,6,99208.46,2,1.0,0.0,62402.38,0
558,0,1,40.0,6,0.0,2,1.0,0.0,173844.89,0
599,0,1,28.0,7,119706.22,1,0.0,0.0,31190.42,0
730,1,1,25.0,5,167385.81,1,1.0,1.0,56307.51,0
689,1,0,40.0,5,154251.67,1,0.0,1.0,118319.5,0
698,1,0,63.0,5,0.0,1,1.0,1.0,173576.7,0
782,0,0,33.0,2,94493.03,1,0.0,1.0,101866.39,0
733,2,1,31.0,6,157791.06,2,0.0,0.0,177994.81,0
543,0,1,36.0,4,0.0,2,1.0,1.0,141210.5,0
698,0,1,33.0,5,135658.73,2,0.0,1.0,39755.0,0
675,0,0,49.0,0,0.0,1,1.0,1.0,80496.71,1
598,0,1,38.0,0,125487.89,1,0.0,0.0,158111.7,0
547,0,0,49.0,2,0.0,1,0.0,0.0,65466.93,1
697,0,1,32.0,7,175464.84,3,1.0,0.0,116442.42,1
647,2,1,37.0,3,116509.99,1,1.0,1.0,149517.7,1
790,1,1,29.0,3,46057.96,2,1.0,1.0,189777.66,0
741,0,0,44.0,7,0.0,2,1.0,1.0,190534.77,0
675,0,0,38.0,1,104016.88,1,0.0,0.0,22068.83,1
574,1,1,52.0,7,115532.52,1,1.0,0.0,196257.67,0
551,0,0,26.0,2,144258.52,1,1.0,0.0,49778.79,0
812,0,1,44.0,4,115049.15,2,1.0,0.0,165038.4,0
653,0,1,51.0,3,0.0,1,1.0,0.0,170426.66,1
812,2,1,25.0,5,54817.55,1,1.0,0.0,131660.31,0
652,0,0,34.0,6,97435.85,2,1.0,1.0,104331.76,0
562,0,0,51.0,1,124662.54,1,1.0,1.0,65390.46,1
664,0,1,43.0,9,189026.53,2,1.0,1.0,56099.86,0
540,0,1,48.0,0,148116.48,1,0.0,0.0,116973.48,0
662,0,0,32.0,4,133950.38,1,1.0,1.0,48725.68,1
581,2,0,54.0,2,152508.98,1,1.0,0.0,187597.98,1
583,0,0,38.0,10,0.0,2,0.0,1.0,113597.64,0
607,1,1,36.0,8,158261.69,1,1.0,1.0,76744.72,0
600,0,0,38.0,9,0.0,2,1.0,1.0,58855.85,0
680,2,0,42.0,7,105722.69,1,1.0,1.0,90558.24,1
721,1,0,33.0,4,72535.45,1,1.0,1.0,103931.49,0
692,0,1,30.0,2,0.0,2,0.0,1.0,130486.57,0
850,1,1,44.0,7,89118.26,1,1.0,0.0,104240.77,1
577,1,1,28.0,7,0.0,1,1.0,0.0,143274.4,0
683,1,1,40.0,4,95053.1,1,1.0,1.0,116816.54,1
688,0,1,52.0,1,0.0,2,1.0,1.0,172033.56,0
529,0,1,46.0,8,0.0,1,0.0,0.0,126511.94,1
551,0,1,31.0,1,0.0,2,1.0,1.0,185105.44,0
562,2,0,39.0,6,130565.02,1,1.0,0.0,9854.72,1
627,1,1,44.0,6,0.0,1,1.0,1.0,114469.55,0
675,0,0,38.0,6,68065.8,1,0.0,0.0,138777.0,1
632,1,1,37.0,1,138207.08,1,1.0,0.0,60778.11,1
521,1,0,34.0,7,70731.07,1,1.0,1.0,20243.97,1
507,2,1,36.0,9,118214.32,3,1.0,0.0,119110.03,1
735,1,1,39.0,1,60374.98,1,1.0,0.0,40223.74,0
632,0,1,43.0,2,100013.51,1,1.0,0.0,24275.32,0
512,0,0,36.0,3,84327.77,2,1.0,0.0,17675.36,0
632,1,1,31.0,3,136556.44,1,1.0,0.0,82152.83,1
678,0,0,43.0,7,178074.33,1,0.0,0.0,110405.9,0
653,0,1,34.0,5,118838.75,1,1.0,1.0,52820.13,0
818,2,0,72.0,8,135290.42,2,1.0,1.0,63729.72,0
720,0,0,45.0,1,102882.4,2,1.0,1.0,35633.15,1
586,0,0,46.0,0,0.0,3,0.0,1.0,131553.81,1
558,0,1,32.0,5,73494.21,1,0.0,0.0,136301.1,0
793,0,1,32.0,2,0.0,2,1.0,0.0,193817.62,1
607,0,1,45.0,7,123859.6,1,0.0,1.0,113051.57,0
578,0,1,59.0,10,185966.64,1,0.0,0.0,9445.42,1
521,0,1,37.0,2,0.0,2,1.0,1.0,86372.24,0
515,0,0,58.0,2,131852.81,1,1.0,0.0,81436.68,1
513,0,0,45.0,0,164649.52,3,1.0,0.0,49915.52,1
635,1,0,41.0,10,0.0,2,1.0,1.0,61994.2,0
685,2,0,30.0,4,84958.6,2,0.0,1.0,194343.72,0
678,0,0,60.0,10,117738.81,1,1.0,0.0,147489.77,1
850,2,1,29.0,1,154640.4,1,1.0,1.0,164039.52,0
535,0,1,33.0,2,133040.31,1,1.0,1.0,110299.78,0
509,2,1,32.0,9,170661.47,1,1.0,1.0,21646.2,0
582,0,1,41.0,1,40488.76,1,1.0,0.0,128528.83,0
695,0,0,29.0,9,0.0,2,1.0,0.0,111565.45,0
691,2,0,41.0,8,109153.96,3,1.0,1.0,148848.77,1
579,0,0,27.0,9,0.0,2,1.0,0.0,126838.7,0
589,0,0,61.0,1,0.0,1,1.0,0.0,61108.56,1
579,0,1,31.0,6,0.0,2,1.0,0.0,26149.25,0
569,1,1,41.0,2,0.0,2,1.0,0.0,134272.56,0
582,0,1,20.0,4,0.0,1,1.0,1.0,55763.66,0
849,0,1,27.0,0,0.0,2,0.0,1.0,157891.86,0
682,1,0,58.0,4,0.0,1,1.0,0.0,176036.02,0
620,0,0,67.0,3,0.0,2,1.0,1.0,43486.73,0
554,0,1,31.0,1,0.0,2,0.0,1.0,192660.55,0
683,2,0,39.0,2,47685.47,2,1.0,1.0,86019.48,0
636,0,1,42.0,2,0.0,2,1.0,1.0,55470.78,0
652,2,1,41.0,9,159434.03,1,1.0,0.0,178373.94,0
672,2,1,40.0,4,89025.88,2,1.0,0.0,188892.19,0
668,1,0,24.0,7,173962.31,1,0.0,0.0,106457.11,1
660,0,0,32.0,0,114668.89,1,1.0,0.0,84605.0,0
518,0,0,45.0,9,105525.65,2,1.0,1.0,73418.29,0
683,0,1,41.0,6,95696.52,2,1.0,1.0,184366.14,0
655,0,1,37.0,6,109093.41,2,1.0,0.0,1775.52,0
605,0,1,33.0,9,128152.82,1,0.0,0.0,147822.81,0
699,1,0,50.0,0,158633.61,1,1.0,0.0,193785.88,0
770,0,1,31.0,3,155047.56,2,1.0,1.0,186064.34,0
447,0,1,41.0,3,0.0,4,1.0,1.0,197490.39,1
651,0,1,53.0,7,0.0,2,1.0,1.0,130132.41,0
653,1,1,35.0,6,116662.96,2,1.0,1.0,23864.21,0
639,1,0,54.0,2,0.0,2,1.0,1.0,53843.71,0
705,1,0,47.0,3,63488.7,1,0.0,1.0,28640.92,1
643,0,1,39.0,7,0.0,2,1.0,1.0,170392.6,0
520,1,1,43.0,7,0.0,2,1.0,1.0,36202.74,0
536,2,1,23.0,6,92366.72,2,1.0,0.0,120661.71,0
737,0,0,33.0,4,0.0,2,1.0,0.0,115115.32,0
579,2,1,31.0,2,90547.48,2,1.0,1.0,18800.13,0
569,1,1,31.0,1,115406.97,1,0.0,0.0,145528.22,0
501,0,1,57.0,10,0.0,2,1.0,1.0,47847.19,0
712,2,1,27.0,8,113174.21,2,1.0,0.0,147261.58,0
496,0,1,30.0,0,90963.49,1,0.0,1.0,27802.0,0
593,2,0,41.0,4,119703.1,2,1.0,1.0,109783.29,0
716,0,1,35.0,4,144428.88,1,1.0,0.0,134132.66,0
428,0,0,31.0,2,0.0,2,1.0,0.0,54487.43,0
602,2,0,48.0,7,76595.08,2,0.0,0.0,127095.14,0
730,1,1,62.0,5,112181.08,1,0.0,1.0,61513.87,0
819,0,0,39.0,9,133102.92,1,1.0,0.0,27046.46,1
816,0,1,31.0,8,0.0,2,1.0,1.0,28407.4,0
756,2,1,36.44,2,136815.64,1,1.0,1.0,170041.95,0
684,0,1,38.0,4,0.0,3,1.0,0.0,75609.84,0
535,2,0,53.0,5,141616.55,2,1.0,1.0,75888.65,0
686,0,1,39.0,4,0.0,2,1.0,0.0,155023.94,0
641,2,0,37.0,7,62974.64,2,0.0,1.0,39016.43,0
480,1,1,39.0,5,121626.9,1,1.0,1.0,82438.13,0
645,0,1,41.0,7,0.0,1,0.0,1.0,28667.56,0
587,0,1,36.0,1,0.0,2,0.0,1.0,17135.6,0
621,1,1,39.0,8,0.0,2,1.0,0.0,36122.96,0
553,1,1,41.0,6,144974.55,1,1.0,1.0,19344.92,0
685,1,1,31.0,7,122449.31,2,1.0,1.0,180769.55,0
795,1,1,29.0,4,0.0,2,0.0,0.0,155711.64,0
608,1,1,48.0,7,75801.74,1,1.0,0.0,125762.95,0
753,2,1,30.0,1,110824.52,1,1.0,1.0,57896.27,0
562,2,1,35.0,3,142296.12,1,0.0,1.0,177112.7,0
798,2,0,39.0,6,119787.76,1,1.0,1.0,164248.33,0
675,1,0,35.0,8,155621.08,1,0.0,1.0,35177.31,0
650,0,0,27.0,6,0.0,2,1.0,0.0,1002.39,0
589,2,0,36.0,9,140355.56,2,1.0,0.0,136329.95,0
751,2,1,54.0,9,156367.6,2,0.0,1.0,116179.92,0
650,0,1,37.0,9,0.0,2,1.0,0.0,17974.08,0
630,0,1,53.0,5,138053.67,1,0.0,1.0,114110.97,0
850,0,0,35.0,9,0.0,2,0.0,0.0,25329.48,0
686,1,1,41.0,7,102749.72,1,0.0,1.0,194913.86,0
838,1,0,39.0,5,166733.92,2,1.0,0.0,14279.44,0
590,2,0,27.0,8,123599.49,2,1.0,0.0,1676.92,0
712,0,1,34.0,8,114088.32,1,1.0,0.0,92794.61,0
767,0,1,48.0,9,0.0,2,0.0,1.0,175458.2,0
485,0,1,29.0,7,182123.8,1,1.0,0.0,116828.51,1
612,1,1,39.0,5,170288.38,1,1.0,1.0,59601.15,0
687,0,1,35.0,9,0.0,2,0.0,1.0,73133.82,0
706,2,0,47.0,6,120621.89,1,1.0,1.0,140803.7,0
582,2,1,32.0,1,88938.62,1,1.0,1.0,10054.53,0
667,1,1,39.0,7,167557.12,1,1.0,1.0,41183.02,0
660,1,0,36.0,0,84438.57,1,1.0,1.0,181449.52,0
743,1,1,35.0,6,79388.33,1,1.0,1.0,193360.69,0
582,1,0,46.0,8,67563.31,1,1.0,0.0,44506.09,1
554,0,1,39.0,2,129709.62,1,1.0,0.0,173197.12,0
612,0,1,32.0,3,121394.42,1,1.0,0.0,164081.42,0
790,0,1,26.0,5,0.0,1,1.0,0.0,20510.79,0
639,2,0,46.0,10,110031.09,2,1.0,1.0,133995.6,0
620,2,0,25.0,8,141825.88,1,1.0,1.0,73857.94,1
777,0,1,39.0,8,0.0,2,1.0,1.0,18613.52,0
596,1,0,54.0,0,78126.28,1,1.0,1.0,153482.9,1
775,0,1,42.0,6,133970.22,2,0.0,1.0,187839.9,0
832,2,0,40.0,9,107648.94,2,1.0,1.0,134638.97,0
671,2,0,47.0,7,114603.76,2,1.0,0.0,153194.31,1
592,0,0,62.0,5,0.0,1,1.0,1.0,100941.57,0
754,1,0,50.0,7,146777.44,2,0.0,1.0,150685.52,0
682,0,0,26.0,0,110654.02,1,0.0,1.0,111879.21,0
622,1,1,37.0,4,0.0,2,1.0,0.0,4459.5,0
677,2,0,26.0,6,98723.67,1,0.0,1.0,151146.67,0
680,0,0,24.0,10,0.0,3,1.0,0.0,154971.62,1
666,0,1,43.0,7,137780.73,2,1.0,1.0,119100.05,1
712,0,0,29.0,2,0.0,1,1.0,1.0,144375.0,0
666,0,1,51.0,2,148222.66,1,0.0,0.0,156953.55,1
807,1,0,28.0,7,165969.27,3,1.0,0.0,156122.12,1
617,0,0,34.0,0,131244.66,2,1.0,0.0,183229.02,0
596,2,1,54.0,1,123544.0,1,1.0,1.0,120314.75,1
632,0,0,28.0,5,118890.81,1,0.0,1.0,145157.97,0
713,0,1,33.0,6,94598.48,1,0.0,0.0,197519.66,1
544,0,1,40.0,8,0.0,2,1.0,0.0,61581.2,0
746,0,0,34.0,4,0.0,1,0.0,1.0,65166.6,0
751,0,1,31.0,8,0.0,2,0.0,0.0,17550.49,0
663,1,1,27.0,8,0.0,1,1.0,1.0,188007.98,0
571,0,1,40.0,5,0.0,2,0.0,0.0,72849.29,0
657,0,1,37.0,4,82500.28,1,1.0,1.0,115260.72,0
605,0,0,34.0,2,0.0,1,0.0,0.0,35982.42,0
850,2,1,39.0,3,124548.99,2,1.0,1.0,120380.12,0
729,2,1,40.0,5,113574.61,2,1.0,0.0,103396.08,0
635,1,0,32.0,8,0.0,2,1.0,1.0,19367.98,1
699,2,1,32.0,1,123906.22,3,1.0,1.0,127443.82,1
627,2,1,38.0,8,106922.92,2,0.0,1.0,84270.09,0
808,2,0,37.0,2,100431.84,1,1.0,0.0,35140.49,1
755,0,0,28.0,7,124540.28,1,0.0,1.0,188850.89,0
715,2,1,42.0,2,88120.97,2,1.0,1.0,21333.22,0
718,2,0,33.0,4,70541.06,1,0.0,0.0,88592.8,0
604,2,1,36.0,10,113546.3,1,1.0,1.0,134875.38,0
623,1,1,46.0,4,0.0,1,1.0,0.0,5549.11,1
566,0,0,42.0,6,0.0,1,1.0,0.0,180702.12,1
756,2,1,27.0,1,131899.0,1,1.0,0.0,93302.29,0
722,1,0,50.0,4,132088.6,1,1.0,1.0,128262.14,0
678,0,1,43.0,5,102338.19,1,1.0,1.0,79649.62,0
688,2,1,29.0,9,144553.5,2,1.0,0.0,143454.95,0
572,1,0,26.0,5,0.0,2,1.0,0.0,119381.41,0
635,1,1,35.0,2,113635.16,1,1.0,0.0,90883.12,0
607,1,0,25.0,4,121166.89,1,0.0,1.0,115288.24,0
635,2,1,53.0,8,117005.55,1,0.0,1.0,123646.57,1
771,0,1,50.0,3,105229.72,1,1.0,1.0,16281.68,1
691,0,0,29.0,9,116536.43,1,1.0,0.0,51987.99,0
644,2,0,32.0,8,141528.88,1,1.0,1.0,167087.34,1
564,1,1,48.0,5,132876.23,1,1.0,0.0,79259.77,0
684,2,1,29.0,8,127269.75,1,0.0,1.0,79495.01,0
696,1,0,43.0,4,0.0,2,1.0,1.0,66406.37,0
691,0,0,40.0,0,115465.98,1,1.0,1.0,60622.61,0
710,1,0,29.0,3,119670.18,1,1.0,0.0,188022.44,0
631,0,0,22.0,3,0.0,2,0.0,0.0,30781.77,0
654,2,1,43.0,9,84673.17,2,0.0,1.0,82081.35,0
598,0,1,47.0,2,0.0,2,1.0,1.0,186116.55,0
745,2,0,28.0,1,111071.36,1,1.0,0.0,73275.96,1
716,2,0,30.0,2,205770.78,2,0.0,0.0,65464.66,0
713,0,1,53.0,6,115029.4,1,0.0,0.0,191521.31,1
649,0,0,45.0,5,92786.66,1,1.0,0.0,173365.9,1
555,1,1,21.0,1,0.0,2,0.0,0.0,103901.35,0
581,0,1,41.0,8,0.0,2,0.0,0.0,29737.14,0
452,0,0,33.0,6,131698.56,2,1.0,0.0,151623.9,0
719,1,0,33.0,7,0.0,2,1.0,0.0,20016.59,0
711,0,1,38.0,4,123345.85,1,1.0,0.0,141827.83,0
647,1,1,47.0,5,105603.21,2,1.0,1.0,157360.9,0
735,1,1,29.0,10,0.0,2,1.0,1.0,95025.27,0
772,0,1,23.0,2,0.0,2,1.0,0.0,18364.19,0
633,2,1,30.0,2,109786.82,2,1.0,1.0,139712.81,0
601,0,1,29.0,9,0.0,1,1.0,1.0,80393.27,0
637,0,0,33.0,7,103377.81,1,1.0,0.0,84419.78,0
647,1,1,47.0,10,99835.17,1,0.0,1.0,89103.05,0
771,1,0,67.0,8,0.0,2,1.0,1.0,51219.8,0
471,0,0,27.0,4,0.0,2,1.0,0.0,122642.09,0
677,1,1,40.0,7,95312.8,1,1.0,1.0,62944.75,0
597,1,1,26.0,5,0.0,2,0.0,1.0,95159.13,0
634,0,1,34.0,8,105302.66,1,1.0,1.0,123164.97,0
619,2,0,42.0,8,132796.05,3,1.0,1.0,191821.34,1
487,1,0,36.0,1,140137.16,1,1.0,0.0,194073.33,0
757,0,1,57.0,3,89079.41,1,1.0,1.0,53179.21,1
737,0,1,41.0,1,101960.74,1,1.0,1.0,123547.28,0
718,2,1,26.0,7,147527.03,1,0.0,0.0,51099.56,0
630,0,0,36.0,2,110414.48,1,1.0,1.0,48984.95,0
670,0,0,39.0,8,101928.51,1,0.0,0.0,89205.54,0
533,2,0,49.0,1,102286.6,3,1.0,0.0,69409.37,1
479,0,1,47.0,6,121797.09,1,0.0,1.0,5811.9,1
780,2,1,71.0,9,142550.25,2,1.0,1.0,122506.78,0
672,0,0,50.0,1,0.0,1,1.0,0.0,12106.82,1
662,0,1,32.0,9,0.0,2,0.0,0.0,65089.38,0
719,1,0,47.0,9,116393.59,1,1.0,0.0,63051.32,1
515,0,1,48.0,5,129387.94,1,0.0,1.0,147955.9,1
550,1,1,34.0,3,0.0,2,0.0,0.0,131281.28,0
850,0,1,29.0,6,0.0,2,1.0,1.0,10672.54,0
739,1,0,40.0,8,0.0,1,1.0,0.0,167030.52,0
709,1,0,45.0,2,0.0,2,0.0,1.0,162922.66,0
555,1,0,26.0,9,0.0,2,0.0,1.0,158918.03,0
642,0,0,40.0,7,0.0,2,1.0,0.0,183963.34,0
631,1,1,23.0,3,0.0,2,1.0,0.0,13813.24,0
648,1,1,46.0,9,127209.0,2,1.0,0.0,77405.95,1
685,0,1,30.0,2,0.0,2,1.0,1.0,140889.31,0
531,0,1,29.0,3,114590.58,1,0.0,0.0,75585.48,0
554,1,0,34.0,8,0.0,1,0.0,1.0,106981.03,0
680,1,0,37.0,6,124140.57,2,1.0,0.0,92826.35,0
655,0,0,47.0,10,0.0,2,1.0,0.0,167778.62,0
492,0,0,31.0,7,0.0,2,1.0,1.0,49463.44,0
599,1,0,31.0,3,0.0,1,1.0,1.0,130086.47,1
508,0,0,41.0,5,0.0,2,1.0,1.0,94170.84,0
640,2,1,23.0,3,72012.76,1,1.0,0.0,161333.12,0
587,1,1,42.0,5,120233.83,1,1.0,0.0,194890.33,0
599,1,1,51.0,0,0.0,1,1.0,1.0,175235.98,0
621,1,1,33.0,4,0.0,2,1.0,1.0,40299.23,0
695,1,1,35.0,7,0.0,2,1.0,0.0,160387.98,0
688,1,1,42.0,5,0.0,2,0.0,0.0,197602.3,0
516,0,1,35.0,5,128653.59,1,1.0,0.0,127558.26,0
779,0,1,27.0,1,0.0,2,1.0,1.0,190623.02,0
523,1,1,34.0,7,0.0,2,1.0,0.0,62030.06,0
658,2,0,31.0,3,133003.03,1,0.0,1.0,146339.27,1
485,1,0,30.0,7,0.0,1,1.0,0.0,107067.37,0
624,1,1,35.0,2,0.0,2,1.0,0.0,87310.59,0
583,2,1,35.0,8,149995.72,2,1.0,0.0,42143.55,0
718,1,1,28.0,6,0.0,2,1.0,0.0,146875.86,0
499,1,0,42.0,0,147187.84,1,1.0,1.0,14868.94,1
525,0,0,25.0,6,0.0,2,1.0,0.0,89566.64,0
719,1,1,50.0,2,0.0,2,0.0,0.0,10772.13,0
490,2,0,41.0,0,139659.05,1,1.0,1.0,176254.12,0
544,2,1,47.0,5,105245.21,1,0.0,0.0,99922.08,1
591,1,1,39.0,8,0.0,2,0.0,0.0,42392.24,0
535,0,1,45.0,2,0.0,2,1.0,0.0,125658.28,0
661,0,1,35.0,5,0.0,1,1.0,0.0,155394.52,0
503,0,1,32.0,4,0.0,2,1.0,1.0,153036.97,0
644,0,1,31.0,5,0.0,2,1.0,1.0,41872.17,0
587,0,0,36.0,1,70784.27,1,1.0,0.0,30579.82,0
539,1,1,38.0,6,0.0,1,1.0,1.0,152880.06,1
719,0,0,42.0,4,0.0,1,1.0,0.0,28465.86,1
774,0,0,41.0,5,126670.37,1,1.0,0.0,102426.06,0
850,0,1,43.0,7,0.0,2,1.0,1.0,173851.11,0
597,0,1,41.0,4,153198.23,1,1.0,1.0,92090.36,0
473,2,0,32.0,5,146602.25,2,1.0,1.0,72946.95,0
701,1,1,26.0,5,83600.24,1,0.0,1.0,59195.05,0
742,0,1,39.0,8,140004.95,1,1.0,1.0,92985.78,0
458,1,1,36.0,5,0.0,2,1.0,0.0,79723.78,0
752,0,0,36.0,7,0.0,2,1.0,0.0,184866.86,0
670,0,1,33.0,6,88294.6,1,1.0,0.0,66979.06,0
591,0,1,35.0,7,183027.25,1,1.0,1.0,56028.79,0
573,0,1,40.0,7,147754.69,1,1.0,1.0,110454.46,0
601,0,1,40.0,10,98627.13,2,0.0,0.0,77977.69,0
477,0,1,47.0,9,144900.58,1,1.0,0.0,61315.37,1
685,1,1,35.0,4,137948.52,1,1.0,0.0,113639.64,0
701,0,1,40.0,5,169742.64,1,1.0,1.0,153537.55,1
555,2,0,51.0,9,138214.5,1,1.0,0.0,198715.27,1
605,0,0,51.0,9,104760.82,1,1.0,1.0,165574.55,1
754,0,0,27.0,7,0.0,2,1.0,0.0,144134.64,0
742,0,1,33.0,6,0.0,2,0.0,0.0,38550.4,0
430,2,0,38.0,8,153058.64,1,1.0,0.0,99377.27,0
624,0,0,38.0,3,0.0,2,1.0,1.0,163666.84,0
793,0,0,41.0,3,141806.45,1,1.0,0.0,102921.17,0
626,0,0,44.0,10,81553.93,1,1.0,0.0,20063.63,1
620,1,1,36.0,7,169312.72,1,1.0,0.0,45414.09,0
672,1,1,33.0,2,0.0,2,1.0,1.0,182738.0,0
682,0,1,44.0,3,115282.3,1,0.0,0.0,23766.4,0
657,0,1,50.0,9,0.0,2,0.0,0.0,37171.46,0
604,0,1,30.0,5,0.0,2,1.0,0.0,75786.55,0
617,0,0,30.0,8,0.0,1,1.0,1.0,92621.9,0
517,1,0,29.0,5,0.0,2,1.0,0.0,103402.88,0
670,0,1,22.0,2,114991.45,1,1.0,1.0,37392.56,0
588,2,0,37.0,7,70258.88,2,1.0,0.0,139607.61,0
487,0,0,34.0,2,96019.5,1,0.0,0.0,9085.0,0
656,0,0,39.0,6,0.0,2,1.0,0.0,141069.88,0
794,0,0,62.0,9,123681.32,3,1.0,0.0,173586.62,1
531,0,1,37.0,7,121854.45,1,1.0,0.0,147521.34,0
610,0,1,34.0,0,103108.17,1,0.0,0.0,125646.82,0
512,0,0,33.0,6,121685.31,2,1.0,1.0,83681.97,0
605,0,0,62.0,4,111065.93,2,0.0,1.0,125660.99,0
678,0,1,38.0,3,0.0,2,1.0,0.0,66561.6,0
850,0,1,31.0,6,67996.23,2,0.0,0.0,50129.87,1
586,1,0,42.0,2,0.0,1,1.0,0.0,102889.34,0
681,0,1,47.0,9,97023.21,1,1.0,1.0,2168.13,0
601,2,1,35.0,8,71553.83,1,1.0,0.0,177384.45,0
605,2,1,28.0,10,113690.83,1,1.0,0.0,33114.24,0
585,0,0,35.0,2,0.0,2,1.0,0.0,98621.04,1
717,1,1,33.0,1,99106.73,1,0.0,0.0,194467.23,0
699,0,1,37.0,10,0.0,2,0.0,0.0,83263.04,0
850,1,0,23.0,9,143054.84,1,0.0,1.0,62980.96,0
668,0,0,53.0,10,110240.04,1,0.0,0.0,183980.56,1
684,1,0,41.0,1,134177.06,1,0.0,0.0,177506.66,0
692,0,0,34.0,7,0.0,2,1.0,0.0,195074.62,0
794,1,0,46.0,8,134593.8,1,1.0,1.0,46386.37,0
707,0,0,49.0,10,0.0,1,1.0,0.0,82967.97,1
672,0,1,39.0,2,0.0,2,1.0,0.0,87372.49,0
600,0,0,49.0,6,0.0,1,0.0,1.0,148087.88,1
603,0,1,40.0,4,102833.46,2,1.0,1.0,38829.11,0
636,2,1,34.0,2,40105.51,2,0.0,1.0,53512.16,0
570,0,0,18.0,4,82767.42,1,1.0,0.0,71811.9,0
749,1,1,34.0,2,0.0,1,0.0,0.0,174189.05,1
769,2,1,60.0,9,148846.39,1,1.0,0.0,192831.67,1
759,1,0,35.0,7,147936.42,1,1.0,1.0,106785.7,0
700,1,1,31.0,7,0.0,2,0.0,1.0,145151.95,0
586,0,0,28.0,5,0.0,3,1.0,0.0,170487.4,1
663,2,1,32.0,8,130627.66,1,1.0,0.0,47161.25,1
720,1,1,33.0,3,123783.91,2,1.0,1.0,142903.44,0
714,0,1,28.0,6,122724.37,1,1.0,1.0,67057.27,0
488,1,0,39.0,9,140553.45,1,0.0,0.0,12440.44,0
556,0,0,47.0,2,139914.27,1,1.0,1.0,50390.98,0
699,0,1,39.0,2,109724.38,1,1.0,1.0,180022.39,0
850,2,1,40.0,6,94607.08,1,1.0,0.0,36690.49,0
691,0,0,60.0,6,101070.69,1,1.0,0.0,177355.8,1
735,0,0,53.0,8,123845.36,2,0.0,1.0,170454.94,1
663,1,1,35.0,5,0.0,2,1.0,1.0,62634.94,0
628,0,1,34.0,4,158741.44,2,1.0,1.0,126192.54,0
545,2,0,37.0,8,114754.08,1,1.0,0.0,136050.44,1
553,1,1,44.0,4,0.0,1,1.0,0.0,10789.3,0
636,0,1,34.0,1,84055.43,1,0.0,0.0,37490.84,0
572,2,1,39.0,4,112290.22,1,1.0,0.0,49373.97,1
647,2,0,22.0,3,97975.82,2,0.0,1.0,62083.0,0
640,0,0,67.0,3,0.0,1,0.0,1.0,42964.63,0
552,2,1,33.0,3,144962.73,1,1.0,0.0,58844.84,1
562,1,1,41.0,5,165445.05,2,1.0,0.0,85787.31,0
714,0,0,25.0,4,0.0,2,0.0,0.0,82500.84,0
681,0,1,32.0,3,148884.47,2,1.0,1.0,90967.37,0
673,1,1,40.0,1,121629.22,1,1.0,1.0,3258.6,0
731,0,1,30.0,7,0.0,2,0.0,1.0,143086.1,0
757,2,1,30.0,6,105128.85,2,1.0,1.0,62972.13,0
701,1,1,59.0,7,0.0,2,0.0,1.0,27597.59,0
738,2,0,40.0,1,115409.18,2,0.0,0.0,180456.8,0
591,1,0,27.0,5,107812.67,1,0.0,1.0,162501.83,1
523,2,1,41.0,0,119276.31,1,0.0,0.0,122284.38,1
551,1,1,32.0,4,0.0,2,1.0,0.0,53420.53,0
730,0,0,22.0,9,65763.57,1,1.0,1.0,145792.02,0
537,2,0,37.0,7,158411.95,4,1.0,1.0,117690.58,1
579,1,0,59.0,3,148021.12,1,1.0,1.0,74878.22,0
602,2,0,53.0,5,98268.84,1,0.0,1.0,45038.29,1
576,0,1,24.0,3,0.0,1,0.0,1.0,78498.04,1
705,2,0,31.0,9,110941.93,2,1.0,0.0,163484.8,0
537,2,1,48.0,4,131834.8,1,1.0,0.0,166476.95,1
586,2,1,46.0,8,106968.96,1,1.0,1.0,79366.98,1
679,0,0,43.0,4,0.0,3,1.0,0.0,115136.51,1
668,0,0,37.0,7,128645.67,1,1.0,0.0,92149.64,0
701,0,1,39.0,2,0.0,2,1.0,1.0,82526.92,0
559,0,0,31.0,3,127070.73,1,0.0,1.0,160941.78,0
627,2,1,30.0,6,112372.96,1,1.0,1.0,118029.09,0
684,2,0,56.0,3,127585.98,3,1.0,1.0,80593.49,1
590,0,1,41.0,1,89086.31,1,1.0,0.0,24499.97,0
850,1,0,36.0,2,155180.56,2,0.0,0.0,169415.55,0
559,0,0,38.0,8,95139.41,1,1.0,1.0,86575.46,0
692,1,0,49.0,9,0.0,2,1.0,0.0,178342.62,0
775,0,0,66.0,9,0.0,2,1.0,1.0,67622.34,0
678,1,1,27.0,2,0.0,2,1.0,1.0,13221.25,0
552,2,1,39.0,2,132906.88,1,0.0,1.0,149384.44,0
601,0,1,35.0,2,0.0,2,1.0,1.0,118983.18,0
850,0,1,28.0,4,0.0,2,1.0,1.0,12409.01,0
463,1,1,20.0,8,204223.03,1,1.0,0.0,128268.39,0
600,0,1,34.0,0,0.0,2,0.0,1.0,3756.23,0
627,2,0,35.0,2,137852.95,1,1.0,1.0,172269.2,1
589,0,1,34.0,6,0.0,2,1.0,1.0,177896.92,0
683,1,1,35.0,9,61172.04,1,0.0,0.0,82951.12,0
490,1,0,38.0,3,97266.1,1,1.0,1.0,92797.23,0
456,0,0,33.0,1,188285.69,1,0.0,0.0,58363.94,0
806,2,0,59.0,0,135296.33,1,1.0,0.0,182822.5,0
596,2,1,40.0,5,62389.03,3,1.0,0.0,148623.44,1
523,0,0,40.0,2,102967.41,1,1.0,0.0,128702.1,1
734,1,0,37.0,0,152760.23,1,1.0,1.0,48990.5,0
633,2,1,58.0,2,128137.42,2,1.0,0.0,147635.33,1
583,0,0,44.0,8,0.0,2,1.0,1.0,27431.62,0
666,0,1,36.0,4,120165.4,2,1.0,0.0,33701.5,0
665,0,0,38.0,5,0.0,2,1.0,0.0,156439.56,0
740,0,1,33.0,1,129574.98,1,1.0,1.0,123300.38,0
784,2,1,28.0,2,109960.06,2,1.0,1.0,170829.88,0
500,1,0,47.0,8,128486.11,1,1.0,0.0,179227.12,0
558,1,1,40.0,4,161766.88,1,0.0,0.0,92378.54,0
650,2,0,48.0,7,138232.23,1,1.0,0.0,57594.78,0
511,0,0,31.0,5,137411.3,1,0.0,1.0,161854.98,0
707,0,1,73.0,6,66573.17,1,1.0,1.0,62768.8,0
565,2,1,59.0,9,69129.59,1,1.0,1.0,170705.53,0
825,2,1,37.0,6,118050.79,1,0.0,1.0,52301.15,0
598,1,1,39.0,1,0.0,2,1.0,0.0,159130.31,0
732,0,0,40.0,10,0.0,2,1.0,0.0,154189.08,0
752,0,1,49.0,2,78653.84,1,1.0,0.0,7698.6,0
723,1,0,45.0,4,0.0,2,1.0,0.0,37214.39,0
775,1,1,29.0,10,0.0,2,1.0,1.0,68143.93,0
741,1,1,53.0,3,0.0,2,1.0,1.0,38913.68,0
445,1,1,62.0,1,64119.38,1,1.0,1.0,76569.64,1
709,0,1,49.0,4,154344.48,2,1.0,1.0,38794.57,0
565,0,1,46.0,7,135369.7,1,0.0,1.0,140130.22,0
528,0,1,29.0,3,102787.42,1,1.0,0.0,55972.56,0
581,1,1,49.0,10,0.0,2,0.0,0.0,41623.59,0
637,2,1,49.0,2,108204.52,1,1.0,0.0,169037.84,1
542,2,1,33.0,8,142871.27,2,0.0,0.0,77737.86,0
530,0,1,52.0,1,106723.28,1,0.0,0.0,109960.4,1
469,0,1,33.0,1,127818.52,1,1.0,0.0,163477.22,0
758,2,0,23.0,5,122739.1,1,1.0,0.0,102460.84,1
758,0,0,52.0,7,125095.94,1,1.0,0.0,171189.83,1
820,0,1,33.0,2,132150.27,2,1.0,0.0,23067.97,0
609,2,0,71.0,6,113317.1,1,1.0,0.0,108258.22,1
715,1,1,38.0,2,96798.79,2,1.0,1.0,4554.67,0
686,0,1,35.0,4,0.0,1,1.0,0.0,8816.37,0
567,0,0,23.0,9,93522.2,1,0.0,1.0,81425.61,0
850,1,0,31.0,4,91292.7,1,1.0,1.0,162149.06,0
725,2,0,47.0,1,104887.43,1,0.0,0.0,86622.56,1
675,0,1,54.0,6,0.0,1,1.0,0.0,110273.84,1
628,1,0,55.0,7,0.0,3,1.0,0.0,85890.75,1
707,0,0,58.0,3,102346.86,1,1.0,1.0,114672.64,0
624,0,1,36.0,6,0.0,2,0.0,0.0,84635.64,0
638,2,1,37.0,2,89728.86,2,1.0,1.0,37294.88,0
611,0,1,53.0,3,83568.26,1,0.0,0.0,1235.49,0
671,0,1,34.0,7,106603.74,2,1.0,1.0,26387.71,0
718,2,0,39.0,7,93148.74,2,1.0,1.0,190746.38,0
759,0,1,40.0,4,0.0,2,1.0,0.0,124615.59,0
659,2,1,39.0,8,52106.33,2,1.0,1.0,107964.36,0
661,2,1,41.0,5,122552.48,2,0.0,1.0,120646.4,0
685,0,0,40.0,7,0.0,1,1.0,0.0,72852.74,1
514,0,1,26.0,1,0.0,2,0.0,0.0,121551.93,0
726,2,1,30.0,5,111375.32,2,1.0,0.0,2704.09,0
850,1,0,54.0,4,120952.74,1,1.0,0.0,66963.15,0
606,1,1,42.0,10,0.0,2,1.0,0.0,177938.52,0
655,1,1,37.0,1,0.0,1,1.0,1.0,106040.97,0
530,0,1,39.0,2,0.0,2,1.0,0.0,197923.05,0
666,0,0,27.0,4,0.0,2,0.0,0.0,88751.45,0
786,2,0,33.0,0,122325.58,1,0.0,0.0,34712.34,1
618,0,0,37.0,5,96652.86,1,1.0,0.0,98686.4,1
809,1,1,80.0,8,0.0,2,0.0,1.0,34164.05,0
751,0,0,48.0,9,0.0,1,1.0,0.0,137508.42,1
748,0,0,20.0,7,0.0,2,0.0,0.0,10792.42,0
715,0,0,41.0,8,56214.85,2,0.0,0.0,92982.61,1
681,1,0,57.0,2,173306.12,1,0.0,1.0,131964.66,0
648,0,0,19.0,1,0.0,2,0.0,1.0,22101.86,0
638,1,1,35.0,1,0.0,2,1.0,0.0,165370.66,0
737,0,1,36.0,9,0.0,1,0.0,1.0,188670.9,1
493,2,0,35.0,8,178317.6,1,0.0,0.0,197428.64,0
579,1,1,22.0,3,118680.57,1,1.0,1.0,49829.8,0
747,0,0,25.0,4,0.0,2,0.0,1.0,42039.67,0
491,0,1,33.0,5,83134.3,1,1.0,0.0,187946.55,0
574,1,0,37.0,7,0.0,2,1.0,0.0,32262.28,0
579,0,1,28.0,4,0.0,2,1.0,1.0,176925.69,0
719,2,1,28.0,3,106070.29,2,1.0,1.0,183893.31,0
672,0,1,28.0,4,167268.98,1,1.0,1.0,169469.3,0
741,1,1,39.0,7,143637.58,2,0.0,1.0,174227.66,0
557,0,1,34.0,3,83074.0,1,1.0,0.0,132673.22,0
717,1,0,42.0,5,190305.78,1,1.0,0.0,99347.8,1
678,0,1,36.0,0,107379.68,1,1.0,1.0,84460.18,0
645,2,0,41.0,2,138881.05,1,1.0,0.0,129936.53,1
850,2,1,40.0,4,166082.16,2,0.0,1.0,44406.17,0
744,1,1,36.0,2,153804.44,1,1.0,1.0,87213.33,0
641,2,0,40.0,2,110086.69,1,1.0,0.0,159773.14,0
850,0,0,37.0,3,212778.2,1,0.0,1.0,69372.88,0
646,2,0,35.0,1,121952.75,2,1.0,1.0,142839.81,0
850,0,0,34.0,9,92899.27,2,1.0,0.0,97465.89,0
760,0,1,38.0,6,162888.73,1,1.0,0.0,91098.76,1
719,0,0,37.0,9,101455.7,1,1.0,0.0,25803.59,1
705,1,1,36.0,1,111629.29,1,1.0,1.0,21807.16,0
716,0,0,23.0,2,94464.81,2,0.0,1.0,185900.88,0
451,1,0,23.0,9,0.0,2,0.0,1.0,48021.71,0
757,1,0,44.0,9,0.0,2,1.0,0.0,177528.92,0
420,1,0,55.0,4,91893.32,1,1.0,0.0,144870.28,1
600,1,0,27.0,6,0.0,2,1.0,1.0,172031.22,0
820,0,0,29.0,3,82344.84,1,0.0,1.0,115985.38,0
650,0,1,34.0,4,106005.54,1,0.0,1.0,142995.31,0
538,1,1,43.0,5,0.0,2,1.0,0.0,126933.73,0
680,1,0,30.0,3,0.0,1,1.0,0.0,160131.58,0
668,2,1,34.0,5,80242.37,2,0.0,0.0,56780.97,0
585,1,0,44.0,4,0.0,2,0.0,1.0,101728.46,0
777,0,0,28.0,2,134571.5,1,0.0,1.0,118313.38,0
698,0,1,31.0,1,156111.23,1,0.0,0.0,134790.73,0
686,0,0,41.0,4,129553.76,2,1.0,0.0,187599.8,0
443,2,1,59.0,4,110939.3,1,1.0,0.0,72846.58,1
620,2,1,35.0,0,76989.97,1,1.0,1.0,17242.79,0
428,2,0,40.0,3,129248.11,2,1.0,0.0,72876.43,1
516,0,1,33.0,7,115195.58,1,1.0,1.0,11205.5,0
759,0,1,26.0,4,0.0,2,1.0,0.0,135394.62,0
735,0,1,34.0,1,141796.44,1,1.0,0.0,45858.49,0
724,0,0,37.0,10,68598.56,1,1.0,0.0,157862.81,0
607,1,0,32.0,7,0.0,3,0.0,1.0,10674.62,0
794,0,0,41.0,7,0.0,2,1.0,1.0,74275.08,0
656,0,1,45.0,5,127864.4,1,1.0,0.0,87107.57,0
850,0,0,36.0,10,0.0,2,1.0,1.0,100750.03,0
607,2,1,36.0,8,143421.73,1,1.0,0.0,97879.02,0
600,2,1,57.0,9,138456.03,2,1.0,1.0,103548.25,0
748,1,1,35.0,5,105492.53,1,1.0,1.0,150057.2,0
494,0,1,40.0,7,0.0,2,0.0,1.0,158071.69,0
608,0,0,33.0,4,0.0,1,1.0,0.0,79304.38,1
600,0,1,49.0,7,90218.9,1,1.0,0.0,91347.76,0
535,2,1,48.0,5,134542.73,1,1.0,1.0,58203.67,1
528,0,1,35.0,3,156687.1,1,1.0,0.0,199320.77,0
590,1,0,29.0,10,99250.08,1,1.0,1.0,129629.41,0
757,2,0,43.0,5,131433.33,2,1.0,1.0,3497.43,1
590,1,0,38.0,9,0.0,2,1.0,1.0,148750.16,0
652,2,1,50.0,8,125437.64,1,1.0,1.0,17160.94,1
681,2,1,48.0,5,139714.4,2,0.0,0.0,73066.72,0
590,0,0,76.0,5,160979.69,1,0.0,1.0,13848.58,0
779,2,0,37.0,2,128389.63,1,1.0,1.0,6589.16,1
780,2,1,34.0,5,94108.54,2,1.0,0.0,177235.2,0
724,2,1,31.0,9,138166.3,1,1.0,0.0,12920.43,0
584,0,1,35.0,6,161613.94,2,1.0,1.0,148238.16,0
610,0,1,40.0,9,0.0,1,1.0,1.0,149602.55,0
616,2,1,45.0,3,143129.4,2,0.0,1.0,64327.26,0
468,0,1,22.0,2,0.0,2,1.0,0.0,28123.99,0
601,0,0,26.0,8,78892.23,1,1.0,1.0,23703.52,0
753,0,1,92.0,3,121513.31,1,0.0,1.0,195563.98,0
662,1,0,54.0,1,187997.16,1,0.0,0.0,111442.71,1
745,0,1,21.0,4,137910.45,1,1.0,1.0,177235.23,0
621,0,1,35.0,7,87619.29,1,1.0,0.0,143.34,0
793,1,1,25.0,3,100913.57,1,0.0,0.0,10579.72,0
767,0,1,36.0,3,0.0,1,0.0,0.0,65147.27,0
742,0,1,27.0,0,0.0,2,0.0,1.0,131534.95,0
681,2,1,38.0,6,181804.34,2,1.0,1.0,57517.71,0
672,0,0,28.0,6,0.0,1,0.0,1.0,8814.69,0
793,1,0,36.0,0,0.0,1,0.0,0.0,148993.47,0
561,0,1,43.0,4,0.0,4,0.0,0.0,18522.91,1
717,2,0,28.0,9,82498.14,2,0.0,0.0,40437.67,0
850,0,1,29.0,1,0.0,2,0.0,0.0,152996.89,0
648,2,0,42.0,8,121980.56,2,1.0,0.0,4027.02,0
666,0,1,46.0,5,123873.19,1,1.0,1.0,177844.06,0
537,0,1,38.0,3,0.0,2,0.0,0.0,141023.02,0
664,2,1,39.0,7,60263.23,1,1.0,0.0,170835.31,0
524,2,0,25.0,7,131402.2,1,0.0,0.0,193668.48,0
833,2,1,59.0,1,130854.59,1,1.0,1.0,30722.52,1
610,0,0,45.0,1,0.0,2,1.0,1.0,199657.45,0
607,0,1,26.0,1,0.0,1,1.0,0.0,29818.2,0
657,1,0,27.0,8,0.0,2,0.0,0.0,6468.24,0
598,2,1,41.0,3,91536.93,1,1.0,0.0,191468.78,1
746,0,1,37.0,2,0.0,2,1.0,0.0,143194.05,0
662,1,0,41.0,4,90350.77,1,1.0,0.0,75884.65,1
506,0,1,36.0,5,0.0,2,1.0,0.0,164253.34,0
637,1,1,43.0,8,0.0,1,1.0,0.0,12156.93,1
760,2,1,42.0,0,77992.97,2,1.0,1.0,97906.38,0
623,1,0,50.0,2,87116.71,1,1.0,1.0,104382.11,0
583,0,1,40.0,9,112701.04,1,0.0,0.0,29213.63,0
520,0,0,38.0,4,0.0,2,1.0,0.0,56388.63,0
578,1,1,40.0,6,63609.92,1,0.0,0.0,74965.61,1
705,2,1,44.0,3,105934.96,1,1.0,0.0,82463.69,0
850,2,0,31.0,1,130089.56,2,1.0,1.0,4466.21,0
545,1,0,74.0,3,0.0,2,1.0,1.0,161326.73,0
674,1,0,39.0,6,0.0,2,1.0,1.0,9574.83,0
586,0,1,64.0,1,0.0,2,1.0,1.0,53710.23,0
679,0,0,33.0,9,112528.65,2,1.0,0.0,177362.45,0
791,0,1,37.0,2,163789.48,2,1.0,0.0,75832.53,0
540,1,1,37.0,0,120825.7,1,1.0,0.0,28257.89,0
669,2,0,35.0,4,108269.2,2,1.0,0.0,174969.92,0
490,0,0,40.0,1,0.0,1,1.0,1.0,49594.19,1
625,0,1,34.0,6,0.0,2,0.0,0.0,197283.2,0
781,0,1,23.0,2,107433.48,1,1.0,0.0,173843.2,0
568,1,1,39.0,5,0.0,2,1.0,1.0,129569.92,0
575,2,1,47.0,9,107915.94,2,1.0,1.0,63452.18,1
707,2,0,40.0,3,109628.44,1,1.0,0.0,189366.03,0
516,1,0,45.0,8,109044.3,1,0.0,1.0,115818.16,0
632,1,1,28.0,7,155519.6,1,1.0,0.0,1843.24,0
725,0,1,41.0,7,113980.21,1,1.0,1.0,116704.25,0
831,0,0,34.0,2,0.0,2,0.0,0.0,165840.94,0
701,1,1,28.0,1,103421.32,1,0.0,1.0,76304.73,0
522,0,0,34.0,3,0.0,2,1.0,1.0,3894.34,0
769,2,0,31.0,7,148913.72,2,1.0,0.0,53817.23,0
730,0,1,27.0,5,0.0,2,1.0,1.0,116081.93,0
821,0,0,28.0,8,0.0,1,1.0,1.0,36754.13,0
670,1,1,25.0,6,0.0,2,1.0,1.0,78358.94,0
639,0,1,37.0,5,98186.7,1,0.0,1.0,173386.95,0
731,0,1,33.0,4,0.0,2,1.0,1.0,74945.11,0
739,0,1,40.0,4,0.0,2,0.0,0.0,173321.66,0
664,0,1,40.0,7,125608.72,1,1.0,0.0,122073.48,0
512,0,1,51.0,6,144953.31,1,1.0,1.0,165035.17,0
659,1,0,42.0,2,0.0,1,0.0,0.0,162734.31,1
726,0,0,31.0,9,114722.05,2,1.0,1.0,98178.57,0
532,2,1,52.0,9,137755.77,1,1.0,0.0,163191.98,1
758,0,0,34.0,3,0.0,2,1.0,1.0,124226.16,0
776,2,0,37.0,1,93124.04,2,1.0,1.0,196079.31,0
642,2,1,30.0,8,134497.27,1,0.0,0.0,43250.54,0
519,1,0,47.0,6,157296.02,2,0.0,0.0,147278.44,1
510,0,0,22.0,3,156834.34,1,0.0,0.0,44374.44,0
648,1,1,36.0,8,146943.38,2,1.0,1.0,130041.45,0
773,0,1,52.0,4,0.0,1,0.0,1.0,144113.42,0
744,1,1,31.0,0,117551.23,1,1.0,0.0,158958.9,0
662,0,1,44.0,8,0.0,2,1.0,1.0,175314.88,0
749,2,1,54.0,3,144768.94,1,1.0,0.0,93336.3,1
597,0,0,41.0,4,145809.53,2,1.0,1.0,52319.26,0
653,0,0,32.0,4,83772.95,1,0.0,1.0,23920.65,0
651,0,1,28.0,7,0.0,2,1.0,0.0,823.96,0
726,0,0,34.0,0,185734.75,1,1.0,1.0,102036.82,0
581,2,0,34.0,1,101633.04,1,1.0,0.0,110431.51,0
594,2,0,29.0,3,130830.22,1,1.0,0.0,61048.53,0
700,2,0,40.0,4,148571.06,1,1.0,0.0,189826.95,1
821,0,1,28.0,2,0.0,2,1.0,0.0,46072.52,0
705,2,0,64.0,3,153469.27,3,0.0,0.0,146573.66,1
659,0,0,33.0,7,89939.62,1,1.0,0.0,136540.1,0
793,1,1,38.0,9,0.0,2,1.0,0.0,88225.02,0
575,1,1,28.0,7,0.0,1,1.0,1.0,10666.05,0
755,0,1,62.0,1,127706.33,2,0.0,1.0,142377.69,0
478,0,0,32.0,6,71187.24,1,1.0,1.0,110593.62,0
807,1,0,43.0,0,0.0,2,0.0,1.0,85523.24,0
598,2,1,19.0,3,150348.38,1,1.0,1.0,173784.05,0
768,1,0,42.0,3,0.0,1,0.0,0.0,161242.98,1
696,0,0,41.0,8,0.0,2,0.0,0.0,28276.83,0
559,0,1,50.0,5,162702.34,1,0.0,0.0,150548.5,1
518,1,1,50.0,4,0.0,1,0.0,0.0,107112.25,1
606,2,1,27.0,2,130274.26,2,1.0,0.0,147533.1,0
676,0,0,49.0,1,0.0,1,1.0,0.0,79342.31,1
583,0,1,51.0,6,125268.03,2,1.0,0.0,165082.25,0
750,0,1,36.0,7,136492.92,3,1.0,1.0,26500.29,1
785,0,0,34.0,9,70302.48,1,1.0,1.0,68600.36,0
824,0,1,30.0,0,133634.02,1,1.0,1.0,162053.92,0
667,0,0,38.0,6,144432.05,1,1.0,1.0,73963.17,1
669,0,0,43.0,1,160474.6,1,1.0,1.0,95963.14,0
506,0,1,34.0,7,0.0,2,0.0,0.0,115842.1,0
805,2,1,56.0,6,151802.3,1,1.0,0.0,46791.09,1
477,2,0,58.0,8,145984.92,1,1.0,1.0,24564.7,0
783,1,1,38.0,1,0.0,3,1.0,1.0,80178.54,1
590,1,0,37.0,0,64345.21,1,0.0,1.0,61759.33,1
567,0,1,38.0,6,127678.8,2,0.0,0.0,45422.89,0
569,0,1,38.0,7,0.0,1,1.0,1.0,108469.2,0
637,0,0,63.0,5,0.0,1,1.0,0.0,28092.77,1
623,0,0,29.0,1,0.0,2,0.0,0.0,39382.06,0
717,0,1,31.0,4,129722.57,1,0.0,0.0,41176.6,0
636,0,0,45.0,7,139859.23,1,1.0,1.0,108402.54,0
751,2,0,28.0,10,132932.14,2,1.0,1.0,46630.47,0
693,2,1,46.0,2,104763.41,1,1.0,1.0,62368.33,0
777,2,1,44.0,3,124655.59,2,0.0,1.0,79792.3,0
727,1,1,71.0,8,0.0,1,1.0,1.0,198446.9,1
672,2,0,21.0,1,35741.69,1,1.0,0.0,28789.94,0
739,0,0,20.0,4,133800.98,1,0.0,1.0,150245.81,0
568,1,1,28.0,1,127289.28,1,0.0,0.0,45611.51,0
611,0,0,30.0,9,88594.14,1,1.0,0.0,196332.45,0
584,2,1,33.0,3,88311.48,2,1.0,1.0,177651.38,0
604,0,1,31.0,6,134837.58,1,1.0,0.0,192029.19,0
599,0,1,50.0,3,121159.65,1,0.0,0.0,4033.39,1
836,1,0,37.0,10,0.0,2,1.0,0.0,111324.41,0
553,2,1,53.0,5,127997.83,1,1.0,0.0,165378.66,1
702,0,1,26.0,2,71281.29,1,1.0,1.0,108747.12,1
677,0,1,30.0,1,78133.15,1,0.0,1.0,174225.88,0
640,2,1,48.0,1,111599.32,1,0.0,1.0,135995.58,0
605,1,1,41.0,5,103154.66,1,0.0,0.0,143203.78,0
680,0,1,34.0,9,0.0,2,1.0,1.0,95686.6,0
689,0,1,22.0,4,136444.25,1,1.0,0.0,51980.25,1
738,2,0,40.0,6,114940.67,2,1.0,1.0,194895.56,1
626,2,1,27.0,4,115084.53,2,0.0,1.0,26907.43,0
680,2,0,31.0,3,127331.46,3,1.0,1.0,176433.6,0
615,0,0,35.0,2,97440.02,2,1.0,1.0,139816.1,0
718,0,0,39.0,3,0.0,2,1.0,1.0,145355.11,0
662,0,1,34.0,2,117731.79,2,0.0,1.0,55120.79,0
661,2,0,47.0,0,109493.62,1,0.0,0.0,188324.02,1
480,0,1,35.0,2,165692.9,1,1.0,1.0,197984.58,0
544,0,0,64.0,3,124043.8,1,1.0,1.0,111402.97,1
650,2,0,55.0,2,140891.45,3,1.0,1.0,179834.45,1
599,1,0,49.0,2,0.0,2,1.0,0.0,111190.53,0
511,0,1,58.0,0,149117.31,1,1.0,1.0,162599.52,0
620,1,1,38.0,0,0.0,2,1.0,1.0,38015.34,0
726,2,0,33.0,7,99046.31,2,1.0,1.0,56053.06,0
630,0,1,55.0,2,0.0,1,1.0,1.0,106202.07,1
642,0,1,38.0,3,0.0,2,0.0,0.0,171463.83,0
535,2,1,40.0,7,111756.5,1,1.0,0.0,8128.32,1
599,2,1,33.0,2,51949.95,2,1.0,0.0,85045.92,0
634,0,1,37.0,5,115345.86,2,0.0,0.0,168781.8,0
787,0,0,40.0,6,0.0,2,1.0,1.0,84151.98,0
557,0,1,42.0,6,177822.03,1,1.0,0.0,150944.31,1
595,2,1,32.0,8,131081.66,2,1.0,1.0,69428.79,0
755,0,1,23.0,5,84284.48,2,1.0,1.0,62851.6,0
658,0,1,20.0,7,0.0,2,0.0,0.0,187638.34,0
682,0,0,37.0,8,148580.12,1,1.0,0.0,35179.18,0
517,0,1,41.0,2,0.0,2,0.0,1.0,75937.47,0
597,2,1,52.0,8,83693.34,2,1.0,1.0,161083.53,0
768,2,1,37.0,9,108308.11,1,1.0,0.0,41788.25,1
527,2,1,58.0,3,137318.42,1,1.0,1.0,126144.96,0
810,0,1,32.0,9,120879.73,2,0.0,1.0,78896.59,0
699,0,1,32.0,3,0.0,2,1.0,1.0,170770.44,0
583,1,0,40.0,3,54428.37,1,1.0,0.0,109638.78,1
754,2,1,57.0,2,101134.87,2,1.0,1.0,70954.41,0
709,2,1,23.0,8,73314.04,2,1.0,0.0,63446.47,0
679,0,1,37.0,7,74260.03,1,1.0,0.0,194617.98,0
665,0,1,35.0,8,110934.54,1,1.0,0.0,169287.98,0
574,1,1,36.0,3,0.0,2,1.0,1.0,8559.66,0
588,2,0,34.0,10,129417.82,1,1.0,0.0,153727.31,0
661,0,1,26.0,8,0.0,2,0.0,0.0,196875.88,0
745,2,1,38.0,5,65095.41,2,1.0,1.0,140197.42,0
494,0,1,30.0,3,85704.95,1,0.0,1.0,27886.06,0
724,0,1,31.0,5,0.0,1,1.0,0.0,134889.95,1
768,1,0,44.0,6,60603.4,1,1.0,1.0,178045.97,0
802,2,1,31.0,1,125013.72,1,1.0,1.0,187658.1,0
734,0,1,34.0,6,133598.4,1,1.0,1.0,13107.24,0
743,0,1,23.0,3,110203.77,1,1.0,0.0,95583.45,0
517,0,0,45.0,4,0.0,1,0.0,0.0,172674.36,1
697,1,1,43.0,10,128226.37,1,0.0,0.0,188486.94,0
719,1,1,35.0,3,122964.88,1,1.0,1.0,138231.7,0
850,1,0,70.0,5,0.0,1,1.0,1.0,705.18,0
629,2,1,40.0,2,121647.54,2,1.0,1.0,64849.74,1
762,1,0,69.0,9,183744.98,1,1.0,1.0,196993.69,0
809,0,0,39.0,5,0.0,1,1.0,0.0,77705.75,0
689,2,1,67.0,9,157094.78,1,1.0,1.0,99490.01,0
583,0,1,27.0,7,0.0,2,1.0,0.0,51285.49,0
491,2,0,57.0,4,112044.72,1,1.0,1.0,41229.73,1
618,2,1,42.0,8,153572.31,2,1.0,1.0,76679.6,0
501,2,1,38.0,9,88977.39,2,0.0,1.0,133403.06,0
722,0,1,46.0,5,0.0,2,1.0,0.0,179908.7,0
699,2,0,51.0,2,92246.14,2,0.0,1.0,91346.03,0
763,0,0,58.0,9,187911.55,1,0.0,1.0,35825.18,0
592,0,1,27.0,3,0.0,2,1.0,1.0,19645.65,0
634,1,0,41.0,4,0.0,2,1.0,1.0,164549.73,0
539,0,0,24.0,3,0.0,2,1.0,1.0,198161.06,0
487,0,1,53.0,4,199689.48,1,1.0,1.0,24207.86,1
596,2,1,34.0,4,99441.21,2,0.0,1.0,4802.27,0
603,1,1,46.0,2,0.0,2,1.0,0.0,174478.55,0
678,0,1,40.0,1,0.0,2,1.0,1.0,187343.4,0
612,1,1,35.0,1,0.0,1,1.0,1.0,83256.26,1
593,2,1,69.0,2,187013.12,2,0.0,1.0,105898.69,0
605,1,1,39.0,10,105317.73,2,1.0,0.0,138021.36,0
549,0,1,37.0,2,112541.54,2,0.0,0.0,47432.43,0
680,0,1,33.0,2,108393.35,1,0.0,1.0,39057.67,0
627,0,0,41.0,6,0.0,3,1.0,1.0,138700.75,1
647,0,1,41.0,4,138937.34,1,1.0,1.0,101617.64,1
698,2,0,51.0,2,111018.98,1,1.0,0.0,86410.28,0
606,0,0,35.0,0,135984.16,2,1.0,0.0,186778.89,0
650,2,0,28.0,5,122034.4,3,0.0,1.0,146663.44,1
644,0,0,40.0,10,139180.97,1,1.0,1.0,19959.67,0
707,0,0,33.0,2,58036.33,1,1.0,1.0,83335.78,0
758,0,0,33.0,7,0.0,2,0.0,0.0,82996.47,0
775,0,1,60.0,7,0.0,2,1.0,1.0,111558.7,0
671,1,0,31.0,4,0.0,2,0.0,1.0,79270.02,0
557,2,0,38.0,2,129893.56,1,0.0,0.0,102076.03,0
708,0,0,44.0,2,161887.81,2,1.0,0.0,84870.23,0
697,2,1,29.0,0,172693.55,1,0.0,0.0,141798.98,0
674,2,0,44.0,4,131593.84,1,0.0,1.0,171345.02,1
581,0,0,24.0,3,95508.2,1,1.0,1.0,45755.0,0
739,0,1,41.0,5,0.0,2,0.0,0.0,143882.25,0
521,2,1,52.0,5,116497.31,3,0.0,0.0,53793.1,1
687,1,0,21.0,8,0.0,2,1.0,1.0,154767.34,0
745,0,1,35.0,9,92566.53,2,1.0,0.0,161519.77,0
694,0,1,38.0,1,0.0,2,0.0,1.0,156858.2,0
817,0,0,37.0,6,81070.34,2,1.0,0.0,80985.88,0
572,0,1,24.0,1,0.0,2,1.0,1.0,151460.84,0
803,0,1,28.0,3,0.0,2,1.0,0.0,159654.0,0
648,1,0,31.0,5,0.0,2,1.0,1.0,5199.02,0
705,0,1,32.0,7,0.0,2,1.0,0.0,7921.57,0
583,0,0,27.0,4,0.0,3,1.0,0.0,163113.4,0
675,0,0,39.0,6,0.0,2,0.0,0.0,83419.15,0
783,0,1,40.0,6,0.0,2,1.0,0.0,109742.55,0
680,0,1,31.0,9,0.0,2,1.0,0.0,36145.53,0
700,0,1,37.0,1,135179.48,1,1.0,0.0,160670.38,0
652,0,0,40.0,1,0.0,2,1.0,0.0,126554.96,0
630,0,0,40.0,0,118633.08,1,0.0,1.0,60032.46,1
679,2,1,35.0,1,130463.55,2,1.0,1.0,37341.17,0
770,1,1,46.0,9,190678.02,1,1.0,1.0,14725.36,0
571,0,0,23.0,10,151097.28,1,0.0,1.0,17163.75,0
575,1,1,53.0,1,84903.33,2,0.0,1.0,26015.8,0
628,2,1,27.0,5,95826.49,2,1.0,0.0,155996.95,0
587,0,0,36.0,1,134997.48,2,1.0,0.0,44688.08,0
596,0,1,36.0,2,0.0,2,1.0,1.0,12067.39,0
709,2,1,22.0,0,112949.71,1,0.0,0.0,155231.55,0
578,0,1,38.0,7,82259.29,1,1.0,0.0,8996.97,0
758,1,0,43.0,10,0.0,2,1.0,1.0,55313.44,0
711,0,0,37.0,8,113899.92,1,0.0,0.0,80215.2,0
493,0,0,31.0,3,0.0,1,1.0,1.0,176570.28,1
678,0,0,32.0,9,0.0,1,1.0,1.0,148210.64,0
773,0,1,45.0,8,96877.21,1,1.0,1.0,113950.51,0
727,2,1,37.0,9,101191.83,1,1.0,1.0,34551.35,1
724,2,0,53.0,1,139687.66,2,1.0,1.0,12913.92,0
652,0,1,30.0,2,176166.56,2,1.0,1.0,152210.81,0
729,2,1,26.0,4,97268.1,2,1.0,0.0,39356.38,0
618,0,1,48.0,7,0.0,1,1.0,0.0,13921.82,1
757,2,0,34.0,1,129398.01,2,0.0,0.0,44965.44,0
423,0,0,36.0,5,97665.61,1,1.0,0.0,118372.55,1
601,1,0,20.0,9,122446.61,2,1.0,0.0,86791.9,0
756,2,0,26.0,5,155143.52,1,0.0,1.0,135034.56,1
487,2,0,46.0,4,135070.58,2,1.0,1.0,44244.49,1
742,2,0,41.0,4,92805.72,1,0.0,1.0,73743.95,1
700,1,1,54.0,1,79415.67,1,0.0,1.0,139735.55,0
755,0,1,41.0,6,104817.41,1,1.0,0.0,126013.58,1
418,0,1,36.0,7,90145.04,1,1.0,1.0,69157.93,0
751,0,1,29.0,3,159597.45,1,1.0,0.0,39934.41,0
642,0,0,41.0,7,115171.71,1,1.0,1.0,37674.47,0
684,2,0,63.0,3,81245.79,1,1.0,0.0,69643.31,1
800,0,0,40.0,5,97764.41,1,1.0,0.0,98640.15,1
666,0,0,41.0,10,141162.08,1,1.0,0.0,50908.48,0
644,0,1,28.0,7,155060.4,1,1.0,0.0,29179.52,0
799,0,1,70.0,8,70416.75,1,1.0,1.0,36483.52,0
642,0,1,36.0,4,0.0,2,1.0,1.0,195224.9,0
601,0,1,74.0,2,0.0,2,0.0,1.0,51554.58,0
603,2,1,46.0,4,98899.76,2,1.0,1.0,86190.34,0
692,0,1,28.0,5,61581.97,1,1.0,1.0,70179.91,0
747,0,1,42.0,4,80214.36,1,1.0,0.0,115241.96,1
716,0,1,41.0,9,0.0,1,1.0,1.0,113267.48,0
658,0,0,39.0,4,0.0,1,1.0,1.0,147530.06,0
812,0,1,32.0,5,133050.97,2,1.0,0.0,89385.92,0
692,0,1,69.0,10,154953.94,1,1.0,1.0,70849.47,0
505,1,1,35.0,8,116932.59,1,1.0,0.0,91092.84,0
688,1,0,33.0,2,0.0,1,0.0,0.0,27557.18,1
640,0,0,42.0,5,176099.12,1,1.0,1.0,8404.73,0
663,1,1,64.0,6,0.0,2,0.0,1.0,15876.52,0
556,2,1,37.0,9,145018.64,2,1.0,0.0,90928.02,1
648,2,0,32.0,8,157138.98,3,1.0,0.0,190994.48,1
594,0,1,57.0,6,0.0,1,1.0,0.0,19376.56,1
696,0,1,22.0,9,149777.0,1,1.0,1.0,198032.94,0
713,0,1,41.0,3,0.0,2,1.0,0.0,55772.04,0
738,0,1,29.0,2,0.0,2,1.0,1.0,170421.12,0
749,2,1,47.0,9,110022.74,1,0.0,1.0,135655.3,1
629,0,0,40.0,9,137409.19,1,1.0,0.0,175877.7,1
584,2,1,42.0,3,137479.12,1,1.0,0.0,25669.1,0
480,1,1,47.0,8,75408.33,1,1.0,0.0,25887.89,1
773,2,1,34.0,10,126979.75,1,0.0,0.0,36823.28,0
705,1,1,46.0,7,0.0,2,1.0,0.0,117273.35,0
631,1,1,46.0,9,160736.62,1,0.0,1.0,93503.02,0
850,0,0,47.0,9,137301.88,1,1.0,0.0,44351.77,0
809,0,1,36.0,9,68881.59,2,0.0,1.0,109135.11,0
540,0,0,40.0,3,165298.12,1,0.0,1.0,199862.75,0
807,1,0,42.0,1,0.0,1,1.0,0.0,16500.66,1
700,2,0,30.0,4,116377.48,1,1.0,1.0,134417.31,0
551,1,1,76.0,2,128410.71,2,1.0,1.0,181718.73,0
605,0,1,52.0,1,63349.75,1,1.0,0.0,108887.44,0
611,0,1,38.0,4,71018.6,2,1.0,0.0,2444.29,0
665,0,1,25.0,7,90920.75,1,0.0,1.0,112256.57,0
604,2,1,25.0,7,165413.44,1,1.0,1.0,35279.74,0
722,1,0,35.0,1,120171.58,1,1.0,0.0,125240.8,0
511,0,0,33.0,3,0.0,2,1.0,0.0,132436.7,0
759,1,1,31.0,8,0.0,2,1.0,1.0,99086.74,0
850,0,0,46.0,2,157866.77,1,1.0,1.0,18986.12,0
757,1,1,44.0,5,140856.16,2,1.0,0.0,158735.1,0
850,2,0,30.0,3,104911.35,2,1.0,1.0,42933.26,0
678,0,0,41.0,9,0.0,1,0.0,0.0,13160.03,0
831,2,1,44.0,3,111100.98,1,1.0,1.0,28144.07,1
628,0,1,69.0,5,0.0,2,1.0,1.0,181964.6,0
783,2,0,41.0,5,106640.5,1,1.0,0.0,176945.95,0
739,1,1,60.0,4,0.0,1,1.0,1.0,51637.67,0
520,0,1,58.0,3,0.0,2,0.0,1.0,32790.02,0
846,1,1,61.0,0,0.0,2,1.0,1.0,96202.44,0
631,2,1,37.0,9,131519.48,2,1.0,1.0,51752.18,0
576,0,1,36.0,6,0.0,2,1.0,1.0,48314.0,0
582,1,1,26.0,4,65848.36,2,1.0,0.0,30149.21,0
643,1,1,35.0,2,0.0,2,0.0,0.0,67979.35,0
761,1,1,27.0,8,0.0,2,1.0,0.0,63297.7,0
488,0,0,31.0,8,97588.6,1,0.0,0.0,124210.53,0
514,1,1,66.0,9,0.0,2,1.0,1.0,14234.31,0
763,0,1,40.0,3,0.0,2,1.0,0.0,134281.11,0
731,1,1,41.0,4,0.0,2,1.0,0.0,22299.27,0
628,1,0,39.0,8,107553.33,1,1.0,0.0,117523.41,0
644,2,0,51.0,4,95560.04,1,0.0,0.0,72628.84,1
507,1,1,32.0,7,0.0,2,1.0,0.0,67926.18,0
733,0,1,64.0,3,0.0,2,1.0,1.0,75272.63,0
673,1,0,37.0,0,0.0,2,0.0,0.0,82351.06,0
637,1,0,22.0,5,98800.0,1,1.0,0.0,122865.55,0
673,0,1,37.0,4,0.0,2,0.0,0.0,163563.06,0
526,0,1,42.0,1,0.0,1,0.0,1.0,168486.02,0
747,2,1,36.0,8,102603.3,2,1.0,1.0,180693.61,0
814,0,1,49.0,8,0.0,2,0.0,0.0,157822.55,0
754,1,1,39.0,6,170184.98,2,1.0,0.0,89593.26,0
698,1,1,38.0,10,95010.92,1,1.0,1.0,105227.86,0
712,0,1,23.0,2,0.0,2,0.0,1.0,66795.78,0
484,2,0,34.0,4,148249.55,1,0.0,1.0,33738.27,0
698,2,0,64.0,1,169362.44,1,1.0,0.0,84760.32,1
564,2,1,40.0,7,108407.34,1,1.0,1.0,83681.2,0
694,0,0,29.0,5,99713.87,1,0.0,0.0,112317.89,0
687,0,1,35.0,8,0.0,2,1.0,0.0,10334.05,0
579,2,0,64.0,6,145215.44,1,1.0,1.0,164083.72,0
726,1,1,30.0,8,134152.3,1,1.0,1.0,147822.44,0
537,0,1,26.0,7,106397.75,1,0.0,0.0,103563.23,0
497,2,1,35.0,7,110053.62,2,1.0,1.0,92887.06,0
789,0,1,37.0,3,0.0,1,1.0,0.0,121883.87,1
729,1,0,34.0,9,53299.96,2,1.0,1.0,42855.97,0
713,0,1,36.0,8,133889.34,1,1.0,1.0,143265.66,0
684,0,0,48.0,3,73309.38,1,0.0,0.0,21228.34,1
701,0,1,37.0,8,130091.5,1,1.0,1.0,120031.29,0
540,0,1,22.0,4,0.0,3,1.0,1.0,186233.27,1
713,1,0,26.0,4,122857.46,2,1.0,0.0,144682.17,1
745,0,0,55.0,9,110123.59,1,0.0,1.0,51548.14,1
753,0,0,39.0,7,155062.8,1,1.0,1.0,16460.77,0
678,0,0,31.0,1,0.0,2,0.0,1.0,130446.65,0
719,1,0,32.0,7,0.0,1,0.0,0.0,76264.27,0
620,0,1,36.0,8,0.0,2,1.0,1.0,145937.98,0
649,1,0,32.0,7,0.0,1,1.0,0.0,28797.32,0
530,2,1,33.0,9,75242.28,1,0.0,1.0,101694.67,0
802,2,1,37.0,9,115569.21,1,0.0,1.0,119782.89,0
796,0,1,24.0,8,0.0,2,1.0,0.0,61349.37,0
850,2,1,28.0,4,147972.19,1,1.0,0.0,60708.72,1
584,1,0,37.0,8,0.0,2,0.0,1.0,100835.19,0
798,0,0,37.0,4,111723.08,1,1.0,1.0,83478.12,0
793,1,1,29.0,8,96674.55,2,0.0,0.0,192120.66,0
656,1,1,32.0,5,136963.12,1,1.0,0.0,133814.28,0
845,1,0,52.0,0,0.0,1,1.0,0.0,31726.76,1
596,1,1,41.0,5,0.0,2,0.0,1.0,141053.84,0
735,0,1,43.0,9,127806.91,1,1.0,1.0,73069.59,0
743,1,1,43.0,2,161807.19,2,0.0,1.0,93228.86,1
697,0,0,49.0,7,195238.3,4,0.0,1.0,131083.56,1
500,0,1,45.0,2,109162.82,1,1.0,1.0,126145.08,0
717,1,0,34.0,1,0.0,2,1.0,0.0,119313.74,0
834,2,0,68.0,9,130169.27,2,0.0,1.0,93112.2,0
831,0,0,32.0,2,146033.62,1,1.0,0.0,191260.73,0
805,0,1,46.0,6,118022.06,3,1.0,0.0,162643.16,1
695,1,0,31.0,5,0.0,2,0.0,1.0,13998.88,0
573,2,1,35.0,9,134498.55,2,1.0,1.0,119924.8,0
773,1,0,41.0,5,0.0,1,1.0,0.0,28266.9,1
626,2,1,35.0,4,88109.81,1,1.0,1.0,32825.5,0
658,2,1,31.0,2,77082.65,2,0.0,0.0,13482.28,0
725,0,1,46.0,6,0.0,2,1.0,0.0,161767.38,0
724,0,0,69.0,5,117866.92,1,1.0,1.0,62280.91,0
547,2,0,39.0,6,74596.15,3,1.0,1.0,85746.52,1
577,1,1,51.0,2,108867.0,1,0.0,0.0,140800.66,1
655,0,0,50.0,10,0.0,4,1.0,0.0,179267.94,1
486,0,0,39.0,8,97819.36,1,0.0,1.0,120531.31,0
585,2,1,44.0,7,163867.86,1,1.0,1.0,112333.22,0
631,0,1,36.0,1,0.0,2,0.0,0.0,133141.34,0
634,2,1,35.0,6,116269.01,1,1.0,0.0,129964.94,0
693,2,0,37.0,6,95900.04,1,1.0,1.0,38196.24,0
583,2,1,27.0,4,105907.42,2,1.0,1.0,195732.05,0
558,0,0,41.0,6,0.0,1,1.0,1.0,143585.3,1
693,0,1,40.0,4,130661.96,1,1.0,1.0,101918.96,0
612,2,0,36.0,2,130700.92,2,0.0,0.0,77592.8,0
498,2,1,25.0,8,121702.73,1,1.0,1.0,132210.48,0
666,0,0,66.0,7,0.0,2,1.0,1.0,99792.82,0
622,0,0,31.0,1,89688.94,1,1.0,1.0,152305.47,0
532,0,1,44.0,3,148595.55,1,1.0,0.0,74838.64,1
637,2,0,36.0,10,145750.45,2,1.0,1.0,96660.76,0
709,2,1,45.0,4,122917.71,1,1.0,1.0,11.58,1
625,2,1,26.0,3,130483.95,1,1.0,0.0,122810.53,0
708,1,0,35.0,8,122570.69,1,0.0,0.0,199005.88,0
602,2,0,26.0,8,113674.2,1,1.0,0.0,197861.16,1
659,2,1,36.0,4,132578.92,2,1.0,0.0,84320.94,0
699,0,1,30.0,9,0.0,1,1.0,1.0,108162.13,0
850,1,0,38.0,3,0.0,2,0.0,1.0,179360.77,0
656,0,0,46.0,5,113402.14,2,1.0,1.0,138849.06,0
626,2,1,39.0,10,132287.92,3,1.0,1.0,51467.92,1
750,2,1,40.0,5,168286.81,3,1.0,0.0,20451.99,1
479,0,0,26.0,1,0.0,2,1.0,1.0,19116.97,0
678,0,0,35.0,4,0.0,1,1.0,0.0,125518.32,0
599,1,0,39.0,4,0.0,1,1.0,0.0,194273.2,1
569,2,1,25.0,9,173459.45,2,1.0,1.0,44381.06,0
511,0,0,30.0,5,0.0,2,1.0,0.0,143994.86,0
749,2,0,44.0,0,71497.79,2,0.0,0.0,151083.8,0
543,0,1,36.0,6,0.0,2,1.0,0.0,176728.28,0
658,0,1,29.0,3,145512.84,1,1.0,0.0,20207.02,0
624,1,1,51.0,5,174397.2,2,1.0,1.0,172372.62,0
785,1,1,41.0,7,0.0,2,1.0,1.0,199108.88,0
602,0,1,59.0,7,0.0,2,1.0,1.0,162347.05,0
643,0,0,31.0,3,167949.48,1,1.0,0.0,143162.34,0
714,2,0,36.0,1,101609.01,2,1.0,1.0,447.73,0
546,1,0,45.0,2,0.0,1,0.0,0.0,197789.83,1
670,2,1,31.0,1,142631.55,2,1.0,1.0,175894.23,0
733,0,1,42.0,9,120094.93,1,1.0,0.0,184056.45,0
599,1,0,37.0,2,0.0,2,1.0,1.0,143739.3,0
755,0,1,38.0,9,148912.44,1,1.0,0.0,80416.16,0
586,0,1,32.0,1,0.0,2,0.0,0.0,31635.99,0
543,1,0,46.0,5,140355.6,1,1.0,1.0,85086.78,0
732,2,0,29.0,1,154333.81,1,1.0,1.0,138527.56,0
677,0,1,27.0,2,0.0,2,1.0,1.0,20092.89,0
836,0,0,29.0,9,133681.78,1,1.0,1.0,153747.73,0
715,0,0,31.0,3,110581.29,1,1.0,1.0,94715.24,0
582,2,1,26.0,6,114450.32,1,1.0,1.0,14081.64,0
755,2,0,45.0,7,135643.0,1,0.0,0.0,143619.52,1
719,2,0,42.0,5,137227.05,3,1.0,0.0,149097.38,1
657,1,1,42.0,5,41473.33,1,1.0,0.0,112979.6,1
786,1,1,31.0,9,0.0,2,1.0,1.0,18210.36,0
650,0,1,37.0,5,106967.18,1,0.0,0.0,24495.03,0
724,2,1,33.0,5,103564.83,2,1.0,0.0,121085.72,0
642,0,1,25.0,7,0.0,2,1.0,0.0,102083.78,0
808,1,0,67.0,10,124577.15,1,0.0,1.0,169894.4,0
550,0,1,38.0,9,140278.98,3,1.0,1.0,171457.06,1
500,0,0,34.0,4,0.0,2,1.0,0.0,12833.96,0
549,0,1,29.0,3,0.0,2,1.0,0.0,146090.38,0
605,0,1,32.0,9,0.0,2,1.0,1.0,55724.24,0
537,0,1,39.0,2,0.0,2,1.0,1.0,137651.6,0
603,0,0,34.0,9,0.0,2,1.0,0.0,167916.34,0
669,0,0,29.0,7,146011.4,1,0.0,0.0,50249.16,0
382,1,1,36.0,0,0.0,1,1.0,1.0,179540.73,1
681,1,1,30.0,2,128393.29,1,1.0,1.0,180593.45,0
645,0,0,55.0,7,0.0,2,1.0,1.0,18369.33,0
696,0,0,25.0,8,126442.59,1,1.0,0.0,121904.44,0
641,1,1,42.0,9,132657.55,1,1.0,0.0,35367.19,0
563,2,1,44.0,7,105007.31,2,1.0,1.0,197812.16,0
434,2,1,71.0,9,119496.87,1,1.0,0.0,125848.88,0
493,0,1,38.0,3,134006.77,1,1.0,0.0,89578.32,0
719,0,1,32.0,9,146605.27,1,1.0,1.0,77119.45,0
810,0,1,33.0,6,0.0,2,1.0,1.0,77965.67,0
606,2,1,65.0,10,126306.64,3,0.0,0.0,7861.68,1
692,0,0,28.0,8,95059.02,2,1.0,0.0,44420.18,0
654,0,1,36.0,2,112262.84,1,1.0,0.0,12873.39,0
749,0,1,24.0,1,0.0,3,1.0,1.0,47911.03,0
594,2,0,26.0,6,135067.52,2,0.0,0.0,131211.86,0
723,0,0,35.0,0,0.0,2,0.0,1.0,61290.99,0
546,2,0,74.0,8,114888.74,2,1.0,1.0,66732.63,1
788,1,0,70.0,1,0.0,2,1.0,1.0,41610.62,0
562,0,1,48.0,3,92347.96,1,1.0,1.0,163116.75,0
678,1,0,40.0,3,128398.38,1,1.0,0.0,168658.3,0
733,1,0,30.0,0,83319.28,1,0.0,0.0,57769.2,0
587,1,0,34.0,1,0.0,2,1.0,1.0,97932.68,0
643,2,1,59.0,3,170331.38,1,1.0,1.0,32171.79,0
754,2,0,48.0,7,141819.02,1,1.0,0.0,93550.53,1
602,2,1,32.0,7,184715.86,2,1.0,0.0,113781.99,0
656,0,1,37.0,2,0.0,2,0.0,1.0,67840.81,0
585,0,1,42.0,2,0.0,2,1.0,1.0,18657.77,0
619,0,0,35.0,8,132292.62,1,1.0,0.0,65682.93,0
559,0,1,45.0,8,24043.45,1,0.0,1.0,169781.45,1
763,2,0,61.0,1,66101.89,1,1.0,1.0,143981.27,0
850,1,1,37.0,2,0.0,2,1.0,0.0,119969.99,0
675,0,1,35.0,8,0.0,2,1.0,1.0,56642.97,0
540,2,1,35.0,7,127801.88,1,0.0,1.0,84239.46,0
734,1,0,39.0,6,92126.26,2,0.0,0.0,112973.34,0
652,2,0,45.0,9,110827.49,1,1.0,1.0,153383.55,1
493,0,0,36.0,5,148667.81,2,1.0,0.0,56092.51,0
735,0,1,49.0,5,121973.28,1,1.0,0.0,148804.36,0
731,2,1,37.0,3,116880.53,1,0.0,0.0,172718.34,1
698,2,0,52.0,1,107906.75,1,1.0,0.0,168886.39,1
585,1,1,36.0,10,0.0,2,1.0,1.0,180318.6,0
534,0,1,41.0,9,0.0,2,1.0,0.0,13871.34,0
540,1,0,28.0,6,84121.04,1,0.0,1.0,80698.54,0
776,0,0,29.0,7,178171.05,2,1.0,1.0,115818.51,0
725,0,1,45.0,1,129855.32,1,0.0,0.0,24218.65,0
646,1,0,42.0,3,99836.47,1,0.0,1.0,22909.56,0
581,1,0,31.0,6,0.0,2,1.0,0.0,188377.2,0
677,2,0,41.0,8,146720.98,2,1.0,1.0,4195.84,0
514,1,1,30.0,7,0.0,1,0.0,1.0,125010.24,0
641,0,1,37.0,6,0.0,2,1.0,0.0,45309.24,0
818,2,1,43.0,10,105301.5,1,1.0,1.0,78941.59,0
746,1,1,36.0,2,0.0,2,1.0,1.0,16436.56,0
613,2,1,33.0,3,155736.42,2,1.0,1.0,57751.21,0
684,0,1,35.0,6,135871.5,1,1.0,1.0,87219.41,0
711,0,0,41.0,3,145754.9,1,1.0,1.0,101455.07,0
631,2,1,37.0,8,138292.64,2,0.0,0.0,152422.9,1
542,1,1,43.0,6,113567.94,1,1.0,0.0,89543.25,0
615,0,1,39.0,4,133707.1,1,1.0,1.0,108152.75,0
659,0,0,32.0,9,0.0,2,1.0,1.0,93155.75,0
640,2,1,39.0,9,131607.28,4,0.0,1.0,6981.43,1
642,0,1,40.0,1,154863.16,1,1.0,1.0,138052.52,0
584,1,0,50.0,1,0.0,1,0.0,1.0,152567.75,1
568,2,0,26.0,10,109819.16,2,1.0,0.0,154491.39,0
729,0,0,32.0,7,38550.06,1,0.0,1.0,179230.23,0
508,0,0,64.0,2,0.0,1,1.0,1.0,6076.62,0
684,0,1,34.0,9,0.0,2,1.0,1.0,65257.57,0
704,0,1,50.0,4,165438.27,1,1.0,0.0,120770.75,1
626,1,0,37.0,6,108269.37,1,1.0,0.0,5597.94,0
711,0,1,34.0,8,0.0,2,0.0,0.0,48260.19,0
622,0,0,38.0,4,98640.74,1,1.0,1.0,110457.99,0
572,1,1,23.0,2,126873.52,1,0.0,1.0,67040.12,0
709,1,0,37.0,8,0.0,3,1.0,0.0,71738.56,0
814,1,0,72.0,2,0.0,2,0.0,1.0,130853.03,0
614,1,0,25.0,10,75212.28,1,1.0,0.0,58965.04,0
746,0,0,29.0,4,105599.67,1,1.0,1.0,43106.17,0
751,0,0,39.0,3,0.0,2,1.0,1.0,84175.34,0
497,0,0,29.0,4,85646.81,1,0.0,0.0,63233.02,1
558,1,1,45.0,4,0.0,1,1.0,0.0,131807.14,0
694,1,0,39.0,9,0.0,2,0.0,0.0,99924.04,0
552,1,1,45.0,9,0.0,2,1.0,0.0,26752.56,0
608,0,0,56.0,10,129255.2,2,1.0,0.0,142492.05,1
759,0,0,46.0,2,0.0,1,1.0,1.0,138380.11,0
432,1,1,38.0,7,0.0,2,1.0,0.0,150580.88,0
670,0,1,36.0,3,0.0,1,1.0,0.0,140754.19,1
665,0,0,40.0,6,0.0,1,1.0,1.0,161848.03,0
726,0,1,29.0,7,0.0,2,1.0,1.0,91844.14,1
666,0,0,59.0,5,0.0,2,1.0,1.0,185123.1,0
771,0,1,39.0,5,0.0,2,1.0,0.0,96270.64,0
651,0,1,36.0,7,0.0,2,1.0,0.0,13898.31,0
648,0,0,43.0,7,139972.19,1,1.0,0.0,143668.58,0
625,1,0,69.0,1,107569.96,1,1.0,1.0,182336.45,0
620,0,1,32.0,6,0.0,2,1.0,0.0,56139.09,0
647,1,0,64.0,1,91216.0,1,1.0,1.0,41800.18,0
643,0,0,51.0,2,105229.53,1,1.0,0.0,34967.75,1
670,1,1,67.0,6,158719.56,1,1.0,1.0,118607.4,0
655,2,1,52.0,9,144696.75,1,1.0,1.0,49025.79,0
619,2,1,38.0,10,84651.79,1,1.0,1.0,184754.27,0
604,0,1,28.0,7,0.0,2,0.0,0.0,58595.64,0
513,0,0,43.0,9,0.0,2,1.0,0.0,152499.8,0
707,0,1,33.0,8,136678.52,1,1.0,0.0,54290.62,0
535,1,0,30.0,5,122924.75,1,0.0,0.0,62390.59,1
721,2,0,36.0,3,65253.07,2,1.0,0.0,28737.78,0
677,0,0,72.0,8,0.0,2,1.0,1.0,153604.44,0
548,0,0,32.0,2,172448.77,1,1.0,0.0,188083.77,1
800,2,1,39.0,4,95252.72,1,1.0,0.0,13906.34,0
605,0,0,32.0,5,0.0,2,1.0,1.0,42135.28,0
675,0,1,39.0,1,0.0,2,1.0,0.0,153129.22,0
723,0,1,25.0,3,0.0,2,1.0,1.0,134509.47,0
555,2,1,48.0,3,142055.4,2,0.0,1.0,79134.78,0
660,0,0,38.0,5,110570.78,2,1.0,0.0,195906.6,0
620,0,1,41.0,0,97925.11,1,1.0,0.0,85000.32,0
432,0,0,27.0,6,62339.81,2,0.0,0.0,53874.67,0
703,0,0,45.0,5,0.0,2,1.0,0.0,131906.44,0
714,0,1,35.0,3,0.0,2,1.0,1.0,95623.28,0
523,0,1,39.0,3,0.0,2,1.0,0.0,6726.53,0
636,1,0,29.0,6,157576.47,2,1.0,1.0,101102.39,0
850,2,1,31.0,4,146587.3,1,1.0,1.0,89874.82,0
782,0,1,36.0,5,81210.72,2,0.0,1.0,108003.38,0
640,1,1,29.0,5,197200.05,2,1.0,0.0,141453.62,0
457,0,1,40.0,10,134320.23,2,1.0,0.0,150757.34,0
539,2,0,43.0,3,116220.5,3,1.0,0.0,55803.96,1
741,0,1,29.0,8,0.0,2,1.0,1.0,115994.52,0
555,0,0,27.0,8,102000.17,1,1.0,1.0,116757.0,0
554,0,0,38.0,3,138731.95,1,1.0,1.0,194138.36,0
782,0,1,34.0,9,0.0,1,1.0,0.0,183021.06,1
758,2,1,32.0,4,162657.64,2,1.0,1.0,115525.13,0
556,0,0,40.0,8,0.0,2,1.0,0.0,62112.7,0
490,0,0,35.0,7,107749.03,1,1.0,1.0,3937.37,0
684,0,1,38.0,5,105069.98,2,1.0,1.0,198355.28,0
663,0,0,27.0,9,0.0,2,1.0,0.0,150850.3,0
850,0,0,30.0,3,0.0,2,1.0,0.0,116692.8,0
738,0,1,39.0,5,0.0,2,1.0,1.0,114388.98,0
710,0,0,31.0,1,0.0,2,1.0,0.0,20081.3,0
811,0,1,46.0,9,180226.23,1,1.0,0.0,13464.64,1
550,0,1,37.0,3,0.0,1,1.0,1.0,179670.31,0
604,1,0,26.0,3,0.0,2,1.0,0.0,155248.62,0
595,2,0,25.0,7,106570.34,2,0.0,1.0,177025.8,0
513,1,1,39.0,7,89039.9,2,1.0,1.0,146738.83,0
579,2,1,49.0,4,169377.31,1,1.0,1.0,123535.05,0
621,1,1,53.0,9,170491.84,1,1.0,0.0,35588.07,1
547,0,0,48.0,1,179380.73,2,0.0,1.0,69263.1,0
540,2,1,37.0,3,129965.18,1,0.0,0.0,19374.08,0
638,2,0,37.0,7,124513.66,2,1.0,0.0,158610.89,0
651,1,1,42.0,2,143145.88,2,1.0,0.0,43612.06,0
763,0,0,31.0,4,0.0,2,0.0,0.0,50404.72,0
565,2,0,38.0,2,158651.3,2,1.0,1.0,179445.28,0
698,0,1,38.0,2,130015.24,1,1.0,1.0,41595.3,0
794,1,0,22.0,4,114440.24,1,1.0,1.0,107753.07,0
728,0,0,59.0,4,0.0,1,1.0,1.0,163365.84,1
721,2,1,37.0,3,107720.64,1,1.0,1.0,158591.12,0
735,0,0,25.0,3,91718.8,1,0.0,0.0,28411.23,0
582,0,0,40.0,9,0.0,3,1.0,1.0,60954.45,0
649,1,1,29.0,2,45022.23,1,1.0,1.0,173495.77,0
741,0,1,42.0,6,106036.52,1,1.0,0.0,194686.78,1
470,0,1,30.0,3,101140.76,1,1.0,1.0,50906.65,0
655,0,0,20.0,7,134397.61,1,0.0,0.0,28029.54,0
714,2,1,53.0,1,99141.86,1,1.0,1.0,72496.05,1
567,0,1,59.0,3,0.0,2,1.0,0.0,25843.7,1
634,2,0,59.0,3,95727.05,1,0.0,0.0,97939.4,1
699,1,0,29.0,9,127570.93,2,1.0,0.0,164756.81,0
571,0,0,53.0,2,0.0,2,1.0,0.0,28045.77,0
544,0,1,48.0,10,78314.63,3,1.0,1.0,103713.93,1
616,0,1,34.0,10,0.0,2,1.0,0.0,25662.27,0
449,0,1,52.0,6,0.0,2,0.0,1.0,123622.0,0
520,1,0,42.0,6,0.0,2,1.0,1.0,34410.55,0
745,2,1,35.0,4,98270.34,1,1.0,0.0,133617.44,0
850,2,0,33.0,2,83415.04,1,0.0,1.0,74917.64,0
835,0,1,25.0,7,0.0,2,1.0,1.0,83449.65,0
668,0,0,35.0,6,102482.76,1,1.0,1.0,53994.64,0
515,2,1,60.0,9,113715.36,1,1.0,0.0,18424.24,1
617,0,0,35.0,2,104508.1,1,1.0,1.0,147636.45,0
682,0,1,37.0,5,0.0,2,0.0,1.0,112554.68,0
574,2,1,33.0,3,129834.67,1,1.0,0.0,193131.42,0
756,1,1,19.0,4,130274.22,1,1.0,1.0,133535.3,0
493,0,0,37.0,8,142987.45,2,1.0,0.0,158840.98,0
701,1,0,21.0,9,0.0,2,1.0,1.0,26327.42,0
696,0,1,19.0,1,110928.51,1,1.0,1.0,2766.63,0
794,1,1,45.0,8,88656.37,2,1.0,0.0,116547.31,0
519,0,1,42.0,8,0.0,2,1.0,1.0,101485.72,0
633,0,0,39.0,9,129189.15,2,0.0,0.0,170998.83,0
666,1,1,35.0,2,104832.49,1,1.0,0.0,175015.12,0
696,0,1,34.0,9,150856.8,1,0.0,1.0,8236.78,0
835,0,0,56.0,2,0.0,2,1.0,1.0,39820.13,0
717,0,1,42.0,5,0.0,2,1.0,0.0,172665.2,0
539,0,1,39.0,6,0.0,2,1.0,1.0,86767.48,0
745,1,0,54.0,8,0.0,1,1.0,0.0,173912.3,1
778,1,1,40.0,8,104291.41,2,1.0,1.0,117507.11,0
565,2,0,47.0,10,139756.12,1,1.0,0.0,165849.48,1
659,0,1,67.0,4,145981.88,1,1.0,1.0,131043.2,0
585,0,0,43.0,2,0.0,2,1.0,0.0,89402.54,0
826,1,0,56.0,8,174506.1,2,0.0,1.0,161802.81,1
592,0,1,71.0,4,0.0,2,0.0,1.0,17013.54,0
764,0,1,24.0,7,98148.61,1,1.0,0.0,26843.76,0
684,0,0,38.0,5,133189.4,1,0.0,0.0,127388.06,0
741,0,1,38.0,9,0.0,2,1.0,0.0,14379.01,0
703,0,1,37.0,8,105961.68,2,0.0,1.0,74158.8,0
547,1,0,31.0,9,0.0,2,0.0,0.0,99294.22,0
744,2,1,41.0,7,190409.34,2,1.0,1.0,138361.48,0
565,1,1,38.0,0,122447.76,1,0.0,0.0,67339.34,0
732,0,0,34.0,8,122338.43,2,1.0,0.0,187985.84,0
556,0,0,61.0,2,117419.35,1,1.0,1.0,94153.83,0
618,0,1,39.0,2,91068.56,1,1.0,0.0,26578.69,0
703,0,0,51.0,3,0.0,3,1.0,1.0,77294.56,1
701,0,1,37.0,1,0.0,2,1.0,0.0,163457.55,0
645,0,1,42.0,6,0.0,1,0.0,0.0,149807.02,0
638,0,1,46.0,9,139859.55,1,1.0,0.0,38967.29,0
550,2,1,36.0,2,113877.23,2,1.0,0.0,174921.9,0
752,0,0,41.0,8,0.0,2,1.0,0.0,139844.05,1
652,0,0,51.0,3,0.0,1,1.0,0.0,173989.47,1
619,2,0,52.0,8,124099.13,1,0.0,0.0,23904.52,0
680,0,1,31.0,10,113292.17,1,1.0,1.0,122639.73,0
582,1,1,25.0,9,148042.97,2,1.0,0.0,52341.15,0
707,0,1,58.0,6,89685.92,1,0.0,1.0,126471.13,0
718,2,1,43.0,5,132615.73,2,1.0,0.0,32999.1,0
749,2,0,40.0,8,141782.56,2,0.0,0.0,86333.63,0
585,2,0,28.0,9,135337.48,2,1.0,1.0,40385.61,0
760,1,0,41.0,6,0.0,2,0.0,0.0,101491.23,0
718,0,0,31.0,0,118100.59,2,1.0,0.0,103165.15,0
637,2,0,55.0,1,123378.2,1,1.0,0.0,81431.99,1
633,0,0,44.0,7,0.0,2,1.0,0.0,29761.29,0
660,1,1,33.0,2,80462.24,1,0.0,0.0,150422.34,0
681,0,1,43.0,3,66338.68,1,1.0,1.0,18772.5,1
542,1,1,35.0,2,174894.53,1,1.0,1.0,22314.55,0
634,2,0,37.0,7,143258.84,2,1.0,0.0,192721.98,0
583,0,1,48.0,3,91246.53,1,1.0,0.0,60017.46,1
444,0,1,43.0,3,0.0,2,1.0,1.0,159131.2,0
629,2,0,38.0,9,123948.85,1,1.0,0.0,76053.07,0
604,1,0,39.0,7,98544.11,1,1.0,1.0,52327.57,0
814,2,1,44.0,8,95488.82,2,0.0,0.0,107013.59,0
454,1,1,40.0,2,123177.01,1,1.0,0.0,148309.98,0
709,0,1,39.0,8,0.0,2,1.0,0.0,56214.09,0
499,1,1,39.0,6,0.0,2,1.0,1.0,81409.0,0
792,0,1,19.0,7,143390.52,1,1.0,0.0,33282.84,0
557,0,0,32.0,3,123502.53,1,1.0,1.0,69826.8,0
739,0,0,36.0,0,0.0,2,0.0,0.0,133465.56,0
574,0,0,34.0,7,152992.9,1,1.0,1.0,134691.2,0
578,0,1,34.0,4,175111.11,1,1.0,1.0,74858.3,0
671,0,0,31.0,6,0.0,2,1.0,1.0,15846.42,0
842,2,0,35.0,9,119948.09,1,1.0,0.0,48217.97,1
511,0,1,45.0,5,68375.27,1,1.0,0.0,193160.25,1
725,2,1,19.0,0,75888.2,1,0.0,0.0,45613.75,0
508,0,1,49.0,7,122451.46,2,1.0,1.0,75808.1,0
658,0,0,32.0,9,0.0,2,1.0,0.0,156774.75,0
685,0,1,58.0,1,104796.54,1,1.0,1.0,154181.4,0
598,0,1,60.0,4,0.0,1,1.0,0.0,197727.14,1
736,0,0,36.0,6,0.0,1,1.0,0.0,70496.66,0
769,1,1,39.0,9,0.0,1,1.0,1.0,47722.79,0
633,0,1,40.0,4,150578.0,1,0.0,1.0,34670.62,1
602,0,0,72.0,3,0.0,2,1.0,1.0,171260.66,0
706,0,0,35.0,8,178032.53,1,0.0,1.0,42181.68,0
669,1,1,51.0,3,88827.53,1,0.0,0.0,85250.77,1
575,0,1,36.0,1,0.0,1,0.0,1.0,94570.56,0
601,0,0,40.0,3,92055.36,1,0.0,1.0,164652.02,1
746,0,1,24.0,3,137492.34,2,0.0,1.0,170142.1,0
619,1,0,38.0,10,119658.49,1,1.0,1.0,8646.58,0
618,1,1,38.0,5,126473.99,1,1.0,0.0,91972.49,0
648,2,1,41.0,5,123049.21,1,0.0,1.0,5066.76,0
545,2,1,53.0,5,114421.55,1,1.0,0.0,180598.28,1
471,2,1,23.0,6,104592.55,2,1.0,0.0,131736.23,0
712,1,0,79.0,5,108078.56,1,1.0,1.0,174118.94,0
683,0,0,42.0,4,148283.94,1,1.0,1.0,44692.63,1
596,0,1,33.0,2,139451.67,1,0.0,0.0,63142.12,0
571,0,0,33.0,1,0.0,2,1.0,0.0,102750.7,0
705,0,1,25.0,9,0.0,2,0.0,1.0,112331.19,0
659,1,1,78.0,2,151675.66,1,0.0,1.0,49978.67,0
755,0,0,43.0,9,0.0,2,1.0,0.0,18066.69,0
542,0,0,43.0,8,145618.38,1,0.0,1.0,10350.74,0
649,0,0,46.0,2,0.0,2,1.0,1.0,66602.7,0
791,0,0,33.0,3,0.0,1,1.0,1.0,144413.92,1
602,1,0,42.0,1,138912.17,1,1.0,1.0,139494.75,0
543,2,0,57.0,1,106138.33,2,1.0,1.0,120657.32,1
783,1,0,44.0,3,81811.71,1,1.0,0.0,164213.53,1
767,2,1,23.0,2,139542.81,1,0.0,1.0,28038.28,0
650,2,1,26.0,4,214346.95,2,1.0,0.0,128815.33,0
769,0,1,31.0,4,61297.05,2,1.0,1.0,7118.02,0
573,1,1,41.0,5,0.0,2,0.0,1.0,14479.29,0
735,1,1,38.0,7,86131.71,2,0.0,0.0,93478.96,0
661,1,1,38.0,7,143006.7,1,1.0,1.0,15650.89,0
622,0,1,29.0,7,101486.96,1,1.0,1.0,8788.35,0
662,2,1,30.0,5,115286.68,2,1.0,1.0,149587.92,0
680,1,0,34.0,7,0.0,2,1.0,0.0,98949.85,0
503,1,1,32.0,9,100262.88,2,1.0,1.0,157921.25,0
656,0,0,30.0,4,74323.2,1,1.0,1.0,22929.08,0
590,1,0,23.0,7,0.0,2,1.0,0.0,196789.9,0
704,2,0,39.0,10,102556.18,2,1.0,0.0,171971.25,1
801,1,0,46.0,6,0.0,2,1.0,1.0,170008.73,0
749,0,1,41.0,5,57568.94,1,1.0,1.0,61128.29,0
449,1,1,32.0,0,155619.36,1,1.0,1.0,166692.03,0
679,2,1,52.0,9,135870.02,2,0.0,0.0,54038.62,0
716,2,1,50.0,2,119655.77,1,1.0,1.0,12944.17,1
543,0,0,32.0,7,147256.86,1,1.0,0.0,112771.95,0
729,0,1,32.0,6,93694.42,1,1.0,1.0,79919.13,0
536,0,0,22.0,5,89492.62,1,0.0,0.0,42934.43,0
683,0,1,31.0,2,0.0,2,0.0,1.0,77326.78,0
709,0,0,30.0,5,0.0,2,0.0,1.0,161388.22,0
649,1,1,51.0,4,0.0,1,1.0,1.0,150390.56,0
539,2,1,42.0,1,177728.55,1,1.0,0.0,105013.63,0
559,0,0,48.0,2,0.0,2,0.0,1.0,137961.4,0
556,0,0,52.0,9,0.0,1,1.0,0.0,175149.2,1
590,1,0,51.0,10,84474.62,2,1.0,1.0,190937.1,0
625,0,0,36.0,8,129944.39,2,0.0,0.0,198914.8,0
702,1,1,44.0,9,0.0,1,0.0,0.0,59207.41,1
751,2,1,34.0,9,108513.25,2,1.0,1.0,27097.82,0
479,0,1,40.0,1,0.0,2,0.0,0.0,114996.43,0
559,0,0,46.0,5,0.0,1,1.0,0.0,21006.1,1
582,0,1,50.0,2,148942.0,1,1.0,1.0,116944.3,0
767,0,0,42.0,2,133616.39,1,1.0,0.0,28615.8,0
637,1,0,54.0,5,0.0,1,0.0,1.0,150836.98,0
657,0,0,41.0,5,95858.37,1,1.0,1.0,68255.88,0
705,0,1,34.0,7,117715.84,1,1.0,0.0,2498.67,0
589,2,0,50.0,5,144895.05,2,1.0,1.0,34941.23,0
673,2,0,69.0,3,78833.15,2,1.0,1.0,37196.15,0
719,1,1,44.0,2,0.0,2,1.0,0.0,196582.19,0
631,1,0,41.0,0,0.0,1,0.0,0.0,87959.83,0
648,0,0,38.0,2,0.0,2,0.0,1.0,9551.49,0
850,2,1,37.0,9,122506.38,1,0.0,1.0,199693.84,1
705,1,0,23.0,5,0.0,2,1.0,1.0,73131.73,0
758,2,0,61.0,8,125397.21,1,1.0,0.0,182184.1,1
613,1,1,34.0,8,117300.02,1,1.0,0.0,139410.08,0
485,0,1,37.0,5,0.0,2,0.0,1.0,170226.47,0
634,0,0,45.0,2,0.0,4,1.0,0.0,101039.53,1
590,0,1,47.0,0,117879.32,1,1.0,1.0,8214.46,0
569,1,0,34.0,6,144855.34,1,0.0,0.0,196555.31,0
752,2,1,29.0,4,129514.99,1,1.0,1.0,102930.46,0
662,0,0,39.0,5,138106.75,1,0.0,0.0,19596.73,0
673,0,1,31.0,1,108345.22,1,0.0,1.0,38802.03,0
731,1,1,42.0,9,101043.63,1,1.0,1.0,192175.52,0
565,0,1,49.0,7,0.0,2,1.0,1.0,89609.26,0
582,0,0,38.0,9,135979.02,4,1.0,1.0,76582.95,1
643,0,1,34.0,7,0.0,2,0.0,1.0,100304.13,0
716,2,0,18.0,3,128743.8,1,0.0,0.0,197322.12,0
811,0,0,47.0,3,123365.34,2,0.0,0.0,171995.34,0
705,0,0,35.0,5,0.0,1,1.0,0.0,133991.11,1
581,0,1,30.0,1,0.0,2,1.0,0.0,199464.08,0
700,1,1,47.0,4,0.0,1,1.0,0.0,121798.52,1
594,0,1,37.0,2,0.0,2,0.0,1.0,95864.5,0
569,2,0,32.0,8,145330.44,1,1.0,1.0,132038.66,0
774,0,0,35.0,3,121418.62,1,1.0,1.0,24400.37,0
850,1,0,45.0,5,174088.3,4,1.0,0.0,5669.31,1
712,0,1,33.0,3,153819.58,1,1.0,0.0,79176.09,1
705,0,0,39.0,3,92224.56,1,1.0,1.0,54517.25,0
850,0,1,39.0,6,96863.13,1,1.0,1.0,121681.19,0
649,1,0,49.0,2,0.0,1,1.0,0.0,84863.85,1
518,0,1,59.0,5,138772.16,1,0.0,1.0,123872.0,0
553,0,1,31.0,6,0.0,2,0.0,0.0,124596.63,0
530,2,0,42.0,0,99948.45,1,0.0,1.0,97338.62,0
619,0,1,27.0,1,154483.98,1,1.0,0.0,156394.73,0
765,0,1,43.0,9,157960.48,2,0.0,0.0,136602.8,0
729,2,1,46.0,5,117837.43,1,1.0,0.0,104016.61,1
799,0,0,32.0,3,106045.92,2,1.0,1.0,17938.0,0
593,0,1,33.0,1,0.0,2,0.0,0.0,9984.4,0
638,0,1,41.0,1,131762.94,1,1.0,1.0,47675.29,0
748,0,0,39.0,9,132865.56,1,1.0,1.0,59636.43,1
516,0,0,45.0,4,0.0,1,1.0,0.0,95273.73,1
706,1,1,38.0,8,0.0,2,0.0,1.0,46635.11,0
679,2,1,58.0,8,125850.53,2,1.0,1.0,87008.17,0
597,0,0,29.0,1,132144.34,1,1.0,0.0,158086.33,0
667,0,1,41.0,6,0.0,2,0.0,0.0,167181.77,0
460,2,1,46.0,4,127559.97,2,1.0,1.0,126952.5,0
703,2,1,35.0,5,140691.08,2,1.0,0.0,167810.27,0
638,1,1,48.0,2,0.0,2,1.0,1.0,7919.08,0
651,2,1,26.0,5,147037.31,1,0.0,0.0,141763.27,0
658,0,1,36.0,8,174060.45,1,1.0,1.0,94925.62,0
722,0,1,46.0,6,0.0,1,1.0,1.0,93917.68,1
684,1,0,39.0,4,139723.9,1,1.0,1.0,120612.11,0
710,1,0,51.0,4,93656.95,1,0.0,1.0,141400.52,1
657,2,1,30.0,1,139762.12,2,1.0,1.0,23317.88,0
640,0,1,43.0,7,132412.38,1,0.0,0.0,69584.3,1
683,0,0,73.0,8,137732.23,2,1.0,1.0,133210.44,0
684,0,1,33.0,4,140700.61,1,1.0,0.0,103557.93,0
652,0,1,26.0,3,137998.2,2,0.0,1.0,168989.77,0
523,0,0,73.0,7,0.0,2,0.0,0.0,130883.9,1
786,0,1,34.0,3,137361.95,1,0.0,0.0,183682.1,0
633,0,1,25.0,1,0.0,1,1.0,0.0,100598.98,0
594,2,1,38.0,6,63176.44,2,1.0,1.0,14466.08,0
578,0,1,30.0,4,169462.1,1,1.0,0.0,112187.11,0
711,2,0,35.0,2,133607.75,1,1.0,1.0,120586.32,0
793,0,0,33.0,0,0.0,1,0.0,0.0,175544.02,0
671,1,1,58.0,1,178713.98,1,1.0,1.0,21768.21,0
741,2,0,19.0,8,108711.57,2,1.0,0.0,24857.25,0
515,1,1,35.0,10,176273.95,1,0.0,1.0,121277.78,0
656,1,1,26.0,4,139584.56,1,1.0,0.0,36308.93,0
646,0,1,50.0,0,104129.24,2,1.0,0.0,181794.86,1
425,1,0,22.0,7,169649.73,2,0.0,1.0,136365.0,1
559,1,1,67.0,9,125919.35,1,1.0,0.0,175910.95,1
800,1,1,38.0,9,0.0,1,1.0,0.0,78744.39,0
699,0,1,27.0,1,0.0,2,1.0,0.0,93003.21,0
631,0,0,34.0,4,124379.14,1,1.0,0.0,106892.91,0
668,2,0,32.0,10,92041.87,1,1.0,1.0,43595.9,0
479,1,1,48.0,5,87070.23,1,0.0,1.0,85646.41,0
666,2,1,30.0,3,110153.27,1,0.0,1.0,74849.46,0
621,2,0,34.0,2,91258.52,2,1.0,0.0,44857.4,0
596,1,1,32.0,4,0.0,2,0.0,1.0,146504.34,0
648,2,0,51.0,2,116574.84,1,1.0,0.0,4121.04,1
700,1,1,44.0,9,0.0,2,1.0,0.0,142287.66,0
593,0,0,29.0,2,152265.44,1,1.0,0.0,34004.44,0
648,2,0,43.0,1,107963.38,1,0.0,0.0,186438.86,1
558,0,1,32.0,10,105000.23,1,1.0,0.0,190019.61,0
551,0,1,37.0,3,0.0,2,1.0,1.0,50578.4,0
544,0,0,40.0,7,0.0,1,0.0,1.0,161076.92,0
508,2,1,28.0,0,96213.82,2,1.0,0.0,147913.56,0
541,2,1,40.0,7,95710.11,2,1.0,0.0,49063.42,0
746,0,1,25.0,9,0.0,2,0.0,1.0,88728.47,0
716,1,0,29.0,8,0.0,2,0.0,0.0,78616.92,0
510,0,0,26.0,6,136214.08,1,0.0,0.0,159742.33,0
476,0,0,32.0,6,111871.93,1,0.0,0.0,112132.86,0
657,0,0,37.0,2,0.0,2,1.0,1.0,7667.48,0
614,2,0,31.0,7,120599.38,2,1.0,1.0,46163.44,0
695,0,1,49.0,9,159458.53,1,1.0,0.0,135841.34,0
661,1,0,35.0,5,128415.45,1,1.0,0.0,142626.48,0
674,0,1,45.0,7,144889.19,1,1.0,1.0,102591.9,1
543,2,1,41.0,6,143350.4,1,1.0,1.0,192070.16,1
644,0,1,48.0,8,0.0,2,0.0,1.0,44965.54,1
689,0,1,47.0,1,93871.95,3,1.0,0.0,156878.42,1
576,0,1,55.0,9,0.0,2,1.0,1.0,94450.97,0
619,1,0,31.0,3,141751.81,1,0.0,1.0,61531.86,0
529,0,1,39.0,6,102025.08,2,1.0,0.0,12351.01,0
728,0,0,28.0,4,142243.55,2,1.0,0.0,33074.51,0
680,0,1,44.0,3,0.0,2,1.0,0.0,86935.08,0
826,0,1,26.0,5,142662.69,1,0.0,0.0,60285.3,0
739,2,1,32.0,3,102128.27,1,1.0,0.0,63981.37,1
687,1,0,44.0,7,0.0,3,1.0,0.0,155853.52,1
602,0,1,33.0,5,164704.38,1,0.0,1.0,180716.1,1
472,1,0,32.0,1,159397.75,1,0.0,1.0,57323.18,0
521,0,1,39.0,7,0.0,2,0.0,1.0,653.58,0
624,0,1,71.0,7,0.0,2,1.0,1.0,108841.83,0
577,1,0,39.0,4,0.0,2,1.0,0.0,91366.42,0
648,1,0,49.0,10,0.0,2,1.0,1.0,159835.78,1
597,1,1,43.0,2,85162.26,1,0.0,1.0,5104.08,1
658,1,1,21.0,7,0.0,2,0.0,1.0,154279.88,0
783,2,0,42.0,2,139707.28,1,1.0,0.0,2150.22,0
790,0,0,31.0,2,151290.16,1,1.0,1.0,172437.12,0
654,0,1,37.0,6,83568.55,1,1.0,0.0,47046.72,0
580,2,0,36.0,6,145387.31,2,1.0,1.0,169963.2,1
611,2,0,41.0,2,114206.84,1,1.0,0.0,164061.6,0
757,2,1,36.0,1,65349.71,1,0.0,0.0,64539.64,0
502,0,1,33.0,7,0.0,2,0.0,1.0,4082.52,0
661,2,1,35.0,8,124098.54,1,1.0,0.0,86678.48,0
445,1,1,45.0,10,0.0,2,0.0,1.0,90977.48,0
492,0,1,29.0,1,144591.95,1,1.0,1.0,196293.77,0
579,1,1,43.0,2,145843.81,1,1.0,1.0,198402.38,1
535,2,1,20.0,9,134874.4,1,1.0,1.0,118825.56,0
564,1,0,35.0,9,0.0,2,1.0,1.0,105837.38,0
532,1,0,66.0,3,0.0,1,1.0,1.0,115227.02,0
541,0,1,46.0,6,0.0,2,1.0,1.0,83456.67,0
585,0,1,55.0,10,106415.57,3,1.0,1.0,122960.98,1
755,2,1,38.0,4,111096.91,1,1.0,1.0,19762.88,0
502,0,1,33.0,8,0.0,2,1.0,1.0,123509.01,0
350,1,1,54.0,1,152677.48,1,1.0,1.0,191973.48,1
473,2,0,35.0,7,131504.73,1,1.0,0.0,189560.44,0
631,2,1,48.0,1,106396.48,1,1.0,1.0,150661.42,1
563,0,1,33.0,8,0.0,2,0.0,1.0,68815.05,0
800,0,0,38.0,2,168190.33,2,1.0,0.0,68052.08,0
655,0,0,60.0,3,0.0,2,1.0,1.0,86981.45,0
550,1,1,51.0,5,0.0,2,1.0,0.0,153917.4,0
555,2,0,46.0,4,120392.99,1,1.0,0.0,177719.88,1
598,0,0,64.0,9,0.0,1,0.0,1.0,13181.37,1
744,0,1,56.0,9,0.0,2,1.0,1.0,169498.61,0
771,0,1,32.0,5,62321.62,1,1.0,1.0,40920.59,0
629,1,0,44.0,6,125512.98,2,0.0,0.0,79082.76,0
550,0,1,32.0,8,97514.07,1,1.0,1.0,199138.84,0
807,2,1,47.0,1,171937.27,1,1.0,1.0,65636.92,0
850,2,1,38.0,7,101985.81,2,0.0,0.0,43801.27,0
609,1,1,39.0,2,139443.75,2,1.0,0.0,9234.06,0
681,0,0,79.0,0,0.0,2,0.0,1.0,170968.98,0
816,1,1,67.0,6,151858.98,1,1.0,1.0,72814.31,0
591,0,0,34.0,3,96127.27,1,0.0,0.0,30972.06,0
575,0,1,24.0,2,0.0,2,1.0,1.0,119927.81,0
543,2,1,48.0,1,100900.5,1,0.0,0.0,33310.72,1
700,1,0,40.0,2,0.0,2,1.0,0.0,199753.97,0
705,0,0,48.0,0,0.0,2,0.0,0.0,149772.61,0
747,2,1,38.0,2,129728.6,1,1.0,0.0,89289.54,0
486,2,1,62.0,9,118356.89,2,1.0,0.0,168034.83,1
615,0,1,41.0,4,130385.82,1,0.0,1.0,130661.95,0
508,0,0,31.0,7,0.0,2,1.0,1.0,6123.15,0
611,1,1,46.0,6,0.0,2,1.0,0.0,45886.33,0
617,1,1,42.0,0,70105.87,1,1.0,1.0,120830.73,0
647,2,0,51.0,1,119741.77,2,0.0,0.0,54954.51,1
654,0,1,29.0,7,0.0,2,1.0,1.0,149184.16,0
618,1,1,32.0,5,133476.1,1,0.0,1.0,154843.4,0
689,0,0,58.0,5,0.0,2,0.0,1.0,49848.86,0
789,2,1,43.0,8,119654.44,2,0.0,1.0,148412.23,1
772,1,1,30.0,4,78653.05,1,1.0,0.0,1790.48,0
658,0,1,31.0,5,100082.14,1,0.0,1.0,49809.88,0
694,1,0,37.0,3,0.0,2,1.0,1.0,147012.22,0
666,2,0,36.0,3,129118.5,2,0.0,0.0,139435.12,0
650,1,1,41.0,9,0.0,2,0.0,1.0,191599.67,0
549,2,0,55.0,1,137592.31,2,0.0,1.0,116548.02,1
735,0,1,55.0,6,134140.69,1,1.0,0.0,2267.88,0
477,0,1,27.0,1,128554.98,1,1.0,1.0,133173.19,0
631,1,1,29.0,3,0.0,2,1.0,1.0,197963.45,0
514,2,1,43.0,1,95556.31,1,0.0,1.0,199273.98,1
709,2,1,34.0,4,148375.19,2,1.0,1.0,21521.38,0
748,0,0,39.0,3,157371.55,1,0.0,1.0,97734.3,0
744,2,1,38.0,6,73023.17,2,1.0,0.0,78770.86,0
593,0,0,39.0,0,117704.73,1,1.0,0.0,197933.5,0
629,1,1,32.0,3,0.0,2,1.0,1.0,15404.64,0
807,2,0,31.0,1,93460.47,2,0.0,0.0,172782.69,0
728,2,1,45.0,3,108924.33,2,1.0,0.0,84300.4,1
533,1,1,38.0,1,135289.33,2,0.0,1.0,152956.33,0
543,0,0,71.0,1,104308.77,1,1.0,1.0,25650.04,0
850,2,1,36.0,5,119984.07,1,1.0,0.0,191535.11,1
586,0,0,43.0,8,132558.27,1,1.0,0.0,67046.83,1
732,2,0,61.0,9,94867.18,2,1.0,1.0,157527.6,1
581,1,1,43.0,9,78022.61,1,0.0,1.0,30662.91,0
470,0,0,25.0,8,127974.06,2,1.0,1.0,183259.34,0
667,0,1,42.0,9,0.0,2,0.0,1.0,58137.42,0
453,2,0,38.0,8,120623.21,1,1.0,0.0,129697.99,0
652,0,0,48.0,8,133297.23,1,1.0,0.0,77764.37,0
687,1,1,35.0,3,0.0,2,1.0,1.0,176450.19,0
759,0,0,31.0,1,109848.6,1,1.0,1.0,42012.55,0
724,2,1,41.0,2,127892.57,2,0.0,1.0,199645.45,0
622,1,0,36.0,0,108960.0,2,1.0,0.0,111180.3,1
609,1,1,34.0,7,140694.78,2,1.0,0.0,46266.63,0
809,1,0,33.0,3,0.0,2,0.0,1.0,141426.78,0
520,0,0,46.0,10,85216.61,1,1.0,0.0,117369.52,1
717,0,0,25.0,7,108664.85,2,1.0,0.0,190011.84,0
732,0,1,36.0,5,0.0,2,1.0,0.0,161428.25,0
697,0,1,36.0,7,0.0,2,1.0,1.0,74760.32,0
627,1,1,49.0,4,111087.5,1,0.0,1.0,146680.25,0
683,0,0,26.0,7,0.0,2,1.0,0.0,86619.77,0
652,2,1,46.0,10,121063.8,3,1.0,0.0,151481.86,1
631,2,1,40.0,3,107949.45,1,1.0,0.0,52449.62,1
662,0,0,37.0,6,0.0,2,1.0,0.0,51229.17,0
610,0,0,31.0,6,107784.65,1,1.0,1.0,141137.53,0
628,0,1,25.0,7,0.0,2,1.0,1.0,195977.75,0
663,1,0,58.0,5,216109.88,1,0.0,1.0,74176.71,1
616,1,0,44.0,7,193213.02,2,1.0,1.0,137392.77,0
617,0,0,28.0,0,0.0,2,1.0,1.0,7597.83,1
615,0,0,23.0,4,0.0,2,1.0,0.0,196476.19,0
646,0,1,30.0,5,98014.74,1,1.0,1.0,12757.14,0
757,0,0,44.0,4,123322.15,1,1.0,0.0,137136.3,0
828,1,1,34.0,9,0.0,2,1.0,1.0,81853.98,0
794,0,1,24.0,10,146126.75,1,1.0,1.0,88992.05,0
689,0,1,40.0,8,160272.27,1,1.0,0.0,49656.24,0
383,1,0,48.0,8,95808.19,1,0.0,0.0,137702.02,1
776,0,1,39.0,8,125211.55,2,1.0,0.0,144496.06,0
676,1,1,36.0,1,82729.49,1,1.0,0.0,113810.12,0
726,0,1,28.0,2,0.0,1,0.0,0.0,98060.51,0
615,1,1,61.0,9,0.0,2,1.0,0.0,150227.84,1
664,2,1,26.0,7,116244.14,2,1.0,1.0,95145.14,0
566,0,1,30.0,5,0.0,1,1.0,0.0,54926.51,1
591,0,0,31.0,7,0.0,2,0.0,1.0,48778.46,0
651,0,1,34.0,4,91562.99,1,1.0,1.0,123954.15,0
609,1,1,53.0,10,0.0,1,1.0,1.0,154642.9,0
784,1,1,35.0,3,0.0,2,0.0,0.0,81483.64,0
693,0,1,68.0,4,97705.99,1,1.0,1.0,61569.07,0
705,2,1,35.0,4,136496.12,2,1.0,0.0,116672.02,0
644,0,0,37.0,8,0.0,2,1.0,0.0,20968.88,0
645,2,1,41.0,2,93925.3,1,1.0,0.0,123982.14,1
678,2,1,83.0,6,123356.63,1,0.0,1.0,92934.41,0
683,0,1,25.0,4,0.0,2,1.0,0.0,152698.23,0
775,0,1,28.0,9,111167.7,1,1.0,0.0,149331.02,0
779,0,1,62.0,10,119096.55,1,0.0,1.0,116977.89,0
701,1,0,30.0,2,0.0,2,1.0,0.0,115650.63,0
520,2,0,23.0,3,116022.53,2,1.0,1.0,37577.66,0
645,0,1,19.0,9,128514.84,1,0.0,0.0,175969.19,0
614,0,0,37.0,8,75150.34,4,0.0,1.0,131766.67,1
782,0,1,39.0,8,0.0,2,1.0,1.0,33949.67,0
562,0,1,75.0,5,87140.85,1,1.0,1.0,39351.64,0
635,0,1,27.0,3,127009.83,1,1.0,0.0,161909.95,0
725,0,0,25.0,9,0.0,2,1.0,1.0,168607.73,0
719,1,1,44.0,4,0.0,1,0.0,0.0,84972.9,1
841,0,0,36.0,5,156021.31,1,0.0,0.0,122662.98,0
558,0,0,45.0,1,153697.53,2,0.0,0.0,89891.4,1
696,1,1,47.0,1,106758.6,1,1.0,1.0,80591.18,0
829,2,1,28.0,3,132405.52,3,1.0,0.0,104889.2,1
662,0,0,47.0,6,0.0,2,1.0,1.0,129392.75,0
683,0,1,47.0,1,0.0,2,1.0,0.0,148989.16,0
616,2,0,45.0,6,128352.59,3,1.0,1.0,144000.6,1
619,0,0,49.0,9,145359.98,1,1.0,0.0,38186.85,0
738,0,0,26.0,3,0.0,2,1.0,0.0,67484.16,0
678,2,1,32.0,4,139626.02,1,1.0,1.0,118235.52,1
604,0,0,32.0,7,127849.38,1,1.0,0.0,15798.7,0
546,0,0,47.0,8,0.0,1,1.0,1.0,66408.01,1
754,1,0,32.0,7,0.0,2,1.0,0.0,89520.75,0
579,0,1,35.0,1,0.0,2,1.0,0.0,4460.2,0
534,0,1,27.0,9,0.0,2,1.0,0.0,161344.12,0
618,0,0,42.0,2,0.0,4,0.0,0.0,111097.39,1
618,0,0,40.0,0,0.0,1,1.0,0.0,119059.13,0
653,0,0,40.0,0,0.0,2,1.0,0.0,35795.85,0
670,1,1,37.0,0,178742.7,1,1.0,1.0,194493.56,0
850,1,0,41.0,3,99945.93,2,1.0,0.0,71179.31,0
616,0,1,31.0,3,94263.91,2,1.0,0.0,168895.06,0
757,0,1,23.0,2,80673.96,2,1.0,0.0,93991.65,0
507,0,0,35.0,2,0.0,2,1.0,0.0,97633.93,0
835,2,1,18.0,2,142872.36,1,1.0,1.0,117632.63,0
668,0,1,42.0,8,187534.8,1,1.0,1.0,32900.41,1
518,0,0,45.0,8,0.0,2,1.0,1.0,36193.07,0
684,2,1,37.0,1,126817.13,2,1.0,1.0,29995.83,1
644,1,1,54.0,6,0.0,1,0.0,1.0,84622.37,0
749,0,0,35.0,3,0.0,3,1.0,1.0,132649.84,0
714,2,1,21.0,6,86402.52,2,0.0,0.0,27330.59,0
564,2,0,32.0,10,139875.2,2,1.0,0.0,15378.23,0
677,0,1,46.0,2,57037.74,1,1.0,1.0,158531.02,0
645,1,0,29.0,4,0.0,2,1.0,1.0,74346.11,0
516,0,1,27.0,9,0.0,1,1.0,0.0,142680.64,1
636,2,1,49.0,6,113599.74,2,1.0,0.0,158887.1,1
646,1,1,31.0,2,0.0,1,1.0,1.0,170821.44,1
574,2,1,35.0,5,163856.77,1,1.0,1.0,15118.2,0
604,0,0,56.0,0,62732.65,1,0.0,1.0,124954.56,0
742,2,1,27.0,5,190125.44,2,0.0,0.0,21793.59,0
656,2,0,27.0,3,150905.03,2,1.0,0.0,16998.72,0
652,1,1,28.0,8,156823.7,2,1.0,0.0,198251.52,0
766,2,1,27.0,5,126285.73,1,1.0,0.0,177614.17,1
500,1,1,40.0,1,99004.24,1,1.0,1.0,152845.98,0
443,2,0,29.0,9,99027.61,2,1.0,0.0,10940.4,0
711,1,1,42.0,3,177626.77,3,0.0,1.0,16392.72,1
612,1,0,36.0,5,119799.27,2,1.0,0.0,159416.58,0
634,1,0,35.0,10,0.0,1,1.0,0.0,82634.41,0
785,2,0,36.0,2,99806.85,1,0.0,1.0,36976.52,0
418,0,0,46.0,9,0.0,1,1.0,1.0,81014.5,1
676,0,0,36.0,3,91711.59,1,1.0,1.0,95393.43,0
675,1,1,36.0,9,106190.55,1,0.0,1.0,22994.32,0
728,0,1,33.0,8,129907.63,1,0.0,1.0,36083.96,0
469,1,1,35.0,5,0.0,2,1.0,0.0,186490.38,0
631,1,0,31.0,2,88161.85,2,1.0,0.0,127630.88,0
427,0,1,29.0,1,141325.56,1,1.0,1.0,93839.3,0
777,0,1,37.0,1,0.0,1,1.0,1.0,126837.72,0
698,0,1,27.0,7,0.0,2,1.0,0.0,111471.55,0
610,2,1,49.0,6,113882.33,1,1.0,0.0,195813.81,1
686,2,1,39.0,3,129626.19,2,1.0,1.0,103220.56,0
739,2,1,58.0,1,110597.76,1,0.0,1.0,160122.66,1
594,1,0,24.0,0,97378.54,1,1.0,1.0,71405.17,0
678,0,0,50.0,6,0.0,1,1.0,0.0,8199.5,0
537,0,0,41.0,0,0.0,2,0.0,1.0,175262.48,0
541,2,0,39.0,9,100116.67,1,1.0,1.0,199808.1,1
651,2,1,35.0,8,110067.71,1,1.0,0.0,127678.95,1
565,0,0,38.0,5,126645.13,1,1.0,1.0,168303.55,0
567,1,1,43.0,2,115643.58,2,0.0,0.0,174606.34,0
695,0,0,50.0,8,0.0,1,1.0,0.0,126381.6,1
464,1,0,34.0,5,76001.57,1,1.0,1.0,158668.88,0
625,0,1,36.0,9,108546.16,3,1.0,0.0,133807.77,1
677,0,1,58.0,9,0.0,1,0.0,1.0,168650.4,0
698,0,0,57.0,9,111359.55,2,1.0,0.0,105715.01,0
604,1,0,34.0,3,0.0,2,1.0,0.0,38587.7,0
588,0,1,32.0,1,0.0,2,1.0,1.0,8763.87,0
629,2,0,37.0,1,35549.81,2,0.0,0.0,49676.33,0
774,1,1,46.0,9,0.0,2,1.0,1.0,34774.26,0
700,1,1,29.0,8,0.0,2,0.0,1.0,152097.02,0
466,0,0,41.0,3,33563.95,2,1.0,0.0,178994.12,1
653,1,1,55.0,2,70263.83,1,0.0,1.0,62347.71,0
614,2,0,39.0,8,125997.22,1,1.0,1.0,128049.34,1
715,0,0,38.0,5,118590.41,1,1.0,1.0,5684.17,1
521,2,0,40.0,9,134504.78,1,1.0,0.0,18082.06,0
576,0,1,41.0,1,0.0,1,1.0,1.0,188274.6,0
498,2,0,44.0,2,120702.67,2,1.0,1.0,98175.74,0
718,0,1,33.0,7,102874.28,1,0.0,0.0,117841.06,0
624,1,0,28.0,2,0.0,2,0.0,1.0,104353.26,0
707,0,1,42.0,2,16893.59,1,1.0,1.0,77502.56,0
526,0,1,36.0,1,0.0,1,1.0,0.0,160696.72,0
729,0,0,34.0,9,132121.7,1,0.0,1.0,105409.31,0
611,0,1,30.0,2,104145.65,1,0.0,0.0,159629.64,0
580,0,1,34.0,6,0.0,2,1.0,1.0,160095.31,0
624,2,1,54.0,3,116726.22,1,1.0,0.0,110498.1,1
601,1,0,41.0,3,0.0,2,1.0,0.0,54342.83,0
850,2,0,47.0,4,99219.47,2,1.0,1.0,122141.13,0
820,1,1,34.0,10,97208.46,1,1.0,1.0,59553.34,0
636,0,0,38.0,1,0.0,1,1.0,0.0,45015.38,0
720,2,0,37.0,8,156282.8,1,1.0,0.0,45985.52,0
726,2,0,51.0,8,107494.86,2,1.0,0.0,140937.9,1
789,2,1,39.0,7,124828.46,2,1.0,1.0,124411.08,0
570,2,0,50.0,5,129293.74,1,1.0,0.0,177805.44,1
642,2,1,22.0,10,111812.52,2,1.0,1.0,183045.45,0
794,1,1,33.0,8,0.0,2,0.0,0.0,91340.02,0
650,0,0,39.0,4,0.0,2,0.0,0.0,186275.7,0
655,2,0,72.0,5,138089.97,2,1.0,1.0,99920.41,0
573,0,0,33.0,0,90124.64,1,1.0,0.0,137476.7,0
487,0,1,45.0,2,0.0,2,1.0,0.0,77475.73,0
619,1,0,38.0,1,0.0,1,1.0,0.0,112442.63,1
613,2,0,30.0,5,131563.88,2,1.0,0.0,170638.98,0
599,2,1,25.0,7,108380.72,1,1.0,1.0,79005.95,0
732,0,0,35.0,3,0.0,2,1.0,0.0,90876.95,0
474,2,0,34.0,9,176311.36,1,1.0,0.0,160213.27,0
527,2,0,41.0,10,136733.23,1,1.0,1.0,57589.29,0
611,2,0,36.0,10,103294.56,1,1.0,0.0,160548.12,0
604,1,1,41.0,3,0.0,1,0.0,0.0,11819.84,0
479,0,1,47.0,1,0.0,1,1.0,0.0,95270.83,0
850,0,1,37.0,4,126872.6,1,1.0,0.0,197266.58,0
480,0,0,40.0,7,0.0,1,1.0,0.0,170332.67,1
770,0,0,37.0,9,0.0,2,0.0,0.0,22710.72,0
671,0,0,42.0,6,0.0,2,1.0,0.0,197202.48,0
600,1,0,50.0,6,94684.27,1,1.0,1.0,50488.91,0
615,1,0,29.0,7,143330.56,2,1.0,1.0,126396.01,0
507,0,1,41.0,3,58820.32,2,1.0,1.0,138536.1,0
698,0,1,36.0,6,0.0,2,0.0,1.0,19231.98,0
557,2,1,57.0,1,120043.13,1,1.0,0.0,132370.75,1
781,0,0,38.0,3,128345.69,2,1.0,0.0,63218.85,0
645,1,1,45.0,4,0.0,1,0.0,1.0,174916.84,1
724,2,0,48.0,6,110463.25,2,1.0,1.0,80552.11,1
798,0,1,36.0,1,0.0,2,1.0,1.0,159044.1,0
457,1,0,38.0,6,0.0,2,1.0,0.0,173219.1,0
661,1,0,41.0,5,28082.95,1,1.0,0.0,69586.27,1
676,0,1,38.0,1,0.0,2,0.0,1.0,35644.79,0
656,0,0,45.0,7,145933.27,1,1.0,1.0,199392.14,0
675,0,1,32.0,1,0.0,3,1.0,0.0,85901.09,0
560,0,1,49.0,4,0.0,1,1.0,1.0,100075.1,1
716,0,0,38.0,1,0.0,2,1.0,1.0,99661.46,0
634,0,0,41.0,8,68213.99,1,1.0,1.0,6382.46,0
785,0,1,28.0,8,0.0,2,1.0,0.0,77231.27,0
546,2,0,25.0,3,132837.7,1,1.0,0.0,131647.31,0
449,1,0,33.0,8,0.0,2,0.0,0.0,156792.89,0
418,0,1,28.0,7,98738.92,1,1.0,0.0,122190.22,0
644,0,1,44.0,5,73348.56,1,1.0,0.0,157166.8,1
721,1,1,43.0,3,88798.34,1,0.0,0.0,45610.63,0
796,1,1,32.0,5,102773.15,2,0.0,1.0,117832.88,0
685,1,0,42.0,2,0.0,2,0.0,0.0,199992.48,0
452,0,1,30.0,7,112935.87,1,1.0,1.0,99017.34,0
697,2,1,51.0,1,147910.3,1,1.0,1.0,53581.14,0
659,0,0,37.0,1,151105.69,1,1.0,1.0,140934.56,0
573,1,1,38.0,4,0.0,2,1.0,1.0,196517.44,0
850,0,1,33.0,0,124781.67,1,0.0,1.0,33700.52,0
704,1,1,37.0,4,0.0,2,0.0,0.0,25684.93,0
716,2,0,39.0,10,115301.31,1,1.0,0.0,43527.4,1
632,1,1,38.0,1,120599.21,1,1.0,0.0,92816.86,0
584,2,0,29.0,7,105204.01,1,0.0,1.0,138490.03,0
786,2,0,32.0,2,104336.43,2,0.0,0.0,59559.81,0
576,2,0,36.0,8,166287.84,1,1.0,1.0,23305.85,0
684,1,1,34.0,9,100628.0,2,1.0,1.0,190263.78,0
672,0,0,45.0,9,0.0,1,1.0,1.0,92027.69,1
584,2,0,30.0,8,112013.81,1,1.0,0.0,177772.03,1
447,0,0,32.0,10,0.0,1,1.0,1.0,151815.77,0
504,1,1,44.0,4,113522.64,1,1.0,1.0,12405.2,0
445,2,0,61.0,2,137655.31,1,0.0,1.0,29909.84,0
778,2,0,35.0,1,151958.19,3,1.0,1.0,131238.38,1
681,2,0,44.0,4,91115.76,2,0.0,0.0,24208.84,1
792,0,1,30.0,8,0.0,2,1.0,0.0,199644.2,0
723,0,0,49.0,4,0.0,2,0.0,1.0,89972.25,0
549,1,0,39.0,7,0.0,1,0.0,0.0,81259.25,1
847,0,1,66.0,7,123760.68,1,0.0,1.0,53157.16,0
596,1,1,29.0,2,0.0,2,1.0,1.0,1591.19,0
850,1,0,39.0,10,0.0,2,1.0,1.0,143030.1,0
617,1,1,34.0,9,0.0,2,1.0,0.0,118749.58,0
669,0,1,46.0,3,0.0,2,0.0,1.0,8487.75,0
647,1,0,29.0,2,0.0,2,1.0,0.0,179032.69,0
766,2,1,37.0,2,99660.13,2,0.0,1.0,147700.78,0
767,1,1,31.0,6,0.0,2,1.0,1.0,195668.0,0
485,1,1,32.0,6,102238.01,2,1.0,1.0,194010.12,0
544,2,1,39.0,4,142406.44,2,1.0,0.0,146637.45,0
659,0,1,54.0,8,133436.52,1,1.0,0.0,56787.8,0
651,2,1,29.0,3,121890.06,1,1.0,0.0,54530.51,1
563,1,1,61.0,1,82182.1,1,1.0,0.0,106826.92,1
644,0,1,33.0,8,0.0,2,1.0,1.0,155294.17,0
798,0,1,32.0,7,0.0,2,0.0,1.0,37731.95,0
736,2,0,26.0,0,84587.9,1,0.0,1.0,188037.77,0
595,1,0,43.0,5,0.0,2,0.0,0.0,105149.8,0
515,0,1,40.0,0,109542.29,1,1.0,1.0,166370.81,0
456,0,0,63.0,1,165350.61,2,0.0,0.0,140758.06,1
655,2,0,32.0,6,130935.56,1,1.0,0.0,9241.83,1
606,0,1,35.0,2,132164.27,1,0.0,1.0,164815.6,0
682,0,0,35.0,2,181166.44,1,1.0,1.0,63737.19,1
744,0,1,54.0,6,93806.31,2,0.0,1.0,140068.77,0
598,0,0,40.0,2,171178.25,1,1.0,0.0,137980.58,1
658,0,1,29.0,4,80262.6,1,1.0,1.0,20612.82,0
801,0,1,43.0,4,158713.08,2,0.0,0.0,98586.14,0
682,2,0,43.0,7,111094.05,2,1.0,1.0,64679.3,0
677,0,0,56.0,0,119963.45,1,0.0,0.0,158325.88,1
615,1,0,41.0,9,109013.23,1,1.0,0.0,196499.95,0
630,2,0,25.0,7,79656.81,1,1.0,0.0,93524.22,0
732,2,0,42.0,2,118889.66,2,0.0,0.0,87422.15,0
606,2,1,40.0,9,95293.86,2,0.0,1.0,96985.58,0
497,1,1,44.0,2,121250.04,1,0.0,1.0,79691.4,0
620,0,0,29.0,3,0.0,2,0.0,1.0,153392.28,0
617,0,1,30.0,3,132005.77,1,1.0,0.0,142940.39,0
678,0,1,60.0,8,185648.56,1,0.0,0.0,192156.55,1
641,0,1,33.0,2,146193.6,2,1.0,1.0,55796.83,1
847,2,0,35.0,5,111743.43,1,1.0,1.0,183584.14,0
487,0,1,37.0,2,0.0,2,1.0,1.0,126722.57,0
634,0,1,34.0,3,145030.92,1,1.0,1.0,41820.65,0
726,2,1,30.0,7,92847.59,1,1.0,0.0,146154.06,0
743,0,1,71.0,0,0.0,2,0.0,1.0,29837.65,0
710,2,0,46.0,10,120530.34,1,1.0,0.0,166586.98,1
608,1,1,37.0,2,130461.02,1,1.0,0.0,21967.15,0
529,1,0,44.0,1,0.0,2,0.0,0.0,14161.3,0
564,2,0,33.0,2,115761.51,1,0.0,1.0,112350.21,1
737,2,1,31.0,5,121192.22,2,1.0,1.0,74890.58,0
719,0,1,49.0,5,105918.1,1,1.0,1.0,16246.59,0
496,0,1,31.0,5,0.0,2,1.0,0.0,93713.13,0
528,0,1,34.0,1,125566.9,1,1.0,1.0,176763.27,0
753,0,1,48.0,4,0.0,2,0.0,1.0,146821.42,0
710,1,0,30.0,10,0.0,2,1.0,0.0,19500.1,0
739,2,0,25.0,5,113113.12,1,1.0,0.0,129181.27,0
492,0,1,39.0,7,0.0,2,0.0,1.0,71323.23,0
611,1,0,28.0,3,96381.68,2,1.0,0.0,181419.3,0
663,1,0,33.0,8,96769.04,1,1.0,1.0,36864.05,0
727,0,1,61.0,0,128213.96,2,1.0,1.0,188729.08,1
828,2,0,25.0,7,144351.86,1,1.0,0.0,116613.26,0
614,2,0,35.0,6,128100.28,1,0.0,0.0,69454.24,1
580,1,1,67.0,3,153946.14,1,1.0,1.0,7418.92,0
700,0,0,30.0,9,0.0,1,1.0,1.0,174971.64,0
697,1,1,62.0,7,0.0,1,1.0,0.0,129188.18,1
800,0,1,60.0,6,88541.57,2,1.0,1.0,131718.12,0
529,0,1,22.0,5,0.0,1,1.0,0.0,151169.83,0
534,1,1,35.0,4,0.0,2,0.0,0.0,9541.15,0
577,1,1,43.0,3,0.0,2,1.0,1.0,135008.92,0
773,2,0,36.0,4,105858.71,1,0.0,1.0,4395.45,0
653,2,1,41.0,1,104584.11,1,1.0,0.0,15126.32,1
497,0,1,34.0,2,0.0,2,1.0,1.0,83087.13,0
476,0,0,34.0,10,0.0,2,1.0,0.0,26260.98,0
505,0,1,26.0,8,112972.57,1,1.0,0.0,145011.62,0
624,0,1,44.0,3,0.0,2,1.0,0.0,88407.51,0
642,2,0,39.0,8,128264.03,1,1.0,0.0,61792.76,1
595,2,0,44.0,4,96553.52,2,1.0,0.0,143952.23,1
484,1,1,36.0,8,0.0,2,1.0,0.0,186136.48,0
591,2,0,34.0,4,150635.3,1,1.0,1.0,72274.84,0
799,0,0,52.0,4,161209.66,1,1.0,1.0,89081.41,0
617,0,1,25.0,1,102585.88,2,1.0,1.0,115387.4,0
714,2,1,42.0,2,177640.1,1,0.0,1.0,47166.55,0
512,0,0,37.0,1,0.0,2,0.0,1.0,156105.03,0
714,0,1,63.0,4,138082.16,1,0.0,1.0,166677.55,0
671,1,0,34.0,10,0.0,1,1.0,0.0,23235.38,0
637,2,1,30.0,6,122641.56,2,1.0,0.0,65618.01,0
845,2,0,43.0,3,152063.6,2,1.0,0.0,97910.06,0
743,0,0,39.0,8,0.0,1,1.0,0.0,94263.44,0
499,0,1,60.0,7,76961.6,2,1.0,1.0,83643.87,0
694,0,1,60.0,9,0.0,1,1.0,1.0,57088.97,0
431,0,1,37.0,0,120764.08,1,1.0,1.0,117023.08,0
505,2,1,43.0,5,136855.94,2,1.0,0.0,171070.52,0
585,1,1,45.0,0,0.0,2,0.0,0.0,189683.7,0
663,0,0,37.0,7,0.0,1,1.0,1.0,185210.62,0
682,0,0,64.0,10,128306.7,1,0.0,1.0,66040.83,0
492,2,1,39.0,10,124576.65,2,1.0,0.0,148584.61,0
628,0,0,46.0,1,46870.43,4,1.0,0.0,31272.14,1
695,0,1,36.0,6,114007.5,2,1.0,0.0,118120.88,0
540,2,0,42.0,9,87271.41,2,1.0,0.0,172572.64,0
654,1,1,34.0,5,0.0,2,1.0,0.0,159311.45,0
487,0,1,24.0,7,133628.1,2,1.0,1.0,98570.01,0
629,1,1,35.0,4,174588.8,2,0.0,1.0,158420.14,0
706,2,1,34.0,0,140641.27,2,1.0,1.0,77271.91,0
542,1,0,26.0,2,0.0,2,1.0,1.0,54869.54,0
686,0,0,44.0,7,55053.62,1,1.0,0.0,181757.19,0
753,0,1,57.0,7,0.0,1,1.0,0.0,159475.08,1
646,0,1,35.0,6,84026.86,1,0.0,1.0,164255.69,0
623,1,0,43.0,4,123536.52,2,0.0,0.0,154908.52,0
645,1,0,37.0,7,0.0,2,1.0,0.0,13589.93,0
662,0,1,31.0,3,0.0,2,0.0,1.0,27731.05,0
648,1,1,35.0,7,0.0,2,1.0,1.0,78436.36,0
695,0,1,45.0,3,0.0,2,1.0,1.0,30793.61,0
672,0,1,34.0,6,0.0,1,0.0,0.0,22736.06,0
832,1,0,34.0,6,138190.12,2,0.0,1.0,146511.2,0
740,2,0,57.0,3,113386.36,2,1.0,1.0,65121.63,1
619,1,0,45.0,0,0.0,2,0.0,0.0,113645.4,0
594,0,1,23.0,5,156267.6,1,1.0,0.0,160968.44,0
599,0,1,44.0,10,118577.24,1,1.0,1.0,31448.52,0
641,0,1,57.0,5,0.0,2,1.0,1.0,122449.18,0
555,1,1,50.0,7,128061.0,2,1.0,1.0,62375.1,0
590,2,0,40.0,2,117641.43,2,0.0,0.0,92198.05,0
605,0,0,64.0,2,129555.7,1,1.0,1.0,13601.79,0
733,2,0,33.0,7,187257.94,1,0.0,1.0,190430.81,0
805,2,0,26.0,8,42712.87,2,1.0,1.0,28861.69,0
565,2,0,38.0,7,145400.69,2,1.0,1.0,83844.79,0
445,0,1,25.0,6,0.0,2,1.0,0.0,119425.94,0
582,0,0,39.0,1,132077.48,2,1.0,0.0,192255.16,0
599,0,1,25.0,6,120383.41,1,1.0,1.0,24903.09,0
543,0,1,43.0,9,0.0,2,1.0,1.0,78858.07,0
678,2,0,44.0,2,98009.13,2,0.0,1.0,31384.86,0
443,1,1,36.0,6,70438.01,2,0.0,1.0,56937.43,0
705,2,1,42.0,8,166685.92,2,1.0,1.0,55313.51,0
693,0,0,38.0,3,0.0,2,0.0,0.0,78133.48,1
672,0,1,43.0,5,0.0,1,0.0,0.0,63833.09,0
653,0,0,46.0,5,0.0,2,1.0,0.0,49707.85,0
824,2,1,60.0,8,134250.17,3,0.0,0.0,153046.16,1
543,0,0,34.0,8,0.0,2,0.0,1.0,145601.8,0
704,1,1,38.0,6,106687.76,1,1.0,0.0,173776.5,0
640,0,0,31.0,9,138857.6,1,1.0,0.0,48640.77,0
553,1,0,48.0,3,0.0,1,0.0,1.0,30730.95,1
535,0,0,44.0,2,114427.86,1,1.0,1.0,136330.27,0
682,0,0,27.0,1,97893.2,1,1.0,0.0,166144.98,0
782,2,1,42.0,7,126428.38,1,1.0,0.0,39830.1,0
682,0,1,69.0,6,0.0,2,0.0,1.0,149604.19,0
683,0,1,30.0,4,66190.33,1,1.0,1.0,115186.97,0
564,2,0,62.0,5,114931.35,3,0.0,1.0,18260.98,1
404,2,0,54.0,4,125456.07,1,1.0,0.0,83715.66,1
603,0,1,43.0,5,127823.93,1,1.0,1.0,19483.35,0
583,2,1,39.0,8,102945.01,1,0.0,0.0,52861.89,0
780,0,0,37.0,3,0.0,2,0.0,0.0,182156.81,1
597,2,0,43.0,7,119127.46,2,1.0,0.0,55809.92,0
723,2,1,52.0,5,131694.97,1,0.0,1.0,92873.5,1
711,0,0,38.0,2,129022.06,2,1.0,1.0,14374.86,1
534,0,0,42.0,9,144801.97,1,0.0,1.0,12483.39,1
652,2,0,37.0,9,145219.3,1,1.0,0.0,159132.83,0
523,2,0,39.0,1,143903.11,1,1.0,1.0,118711.75,1
803,2,1,41.0,9,137742.9,2,1.0,1.0,166957.81,0
714,0,1,34.0,10,0.0,2,1.0,1.0,80234.14,0
479,1,1,27.0,2,172463.45,1,1.0,1.0,40315.27,0
850,1,1,33.0,3,100476.46,2,1.0,1.0,136539.12,0
850,0,1,40.0,9,0.0,2,0.0,1.0,119232.33,0
850,1,0,45.0,2,122311.21,1,1.0,1.0,19482.5,0
568,0,1,28.0,5,145105.64,2,1.0,0.0,185489.11,0
432,2,1,38.0,2,135559.8,2,1.0,1.0,71856.3,0
657,2,1,40.0,7,99165.84,1,0.0,1.0,119333.95,1
550,1,1,39.0,2,116120.19,2,1.0,1.0,195638.12,0
609,0,0,35.0,2,147900.44,1,1.0,0.0,140000.3,0
619,0,0,48.0,4,0.0,1,0.0,0.0,18094.96,1
557,2,1,68.0,2,100194.44,1,1.0,1.0,38596.34,0
795,0,0,40.0,2,101891.1,1,1.0,1.0,183044.86,0
569,2,1,35.0,2,109196.66,3,1.0,0.0,109393.19,1
802,1,1,38.0,7,0.0,2,0.0,1.0,57764.65,0
739,0,0,37.0,8,0.0,2,1.0,0.0,191557.1,1
662,0,0,38.0,2,96479.81,1,1.0,0.0,120259.41,0
700,0,0,27.0,6,137963.06,1,0.0,0.0,8996.79,0
633,0,1,61.0,3,157201.48,1,0.0,1.0,50368.63,0
709,0,1,38.0,5,0.0,2,1.0,1.0,81452.29,0
516,0,1,46.0,2,0.0,2,1.0,1.0,169122.55,0
727,2,1,58.0,5,106913.43,1,1.0,0.0,25881.0,1
688,1,0,24.0,3,0.0,2,1.0,1.0,102195.16,0
523,1,0,24.0,5,172231.94,1,0.0,1.0,155144.12,0
475,0,0,45.0,0,134264.05,1,1.0,0.0,27822.99,1
661,0,0,31.0,3,133964.3,1,1.0,1.0,166187.1,0
740,1,1,43.0,9,0.0,1,1.0,0.0,199290.69,1
778,0,1,24.0,4,0.0,2,1.0,1.0,162809.2,0
590,2,1,36.0,6,92340.69,2,1.0,1.0,174667.58,0
592,0,1,54.0,8,0.0,1,1.0,1.0,28737.71,1
466,2,0,56.0,2,111920.13,3,1.0,0.0,197634.11,1
577,0,0,32.0,1,0.0,2,1.0,0.0,9902.39,0
421,0,1,34.0,2,0.0,2,1.0,1.0,96615.23,0
538,1,1,68.0,9,0.0,2,1.0,0.0,110440.5,1
693,0,1,37.0,1,0.0,2,1.0,1.0,82867.55,0
719,1,1,35.0,1,100829.94,1,1.0,1.0,165008.97,0
643,0,1,33.0,4,0.0,2,1.0,1.0,152992.05,0
651,1,1,23.0,4,115636.05,2,1.0,0.0,70400.86,0
793,2,0,34.0,5,127758.09,1,1.0,0.0,143357.03,0
616,2,1,41.0,10,113220.2,2,1.0,1.0,114072.91,0
685,0,0,33.0,6,0.0,2,0.0,1.0,186785.02,0
735,0,1,73.0,9,0.0,1,1.0,1.0,114283.33,0
589,0,0,37.0,6,138497.84,1,0.0,1.0,18988.58,0
752,2,0,42.0,3,65046.08,2,0.0,1.0,140139.28,0
637,1,1,37.0,8,0.0,1,1.0,1.0,186062.36,0
654,0,1,55.0,3,87485.67,1,1.0,1.0,3299.01,0
739,1,0,27.0,8,98926.4,1,1.0,1.0,106969.98,0
786,0,1,32.0,2,120452.4,2,0.0,0.0,79602.86,0
677,0,1,37.0,3,88363.03,1,0.0,1.0,117946.3,0
699,1,1,31.0,6,114493.68,1,0.0,0.0,138396.31,0
777,0,1,29.0,2,0.0,2,1.0,0.0,124489.88,0
571,0,0,35.0,1,104783.81,2,0.0,1.0,178512.52,0
548,0,0,36.0,3,0.0,1,1.0,0.0,65996.9,0
616,0,1,31.0,1,0.0,2,1.0,1.0,54706.75,0
693,2,1,40.0,0,120711.73,1,0.0,0.0,27345.18,1
568,1,0,46.0,3,0.0,2,1.0,1.0,29372.62,0
670,1,0,20.0,4,0.0,2,1.0,0.0,119759.24,0
806,2,1,34.0,2,96152.68,2,1.0,0.0,143711.02,0
775,1,1,48.0,4,178144.9,2,0.0,0.0,50168.41,1
682,0,0,30.0,9,0.0,2,1.0,1.0,195104.9,0
628,0,0,37.0,9,0.0,2,1.0,1.0,34689.77,0
627,2,1,30.0,3,128770.88,2,1.0,1.0,40199.01,0
658,0,0,35.0,5,126397.66,1,0.0,0.0,156361.58,1
535,0,0,31.0,7,111855.04,2,1.0,1.0,36278.89,0
623,0,1,43.0,1,0.0,2,1.0,1.0,146379.3,0
838,1,1,43.0,9,123105.88,2,1.0,0.0,145765.83,0
547,2,1,49.0,8,121537.71,2,1.0,0.0,46521.45,1
611,2,1,31.0,0,107884.81,2,1.0,1.0,183487.98,0
540,2,1,44.0,3,164113.05,2,1.0,1.0,12120.79,0
747,2,1,58.0,7,116313.57,1,1.0,1.0,190696.34,1
606,2,0,27.0,6,172310.33,1,0.0,1.0,111448.92,0
656,0,1,18.0,10,151762.73,1,0.0,1.0,127014.32,0
537,0,0,38.0,10,0.0,1,0.0,0.0,52337.97,1
598,2,0,27.0,10,171283.9,1,1.0,1.0,84136.12,0
631,0,1,35.0,8,129205.49,1,1.0,1.0,79146.36,0
588,0,1,30.0,3,115007.08,1,0.0,0.0,176858.5,0
709,1,1,35.0,2,0.0,2,1.0,0.0,104982.39,0
703,2,0,29.0,3,122084.63,1,0.0,1.0,82824.08,0
671,0,1,27.0,5,0.0,2,0.0,0.0,120893.07,0
734,0,0,40.0,9,176914.8,1,1.0,1.0,12799.23,0
791,2,0,35.0,7,52436.2,1,1.0,0.0,161051.75,0
694,0,1,39.0,5,77652.4,1,1.0,1.0,25407.59,0
569,1,1,43.0,8,161546.69,2,0.0,1.0,178187.28,0
807,1,1,42.0,5,0.0,2,1.0,1.0,74900.9,0
710,0,1,45.0,1,0.0,2,1.0,1.0,36154.66,0
544,0,1,44.0,1,0.0,2,0.0,0.0,69244.24,0
730,1,1,26.0,3,0.0,1,1.0,0.0,34542.41,0
600,0,1,29.0,8,0.0,2,0.0,1.0,34747.43,0
694,0,0,38.0,5,195926.39,1,1.0,1.0,85522.84,0
619,0,0,38.0,3,0.0,2,0.0,1.0,116467.35,0
672,0,1,34.0,9,0.0,2,1.0,0.0,161800.77,0
592,0,1,60.0,9,0.0,4,1.0,1.0,13614.01,1
801,0,1,38.0,5,0.0,2,1.0,0.0,66256.27,0
761,1,0,32.0,4,103515.39,2,1.0,1.0,177622.38,0
468,2,1,29.0,1,111681.98,2,1.0,1.0,195711.16,0
712,2,0,40.0,3,109308.79,2,1.0,0.0,120158.72,1
682,1,0,50.0,10,128039.01,1,1.0,1.0,102260.16,0
749,0,0,33.0,1,74385.98,1,1.0,0.0,20164.47,0
461,1,0,35.0,8,0.0,1,1.0,0.0,132295.95,0
562,2,0,31.0,9,117153.0,1,1.0,1.0,108675.01,0
519,2,1,38.0,1,114141.64,1,1.0,1.0,60988.21,1
678,0,0,26.0,1,0.0,2,1.0,0.0,45443.68,0
750,0,1,38.0,5,151532.4,1,1.0,1.0,46555.15,0
500,1,1,37.0,9,125822.21,1,1.0,0.0,111698.0,0
673,0,0,40.0,5,137494.28,1,1.0,0.0,81753.92,0
843,0,0,27.0,5,0.0,2,1.0,1.0,67494.23,0
552,0,1,36.0,8,0.0,2,0.0,0.0,132547.02,0
523,1,0,36.0,8,113680.54,1,0.0,0.0,13197.44,0
602,0,0,56.0,3,115895.22,3,1.0,0.0,4176.17,1
608,2,0,30.0,2,91057.37,2,1.0,0.0,132973.17,0
529,0,1,43.0,6,93616.35,2,0.0,0.0,98348.66,0
587,0,0,46.0,6,88820.29,1,0.0,0.0,70224.34,0
700,1,0,46.0,5,56580.95,2,0.0,1.0,45424.13,0
678,0,1,41.0,2,148088.11,1,1.0,0.0,14083.12,0
573,1,1,33.0,1,160777.9,1,1.0,1.0,149536.16,0
779,0,1,32.0,10,80728.15,1,1.0,0.0,86306.75,0
734,0,1,37.0,3,80387.81,1,0.0,1.0,77272.62,0
554,0,0,48.0,7,0.0,2,1.0,1.0,63708.07,0
652,1,0,42.0,3,83492.07,2,1.0,0.0,37914.12,0
652,0,0,32.0,2,0.0,2,1.0,0.0,54628.11,0
680,0,1,37.0,4,0.0,2,1.0,0.0,61240.87,0
696,1,1,60.0,8,88786.81,1,1.0,1.0,196858.4,0
732,1,0,67.0,1,0.0,2,1.0,1.0,177783.05,0
567,0,0,41.0,9,137891.34,1,1.0,0.0,142009.45,1
605,0,0,51.0,3,136188.78,1,1.0,1.0,67110.59,1
600,0,0,32.0,1,78535.25,1,1.0,0.0,64349.6,0
535,0,0,38.0,0,135919.33,1,1.0,0.0,80425.65,0
654,0,0,28.0,7,0.0,2,1.0,0.0,151316.38,0
721,1,1,38.0,7,0.0,1,0.0,1.0,53534.8,0
555,0,1,40.0,10,43028.77,1,1.0,0.0,170514.2,0
618,2,0,29.0,10,100315.1,2,1.0,1.0,32526.64,0
698,1,0,39.0,9,161993.89,1,0.0,0.0,90212.38,0
729,0,1,39.0,4,121404.64,1,1.0,1.0,159618.17,0
730,2,1,45.0,6,152880.97,1,0.0,0.0,162478.11,0
747,0,1,29.0,7,0.0,2,1.0,1.0,141706.44,0
663,2,1,42.0,5,90248.79,1,1.0,1.0,79169.73,0
518,0,0,27.0,1,133801.48,1,1.0,1.0,143315.56,0
503,0,1,42.0,8,104430.08,1,1.0,1.0,147557.7,0
579,0,1,38.0,8,0.0,2,0.0,0.0,91763.67,0
634,1,1,34.0,1,0.0,2,1.0,0.0,61995.57,0
688,1,0,46.0,8,155681.72,1,1.0,0.0,26287.21,0
607,1,0,33.0,2,108431.87,2,0.0,1.0,109291.39,1
777,0,0,29.0,9,131240.61,1,1.0,1.0,163746.1,1
512,1,0,35.0,5,124580.69,1,1.0,1.0,18785.48,0
606,0,1,34.0,5,0.0,1,1.0,0.0,161971.42,0
686,2,1,43.0,2,134896.03,1,1.0,1.0,97847.05,0
641,0,1,65.0,6,38340.02,1,1.0,0.0,32607.77,1
734,2,0,52.0,6,71283.09,2,0.0,1.0,38984.37,0
633,0,0,34.0,3,123034.43,2,1.0,1.0,38315.04,0
597,0,0,60.0,0,131778.08,1,0.0,0.0,10703.53,1
573,1,1,28.0,8,0.0,2,0.0,0.0,77660.03,0
697,2,1,43.0,8,103409.16,1,1.0,0.0,66893.28,1
547,2,1,25.0,4,98141.57,2,1.0,1.0,52309.8,0
596,0,1,33.0,8,0.0,1,1.0,0.0,121189.3,1
632,2,1,23.0,3,122478.51,1,1.0,0.0,147230.77,1
582,0,0,29.0,0,0.0,1,1.0,1.0,84012.81,0
696,0,0,31.0,8,0.0,2,0.0,0.0,191074.11,0
556,1,1,38.0,8,0.0,2,0.0,0.0,417.41,1
646,0,0,42.0,3,175159.9,2,0.0,0.0,67124.48,1
653,1,1,35.0,9,0.0,2,1.0,1.0,45956.05,0
677,1,0,35.0,0,0.0,2,0.0,0.0,76637.38,0
801,1,1,42.0,4,141947.67,1,1.0,1.0,10598.29,0
621,0,1,27.0,4,137003.69,1,1.0,0.0,21254.06,0
584,0,1,28.0,10,0.0,2,1.0,0.0,19834.32,0
638,1,1,30.0,9,136808.53,2,1.0,1.0,106642.97,0
683,2,0,49.0,7,108797.63,2,0.0,0.0,140763.19,0
736,2,0,36.0,8,103914.17,1,1.0,1.0,110035.88,1
695,1,0,34.0,9,0.0,2,1.0,1.0,67502.12,0
644,0,1,33.0,2,0.0,1,1.0,0.0,96420.58,0
823,0,1,37.0,5,164858.19,1,1.0,1.0,173516.7,0
622,1,1,36.0,9,0.0,2,1.0,1.0,104852.6,0
776,1,1,35.0,8,106365.29,1,1.0,1.0,148527.56,0
646,2,0,57.0,6,90212.0,1,1.0,0.0,13911.27,1
623,1,1,44.0,1,83325.77,1,0.0,1.0,80828.78,0
594,0,1,35.0,2,0.0,2,1.0,0.0,103480.69,0
698,0,0,51.0,6,144237.9,4,1.0,0.0,157143.61,1
834,0,1,23.0,4,131254.81,1,1.0,0.0,20199.3,0
633,0,1,29.0,7,0.0,1,1.0,1.0,130224.73,0
707,0,0,42.0,10,0.0,2,1.0,1.0,152944.39,0
609,0,1,41.0,6,0.0,1,0.0,1.0,112585.19,0
647,1,1,33.0,7,121260.19,2,1.0,0.0,77216.48,0
697,0,0,76.0,7,0.0,2,0.0,1.0,188772.45,0
850,0,1,46.0,9,117640.39,1,1.0,0.0,88920.68,0
801,1,1,58.0,1,79954.61,2,1.0,1.0,30484.19,0
587,2,0,49.0,7,155393.98,2,1.0,0.0,13308.2,1
680,0,1,23.0,5,140007.19,1,0.0,1.0,31714.08,0
560,1,0,28.0,1,0.0,2,1.0,1.0,120880.72,0
716,0,0,29.0,6,0.0,2,1.0,1.0,98998.61,0
614,2,0,37.0,6,96340.81,2,1.0,1.0,139377.23,1
565,0,0,40.0,2,0.0,2,1.0,1.0,129956.13,0
646,2,1,39.0,9,111574.41,1,1.0,1.0,30838.51,0
670,2,0,32.0,4,102954.68,2,0.0,1.0,134942.45,0
850,2,0,38.0,2,102741.15,2,0.0,1.0,23974.85,0
608,2,1,23.0,8,197715.94,2,1.0,1.0,116124.28,0
758,0,0,42.0,7,0.0,2,0.0,1.0,76209.56,0
652,0,0,80.0,4,0.0,2,1.0,1.0,188603.06,0
672,0,0,34.0,8,0.0,2,1.0,1.0,16245.25,0
706,2,0,47.0,10,144090.42,1,1.0,0.0,140938.95,1
539,2,0,38.0,8,82407.51,1,1.0,0.0,13123.41,0
758,2,1,41.0,10,79857.64,1,1.0,1.0,78088.17,0
606,0,1,47.0,3,93578.68,2,0.0,1.0,137720.56,1
830,2,0,40.0,8,77701.64,1,0.0,1.0,19512.38,0
731,1,0,26.0,3,0.0,2,1.0,0.0,37697.29,0
625,1,0,31.0,8,0.0,2,1.0,0.0,151843.55,0
448,1,1,25.0,2,0.0,2,0.0,0.0,95215.73,0
579,1,1,37.0,4,0.0,2,1.0,1.0,32246.63,0
823,0,0,44.0,1,0.0,2,0.0,1.0,182495.7,0
722,2,0,32.0,5,106807.64,1,1.0,1.0,76998.69,0
619,0,0,30.0,7,70729.17,1,1.0,1.0,160948.88,0
532,0,1,36.0,4,0.0,2,1.0,1.0,132798.78,0
596,2,1,48.0,2,131326.47,1,0.0,0.0,1140.02,1
711,0,0,81.0,6,0.0,2,1.0,1.0,72276.24,0
806,1,0,37.0,2,137794.19,2,0.0,1.0,75232.02,0
850,1,1,30.0,2,141040.02,1,1.0,1.0,5978.2,0
842,1,0,44.0,2,112652.08,2,1.0,0.0,126644.98,0
470,1,1,31.0,4,55732.92,2,1.0,1.0,103792.53,0
718,0,0,67.0,7,0.0,3,1.0,1.0,82782.08,0
622,0,1,38.0,5,0.0,2,0.0,0.0,105295.77,0
659,1,1,60.0,2,0.0,1,1.0,0.0,177480.45,1
738,2,0,29.0,9,139106.19,1,1.0,0.0,141872.05,1
624,2,0,27.0,7,104848.68,1,1.0,1.0,167387.36,0
698,0,0,39.0,4,0.0,2,0.0,1.0,47455.82,0
438,1,0,54.0,2,0.0,1,0.0,0.0,191763.06,1
812,0,1,24.0,10,0.0,2,1.0,1.0,156906.16,0
629,1,0,30.0,2,34013.63,1,1.0,0.0,19570.63,0
546,0,0,52.0,2,0.0,1,1.0,0.0,137332.38,1
527,0,1,32.0,0,0.0,1,1.0,0.0,109523.88,0
850,0,0,27.0,7,43658.33,2,1.0,1.0,3025.49,0
667,1,0,34.0,5,0.0,2,1.0,0.0,163830.64,0
659,1,1,31.0,7,149620.88,2,1.0,1.0,104533.51,0
408,0,1,40.0,3,0.0,2,0.0,0.0,124874.23,0
505,2,1,29.0,3,145541.56,2,1.0,1.0,58019.95,0
580,2,0,36.0,3,74974.89,1,1.0,1.0,12099.67,0
710,0,1,33.0,10,118327.17,2,1.0,1.0,192928.81,0
373,0,1,42.0,7,0.0,1,1.0,0.0,77786.37,1
596,1,0,30.0,1,0.0,2,1.0,0.0,8125.39,0
688,0,0,54.0,9,0.0,1,1.0,0.0,191212.62,1
722,1,0,32.0,4,0.0,2,1.0,1.0,113666.48,0
649,0,0,42.0,7,0.0,2,0.0,1.0,22974.01,0
679,0,1,41.0,8,147726.98,3,1.0,0.0,172749.4,1
593,2,0,38.0,4,129499.42,1,1.0,1.0,154071.27,0
669,0,1,26.0,4,0.0,2,1.0,1.0,197594.34,0
684,0,0,43.0,7,0.0,2,1.0,0.0,131093.98,0
707,1,1,32.0,9,0.0,2,1.0,0.0,126475.79,0
668,0,0,31.0,9,0.0,2,0.0,0.0,41291.73,0
850,0,1,33.0,7,140956.98,1,0.0,0.0,3510.18,0
652,1,1,41.0,8,115144.68,1,1.0,0.0,188905.44,0
680,2,1,30.0,4,108300.27,2,0.0,1.0,44384.57,1
447,0,1,43.0,2,0.0,2,1.0,0.0,33879.26,1
656,2,0,46.0,7,141535.52,1,1.0,0.0,50595.15,1
797,0,0,55.0,10,0.0,4,1.0,1.0,49418.87,1
619,2,1,57.0,3,137946.39,1,1.0,1.0,72467.99,1
711,0,1,52.0,5,0.0,1,1.0,1.0,159808.95,0
640,1,1,34.0,1,137523.02,1,0.0,0.0,24761.36,0
639,0,1,66.0,0,0.0,2,0.0,1.0,42240.54,0
697,0,0,42.0,1,0.0,1,1.0,0.0,1262.83,1
624,2,0,35.0,0,180303.23,2,1.0,0.0,163587.9,0
712,1,1,74.0,5,0.0,2,0.0,0.0,151425.81,0
667,0,0,37.0,9,71786.9,2,1.0,1.0,67734.79,0
687,1,1,35.0,8,100988.39,2,1.0,0.0,22247.27,0
802,1,1,51.0,7,0.0,1,0.0,1.0,40855.79,0
